ggis_rowid,ggis_country_status,ggis_global_slug_coverage,ggis_peer_deviation,ggis_lag_affected
1,nascent,0.1461038961038961,0.03165584415584416,false
2,nascent,0.15097402597402598,0.03165584415584416,false
3,nascent,0.15584415584415584,0.026437847866419284,false
4,nascent,0.15584415584415584,0.02087198515769942,false
5,nascent,0.17694805194805194,0.006957328385899825,false
6,strong,0.17694805194805194,0.008580705009276435,false
7,strong,0.17694805194805194,0.006261595547309817,false
8,reporting,0.17694805194805194,-0.00046382189239332905,false
9,reporting,0.17694805194805194,-0.002087198515769967,false
10,reporting,0.17694805194805194,-0.009508348794063093,false
11,reporting,0.17694805194805194,-0.009972170686456422,false
12,reporting,0.17694805194805194,-0.009972170686456422,false
13,reporting,0.17694805194805194,-0.010204081632653073,false
14,reporting,0.17694805194805194,-0.01461038961038963,false
15,reporting,0.21428571428571427,-0.05542671614100189,false
16,reporting,0.23863636363636365,-0.05426716141001853,false
17,reporting,0.25162337662337664,-0.053803339517625226,false
18,reporting,0.25162337662337664,-0.05264378478664189,false
19,reporting,0.2564935064935065,-0.04870129870129869,false
20,reporting,0.3003246753246753,-0.012291280148423012,false
21,strong,0.3198051948051948,0.009943181818181823,false
22,strong,0.32142857142857145,0.0087256493506494,false
23,strong,0.3474025974025974,0.012987012987012991,false
24,strong,0.32142857142857145,0.01014610389610393,false
25,reporting,0.375,-0.009334415584415612,false
26,reporting,0.37337662337662336,-0.0007215007215007341,false
27,reporting,0.3847402597402597,-0.022727272727272763,false
28,reporting,0.35714285714285715,-0.05447330447330445,false
29,reporting,0.3246753246753247,-0.08441558441558444,false
30,reporting,0.3246753246753247,-0.09794372294372294,false
31,reporting,0.3246753246753247,-0.08567821067821069,false
32,reporting,0.35064935064935066,-0.06186868686868685,false
33,reporting,0.3814935064935065,-0.0505050505050505,false
34,reporting,0.3555194805194805,-0.0631313131313132,false
35,reporting,0.3685064935064935,-0.0753968253968254,false
36,reporting,0.3912337662337662,-0.06168831168831174,false
37,reporting,0.37987012987012986,-0.0661976911976912,false
38,reporting,0.387987012987013,-0.06403318903318905,false
39,reporting,0.387987012987013,-0.0658369408369408,false
40,reporting,0.3912337662337662,-0.07990620490620498,false
41,reporting,0.38961038961038963,-0.07052669552669555,false
42,reporting,0.3912337662337662,-0.07251082251082253,false
43,reporting,0.44642857142857145,-0.04473304473304468,false
44,reporting,0.4237012987012987,-0.04473304473304485,false
45,reporting,0.45616883116883117,-0.07792207792207789,false
46,reporting,0.5081168831168831,-0.0683621933621934,false
47,reporting,0.5048701298701299,-0.08243145743145741,false
48,reporting,0.5032467532467533,-0.10064935064935066,false
49,reporting,0.5227272727272727,-0.08658008658008665,false
50,reporting,0.551948051948052,-0.10425685425685427,false
51,reporting,0.6022727272727273,-0.07431457431457422,false
52,reporting,0.525974025974026,-0.12139249639249639,false
53,reporting,0.5681818181818182,-0.13690476190476186,false
54,reporting,0.525974025974026,-0.12770562770562754,false
55,reporting,0.6103896103896104,-0.12590187590187585,false
56,reporting,0.5438311688311688,-0.14123376623376627,false
57,reporting,0.6201298701298701,-0.10984848484848497,false
58,reporting,0.6672077922077922,-0.09343434343434343,false
59,reporting,0.6737012987012987,-0.06800144300144306,false
60,reporting,0.7337662337662337,-0.025974025974026094,false
61,reporting,0.7321428571428571,-0.022907647907647877,false
62,reporting,0.7321428571428571,-0.03409090909090906,false
63,reporting,0.7564935064935064,-0.030122655122655217,false
64,reporting,0.7321428571428571,-0.037878787878787956,false
65,reporting,0.7386363636363636,-0.03679653679653694,false
66,reporting,0.7288961038961039,-0.036976911976911886,false
67,reporting,0.7337662337662337,-0.05501443001443007,false
68,reporting,0.7191558441558441,-0.02759740259740262,false
69,reporting,0.75,-0.01280663780663771,false
70,reporting,0.7256493506493507,-0.012806637806637933,false
71,reporting,0.6672077922077922,-0.021645021645021578,false
72,reporting,0.6737012987012987,-0.013167388167388161,false
73,reporting,0.6087662337662337,-0.038239538239538184,false
74,reporting,0.650974025974026,-0.025072150072150023,false
75,reporting,0.5941558441558441,-0.0007215007215006786,false
76,reporting,0.6168831168831169,-0.008297258297258137,true
77,reporting,0.4659090909090909,-0.0021645021645021467,true
78,reporting,0.32792207792207795,-0.0023448773448773164,true
79,strong,0.0,0.0,true
80,nascent,0.15097402597402598,0.05073051948051949,false
81,nascent,0.15584415584415584,0.05113636363636363,false
82,nascent,0.16071428571428573,0.04910714285714288,false
83,nascent,0.16071428571428573,0.04545454545454547,false
84,nascent,0.18344155844155843,0.039772727272727265,false
85,strong,0.18344155844155843,0.03612012987012986,false
86,strong,0.18344155844155843,0.03287337662337661,false
87,strong,0.18344155844155843,0.030844155844155813,false
88,strong,0.18344155844155843,0.030844155844155813,false
89,strong,0.18506493506493507,0.03145292207792205,false
90,strong,0.18344155844155843,0.030844155844155813,false
91,strong,0.18344155844155843,0.030844155844155813,false
92,strong,0.18344155844155843,0.030844155844155813,false
93,strong,0.18344155844155843,0.028409090909090884,false
94,strong,0.2597402597402597,0.03145292207792208,false
95,strong,0.28084415584415584,0.03327922077922077,false
96,strong,0.2824675324675325,0.027800324675324728,false
97,strong,0.2824675324675325,0.02840909090909094,false
98,strong,0.2840909090909091,0.029829545454545525,false
99,strong,0.2857142857142857,0.03427128427128423,false
100,strong,0.30357142857142855,0.03841991341991341,false
101,strong,0.3051948051948052,0.038780663780663804,false
102,strong,0.3181818181818182,0.03896103896103892,false
103,strong,0.2922077922077922,0.027597402597402565,false
104,strong,0.3587662337662338,0.03120490620490618,false
105,strong,0.362012987012987,0.04329004329004327,false
106,strong,0.35714285714285715,0.031024531024531066,false
107,strong,0.35714285714285715,0.03246753246753248,false
108,strong,0.3587662337662338,0.03661616161616166,false
109,strong,0.362012987012987,0.02020202020202022,false
110,strong,0.35714285714285715,0.021645021645021745,false
111,strong,0.37337662337662336,0.03715728715728717,false
112,strong,0.400974025974026,0.042207792207792194,false
113,strong,0.39285714285714285,0.04834054834054835,false
114,strong,0.4172077922077922,0.051226551226551176,false
115,strong,0.43344155844155846,0.06475468975468973,false
116,strong,0.4253246753246753,0.06277056277056281,false
117,strong,0.43344155844155846,0.06457431457431462,false
118,strong,0.4431818181818182,0.07178932178932179,false
119,strong,0.4594155844155844,0.07034632034632027,false
120,strong,0.4448051948051948,0.06854256854256852,false
121,strong,0.4448051948051948,0.06836219336219335,false
122,strong,0.46915584415584416,0.06998556998557004,false
123,strong,0.4431818181818182,0.06421356421356422,false
124,strong,0.525974025974026,0.08369408369408377,false
125,strong,0.5974025974025974,0.1313311688311688,false
126,strong,0.6396103896103896,0.14610389610389612,false
127,strong,0.6688311688311688,0.14373126873126862,false
128,strong,0.6737012987012987,0.13961038961038963,false
129,strong,0.7256493506493507,0.14448051948051954,false
130,strong,0.7337662337662337,0.13673826173826176,false
131,strong,0.7094155844155844,0.12812187812187814,false
132,strong,0.7662337662337663,0.13274225774225779,false
133,strong,0.7175324675324676,0.12899600399600408,false
134,strong,0.7987012987012987,0.142107892107892,false
135,strong,0.7451298701298701,0.13086913086913077,false
136,strong,0.7873376623376623,0.13661338661338662,false
137,strong,0.814935064935065,0.13236763236763227,false
138,strong,0.7905844155844156,0.13261738261738276,false
139,strong,0.801948051948052,0.13199300699300698,false
140,strong,0.8003246753246753,0.09659090909090884,false
141,strong,0.8068181818181818,0.09369202226345075,false
142,strong,0.8262987012987013,0.0923005565862709,false
143,strong,0.8051948051948052,0.0913729128014843,false
144,strong,0.810064935064935,0.09206864564007433,false
145,strong,0.797077922077922,0.08847402597402587,false
146,strong,0.8327922077922078,0.09995361781076073,false
147,strong,0.775974025974026,0.07942949907235641,false
148,strong,0.8003246753246753,0.09021335807050102,false
149,strong,0.775974025974026,0.08661873840445278,false
150,strong,0.724025974025974,0.08116883116883111,false
151,strong,0.724025974025974,0.08325602968460122,false
152,strong,0.6753246753246753,0.06899350649350666,false
153,strong,0.711038961038961,0.07397959183673475,false
154,strong,0.6201298701298701,0.06307977736549164,false
155,strong,0.6542207792207793,0.06331168831168843,true
156,strong,0.4935064935064935,0.05473098330241183,true
157,strong,0.3555194805194805,0.03791743970315398,true
158,strong,0.0,0.0,true
159,nascent,0.3409090909090909,0.01028138528138528,false
160,nascent,0.3522727272727273,0.019480519480519487,false
161,nascent,0.3133116883116883,-0.010822510822510789,false
162,nascent,0.32792207792207795,-0.011093073593073599,false
163,nascent,0.32954545454545453,-0.012445887445887482,false
164,reporting,0.3555194805194805,-0.013257575757575746,false
165,reporting,0.33116883116883117,-0.011363636363636354,false
166,strong,0.41883116883116883,0.004058441558441539,false
167,reporting,0.4107142857142857,-0.006764069264069306,false
168,reporting,0.4107142857142857,-0.01839826839826847,false
169,reporting,0.4107142857142857,-0.02083333333333337,false
170,reporting,0.4107142857142857,-0.022727272727272818,false
171,reporting,0.42857142857142855,-0.02029220779220786,false
172,reporting,0.43993506493506496,-0.0005411255411255089,false
173,strong,0.474025974025974,0.025974025974025983,false
174,strong,0.5,0.026244588744588737,false
175,strong,0.4772727272727273,0.022186147186147143,false
176,strong,0.5113636363636364,0.027326839826839755,false
177,strong,0.512987012987013,0.021915584415584444,false
178,strong,0.5048701298701299,0.021103896103896125,false
179,strong,0.512987012987013,0.021103896103896125,false
180,strong,0.5162337662337663,0.021103896103896125,false
181,strong,0.538961038961039,0.02651515151515149,false
182,strong,0.5162337662337663,0.0243506493506494,false
183,strong,0.5162337662337663,0.020021645021644996,false
184,strong,0.5422077922077922,0.02056277056277056,false
185,strong,0.5194805194805194,0.027597402597402565,false
186,strong,0.5974025974025974,0.03327922077922085,false
187,strong,0.6347402597402597,0.02840909090909083,false
188,strong,0.6461038961038961,0.023268398268398216,false
189,strong,0.6574675324675324,0.015692640692640647,false
190,reporting,0.6396103896103896,-0.0035173160173158635,false
191,strong,0.7175324675324676,0.021915584415584277,false
192,strong,0.7256493506493507,0.01352813852813839,false
193,strong,0.7045454545454546,0.012716450216450181,false
194,strong,0.7646103896103896,0.00676406926406925,false
195,strong,0.7126623376623377,0.007575757575757569,false
196,strong,0.801948051948052,0.012716450216450181,false
197,strong,0.7483766233766234,0.011904761904761973,false
198,strong,0.7873376623376623,0.010010822510822415,false
199,strong,0.8214285714285714,0.015151515151515027,false
200,strong,0.797077922077922,0.015422077922077948,false
201,strong,0.8051948051948052,0.014069264069264231,false
202,strong,0.801948051948052,0.01406926406926401,false
203,strong,0.8068181818181818,0.011634199134199052,false
204,strong,0.8295454545454546,0.013257575757575801,false
205,strong,0.8051948051948052,0.012445887445887482,false
206,strong,0.8116883116883117,0.014610389610389518,false
207,strong,0.7987012987012987,0.023268398268398216,false
208,strong,0.7905844155844156,0.12743506493506496,false
209,strong,0.7775974025974026,0.14069264069264076,false
210,strong,0.7564935064935064,0.11282467532467533,false
211,strong,0.7305194805194806,0.10930735930735935,false
212,strong,0.676948051948052,0.09848484848484851,false
213,strong,0.6753246753246753,0.09767316017316019,false
214,strong,0.6753246753246753,0.12418831168831168,false
215,strong,0.711038961038961,0.13933982683982682,false
216,strong,0.6217532467532467,0.11931818181818177,false
217,strong,0.6542207792207793,0.1298701298701299,true
218,strong,0.4935064935064935,0.09172077922077926,true
219,strong,0.3538961038961039,0.06709956709956705,true
220,degraded,0.0,0.0,true
221,nascent,0.00487012987012987,-0.09537337662337662,false
222,nascent,0.00974025974025974,-0.09496753246753246,false
223,nascent,0.01461038961038961,-0.09699675324675323,false
224,nascent,0.01461038961038961,-0.10064935064935064,false
225,nascent,0.03409090909090909,-0.10957792207792208,false
226,microstate,0.03409090909090909,-0.11323051948051949,false
227,microstate,0.03409090909090909,-0.11647727272727273,false
228,microstate,0.03409090909090909,-0.11850649350649353,false
229,microstate,0.03409090909090909,-0.11850649350649353,false
230,microstate,0.03409090909090909,-0.11952110389610393,false
231,microstate,0.03409090909090909,-0.11850649350649353,false
232,microstate,0.03409090909090909,-0.11850649350649353,false
233,microstate,0.03409090909090909,-0.11850649350649353,false
234,microstate,0.03409090909090909,-0.12094155844155846,false
235,microstate,0.048701298701298704,-0.17958603896103892,false
236,microstate,0.06655844155844155,-0.1810064935064935,false
237,microstate,0.06655844155844155,-0.1881087662337662,false
238,microstate,0.06655844155844155,-0.1875,false
239,microstate,0.06655844155844155,-0.18770292207792205,false
240,microstate,0.06655844155844155,-0.18488455988455993,false
241,microstate,0.06655844155844155,-0.1985930735930736,false
242,microstate,0.06655844155844155,-0.19985569985569984,false
243,microstate,0.06655844155844155,-0.21266233766233772,false
244,microstate,0.06655844155844155,-0.1980519480519481,false
245,microstate,0.1038961038961039,-0.2236652236652237,false
246,microstate,0.10714285714285714,-0.2115800865800866,false
247,microstate,0.11201298701298701,-0.21410533910533908,false
248,microstate,0.11201298701298701,-0.21266233766233766,false
249,microstate,0.11201298701298701,-0.21013708513708512,false
250,microstate,0.11363636363636363,-0.22817460317460314,false
251,microstate,0.11363636363636363,-0.22186147186147176,false
252,microstate,0.10876623376623376,-0.22745310245310243,false
253,microstate,0.10876623376623376,-0.25,false
254,microstate,0.10876623376623376,-0.23575036075036074,false
255,microstate,0.11201298701298701,-0.253968253968254,false
256,microstate,0.11201298701298701,-0.2566738816738817,false
257,microstate,0.11201298701298701,-0.2505411255411255,false
258,microstate,0.11201298701298701,-0.25685425685425683,false
259,microstate,0.11201298701298701,-0.2593795093795094,false
260,microstate,0.1266233766233766,-0.2624458874458875,false
261,microstate,0.12824675324675325,-0.24801587301587305,false
262,microstate,0.12824675324675325,-0.24819624819624822,false
263,microstate,0.12824675324675325,-0.2709235209235209,false
264,microstate,0.12987012987012986,-0.2490981240981241,false
265,microstate,0.17045454545454544,-0.27182539682539675,false
266,microstate,0.16558441558441558,-0.30048701298701297,false
267,microstate,0.18019480519480519,-0.3133116883116883,false
268,microstate,0.24025974025974026,-0.28484015984015987,false
269,microstate,0.25487012987012986,-0.2792207792207792,false
270,microstate,0.26785714285714285,-0.31331168831168826,false
271,microstate,0.2987012987012987,-0.2983266733266733,false
272,microstate,0.27435064935064934,-0.3069430569430569,false
273,microstate,0.33116883116883117,-0.3023226773226773,false
274,microstate,0.2792207792207792,-0.3093156843156843,false
275,microstate,0.32142857142857145,-0.33516483516483525,false
276,microstate,0.288961038961039,-0.32529970029970035,false
277,microstate,0.3392857142857143,-0.3114385614385614,false
278,microstate,0.3652597402597403,-0.3173076923076924,false
279,microstate,0.3392857142857143,-0.31868131868131855,false
280,microstate,0.3555194805194805,-0.3144355644355645,false
281,microstate,0.3522727272727273,-0.3514610389610392,false
282,microstate,0.36038961038961037,-0.35273654916512065,false
283,microstate,0.3652597402597403,-0.3687384044526901,false
284,microstate,0.35714285714285715,-0.3566790352504638,false
285,microstate,0.3555194805194805,-0.3624768089053802,false
286,microstate,0.35064935064935066,-0.3579545454545455,false
287,microstate,0.3392857142857143,-0.3935528756957327,false
288,microstate,0.3587662337662338,-0.3377782931354358,false
289,microstate,0.35064935064935066,-0.35946196660482366,false
290,microstate,0.336038961038961,-0.3533163265306122,false
291,microstate,0.2987012987012987,-0.3441558441558442,false
292,microstate,0.29545454545454547,-0.34531539888682733,false
293,microstate,0.29383116883116883,-0.31249999999999983,false
294,microstate,0.32142857142857145,-0.3156307977736548,false
295,microstate,0.2792207792207792,-0.27782931354359924,false
296,microstate,0.2987012987012987,-0.29220779220779214,true
297,microstate,0.18344155844155843,-0.25533395176252327,true
298,microstate,0.12824675324675325,-0.1893552875695733,true
299,microstate,0.0,0.0,true
300,nascent,0.4107142857142857,0.0057187131050767115,false
301,nascent,0.4107142857142857,0.005772005772005706,false
302,nascent,0.4366883116883117,0.020274170274170333,false
303,nascent,0.413961038961039,-0.003823953823953785,false
304,nascent,0.4512987012987013,0.0023809523809521504,false
305,strong,0.4707792207792208,0.01479076479076502,false
306,strong,0.46266233766233766,0.011219336219336351,false
307,strong,0.4707792207792208,0.010678210678210731,false
308,strong,0.474025974025974,0.012193362193362367,false
309,strong,0.48214285714285715,0.0010101010101010166,false
310,strong,0.4772727272727273,0.011399711399711299,false
311,strong,0.4772727272727273,0.008874458874458868,false
312,strong,0.5016233766233766,0.009379509379509321,false
313,strong,0.4788961038961039,0.007611832611832625,false
314,reporting,0.538961038961039,-0.0008469791078485889,false
315,strong,0.5909090909090909,0.010199040090344558,false
316,reporting,0.586038961038961,-0.011610671936758576,false
317,strong,0.6298701298701299,0.014161370544349405,false
318,strong,0.6347402597402597,0.012261674495717023,false
319,strong,0.676948051948052,0.007667864050842743,false
320,strong,0.698051948051948,0.008807681680021995,false
321,strong,0.6931818181818182,0.026146725614810684,false
322,strong,0.7597402597402597,0.03726858248134857,false
323,strong,0.7094155844155844,0.03405636916275223,false
324,strong,0.797077922077922,0.03464354794142033,false
325,strong,0.7418831168831169,0.028978999723680676,false
326,strong,0.7857142857142857,0.0331237911025144,false
327,strong,0.8116883116883117,0.03346919038408391,false
328,strong,0.7873376623376623,0.02963525835866243,false
329,strong,0.801948051948052,0.02973887814313314,false
330,strong,0.8035714285714286,0.03485078751036208,false
331,strong,0.8068181818181818,0.028046421663442733,false
332,strong,0.8295454545454546,0.030360596849958732,false
333,strong,0.8051948051948052,0.029048079579994224,false
334,strong,0.8084415584415584,0.02846090080132635,false
335,strong,0.8003246753246753,0.03547754329004349,false
336,strong,0.7922077922077922,0.017248376623376416,false
337,strong,0.775974025974026,0.027191558441558406,false
338,strong,0.75,0.007034632034631838,false
339,strong,0.724025974025974,0.005309794372294507,false
340,reporting,0.663961038961039,-0.005073051948051965,false
341,strong,0.6737012987012987,0.004362824675324561,false
342,strong,0.6704545454545454,0.023065476190476386,false
343,strong,0.7045454545454546,0.03730384199134196,false
344,strong,0.6152597402597403,0.03020156926406936,false
345,strong,0.650974025974026,0.03388798701298701,true
346,strong,0.4902597402597403,0.026718073593073544,true
347,strong,0.3538961038961039,0.0237080627705627,true
348,strong,0.0,0.0,true
349,nascent,0.25487012987012986,-0.16933847402597396,false
350,nascent,0.30357142857142855,-0.1366680194805195,false
351,nascent,0.3133116883116883,-0.12696772924045657,false
352,nascent,0.31655844155844154,-0.14275875639511998,false
353,nascent,0.3181818181818182,-0.12706611570247928,false
354,microstate,0.3181818181818182,-0.12898465171192436,false
355,microstate,0.3425324675324675,-0.12942739079102722,false
356,microstate,0.31655844155844154,-0.13188705234159775,false
357,microstate,0.35714285714285715,-0.1599763872491144,false
358,microstate,0.3522727272727273,-0.2028236914600552,false
359,microstate,0.36688311688311687,-0.20567689885871693,false
360,microstate,0.3814935064935065,-0.20764462809917356,false
361,microstate,0.38311688311688313,-0.21079299488390407,false
362,microstate,0.4155844155844156,-0.22540338449429353,false
363,microstate,0.4496753246753247,-0.20429948839039758,false
364,microstate,0.4253246753246753,-0.2061688311688311,false
365,microstate,0.48538961038961037,-0.2036107831562376,false
366,microstate,0.42857142857142855,-0.20808736717827642,false
367,microstate,0.49188311688311687,-0.22358323494687132,false
368,microstate,0.45616883116883117,-0.21290830381739473,false
369,microstate,0.4935064935064935,-0.21310507674144047,false
370,microstate,0.5064935064935064,-0.22446871310507654,false
371,microstate,0.4935064935064935,-0.21536796536796537,false
372,microstate,0.5016233766233766,-0.2183195592286501,false
373,microstate,0.5,-0.22038567493112948,false
374,microstate,0.5097402597402597,-0.21866391184573009,false
375,microstate,0.5275974025974026,-0.22068083431719776,false
376,microstate,0.5064935064935064,-0.21935261707989007,false
377,microstate,0.5,-0.22840417158598958,false
378,microstate,0.5016233766233766,-0.21871310507674158,false
379,microstate,0.487012987012987,-0.2416863439590714,false
380,microstate,0.5243506493506493,-0.18678669815033477,false
381,microstate,0.5016233766233766,-0.20946477764659588,false
382,microstate,0.48538961038961037,-0.2039551357733176,false
383,microstate,0.4967532467532468,-0.16150137741046827,false
384,microstate,0.4967532467532468,-0.15953364817001187,false
385,microstate,0.43993506493506496,-0.17060212514757955,false
386,microstate,0.5048701298701299,-0.1451200314836678,false
387,microstate,0.43506493506493504,-0.1334120425029517,false
388,microstate,0.46915584415584416,-0.13316607634789462,true
389,microstate,0.3133116883116883,-0.13242817788272326,true
390,microstate,0.237012987012987,-0.08289059425423062,true
391,microstate,0.0,0.0,true
392,nascent,0.560064935064935,-0.039152024446142186,false
393,nascent,0.5892857142857143,-0.03323147440794494,false
394,nascent,0.5909090909090909,-0.03542780748663099,false
395,nascent,0.6412337662337663,-0.03686019862490453,false
396,nascent,0.7142857142857143,0.01413292589763182,false
397,strong,0.698051948051948,0.01995798319327724,false
398,strong,0.7581168831168831,0.023013750954927303,false
399,strong,0.7159090909090909,0.031512605042016806,false
400,strong,0.7987012987012987,0.028170359052712035,false
401,strong,0.7467532467532467,0.0269289533995416,false
402,strong,0.7857142857142857,0.027024446142093095,false
403,strong,0.8116883116883117,0.020339954163483664,false
404,strong,0.7905844155844156,0.022822765469824424,false
405,strong,0.801948051948052,0.019671504965622533,false
406,strong,0.801948051948052,0.018907563025210017,false
407,strong,0.8068181818181818,0.01632925897631765,false
408,strong,0.827922077922078,0.01795263559969429,false
409,strong,0.8051948051948052,0.017188693659281884,false
410,strong,0.8116883116883117,0.0181436210847975,false
411,strong,0.797077922077922,0.014992360580595832,false
412,strong,0.7905844155844156,0.006588999236058157,false
413,strong,0.7613636363636364,0.006970970206264471,false
414,strong,0.7516233766233766,0.0041061879297173975,false
415,strong,0.7272727272727273,0.004583651642475095,false
416,strong,0.676948051948052,0.0032467532467533866,false
417,strong,0.6737012987012987,0.004679144385026701,false
418,strong,0.6737012987012987,0.01995798319327735,false
419,strong,0.6623376623376623,0.008880825057295483,false
420,strong,0.5714285714285714,0.002769289533995245,false
421,strong,0.6038961038961039,0.003437738731856488,true
422,reporting,0.44642857142857145,-0.002578304048892366,true
423,reporting,0.30844155844155846,-0.001814362108479739,true
424,strong,0.0,0.0,true
425,nascent,0.18506493506493507,0.02694805194805197,false
426,nascent,0.18993506493506493,0.026948051948051888,false
427,nascent,0.19480519480519481,0.028733766233766223,false
428,nascent,0.19480519480519481,0.027029220779220764,false
429,nascent,0.2435064935064935,0.03327922077922074,false
430,strong,0.23863636363636365,0.026379870129870142,false
431,strong,0.23863636363636365,0.025811688311688313,false
432,strong,0.23863636363636365,0.022159090909090934,false
433,strong,0.23863636363636365,0.022483766233766217,false
434,strong,0.24025974025974026,0.021996753246753237,false
435,strong,0.237012987012987,0.01939935064935064,false
436,strong,0.23863636363636365,0.020535714285714296,false
437,strong,0.24025974025974026,0.022483766233766245,false
438,strong,0.24025974025974026,0.017775974025974,false
439,strong,0.32305194805194803,0.0035714285714286143,false
440,strong,0.34415584415584416,0.0005681818181817455,false
441,reporting,0.3457792207792208,-0.001704545454545403,false
442,strong,0.3457792207792208,0.0010330578512397492,false
443,strong,0.3457792207792208,0.0039846517119244695,false
444,strong,0.3474025974025974,0.0011806375442739436,false
445,reporting,0.336038961038961,-0.023785996612083582,false
446,reporting,0.30844155844155846,-0.05093344155844154,false
447,reporting,0.3344155844155844,-0.05012175324675322,false
448,reporting,0.3246753246753247,-0.03706709956709958,false
449,reporting,0.4074675324675325,-0.03131764069264065,false
450,reporting,0.37662337662337664,-0.04829545454545442,false
451,strong,0.4577922077922078,0.016166125541125564,false
452,strong,0.4577922077922078,0.016369047619047616,false
453,strong,0.461038961038961,0.032405094905094856,false
454,strong,0.48214285714285715,0.03646353646353656,false
455,strong,0.43344155844155846,0.010401635401635467,false
456,strong,0.4318181818181818,0.006673881673881721,false
457,strong,0.4594155844155844,0.009379509379509321,false
458,strong,0.4366883116883117,0.018808777429467127,false
459,strong,0.4724025974025974,0.03300865800865793,false
460,strong,0.4724025974025974,0.030844155844155785,false
461,strong,0.4642857142857143,0.04007711038961048,false
462,strong,0.5113636363636364,0.07112418831168832,false
463,strong,0.5211038961038961,0.08082447855175118,false
464,strong,0.5438311688311688,0.08451397087760726,false
465,strong,0.5227272727272727,0.07747933884297525,false
466,strong,0.5227272727272727,0.07556080283353017,false
467,strong,0.547077922077922,0.07511806375442731,false
468,strong,0.5227272727272727,0.07428177882723341,false
469,strong,0.6055194805194806,0.08840023612750902,false
470,strong,0.6428571428571429,0.08776072412436042,false
471,strong,0.6574675324675324,0.08490751672569863,false
472,strong,0.6737012987012987,0.08456316410861864,false
473,strong,0.6785714285714286,0.0846615505706414,false
474,strong,0.7321428571428571,0.09115505706414795,false
475,strong,0.7435064935064936,0.08953168044077131,false
476,strong,0.7175324675324676,0.08603896103896114,false
477,strong,0.775974025974026,0.08697363242817802,false
478,strong,0.7224025974025974,0.08574380165289242,false
479,strong,0.810064935064935,0.09459858323494685,false
480,strong,0.7548701298701299,0.08579299488390402,false
481,strong,0.7954545454545454,0.08884297520661144,false
482,strong,0.8214285714285714,0.09046635182998841,false
483,strong,0.797077922077922,0.08820346320346317,false
484,strong,0.8084415584415584,0.08849862258953167,false
485,strong,0.8084415584415584,0.08805588351042892,false
486,strong,0.8133116883116883,0.08490751672569852,false
487,strong,0.836038961038961,0.08776072412436065,false
488,strong,0.810064935064935,0.08421881149153854,false
489,strong,0.8165584415584416,0.08815426997245202,false
490,strong,0.8035714285714286,0.08323494687131039,false
491,strong,0.8441558441558441,0.11545651318378569,false
492,strong,0.7824675324675324,0.0713301849665483,false
493,strong,0.8068181818181818,0.09573002754820925,false
494,strong,0.7808441558441559,0.09149940968122794,false
495,strong,0.724025974025974,0.06577134986225897,false
496,strong,0.724025974025974,0.06773907910271537,false
497,strong,0.6753246753246753,0.06478748524203082,false
498,strong,0.711038961038961,0.0610487996851633,false
499,strong,0.6217532467532467,0.05327626918535999,false
500,strong,0.6542207792207793,0.051898858717040475,true
501,strong,0.4935064935064935,0.04776662731208192,true
502,strong,0.3555194805194805,0.035615899252262884,true
503,strong,0.0,0.0,true
504,nascent,0.1590909090909091,0.0,false
505,nascent,0.16396103896103897,0.0,false
506,nascent,0.1737012987012987,-0.01461038961038963,false
507,nascent,0.17532467532467533,-0.01461038961038963,false
508,nascent,0.22402597402597402,-0.014610389610389601,false
509,reporting,0.2224025974025974,-0.012987012987012991,false
510,reporting,0.21753246753246752,-0.015422077922077948,false
511,reporting,0.21753246753246752,-0.015422077922077948,false
512,reporting,0.21753246753246752,-0.015422077922077948,false
513,reporting,0.21915584415584416,-0.01542207792207792,false
514,reporting,0.21753246753246752,-0.015422077922077948,false
515,reporting,0.21753246753246752,-0.015422077922077948,false
516,reporting,0.21753246753246752,-0.015422077922077948,false
517,reporting,0.237012987012987,-0.005681818181818177,false
518,strong,0.35064935064935066,0.0032467532467532756,false
519,strong,0.37662337662337664,0.0032467532467532756,false
520,strong,0.37987012987012986,0.00324675324675322,false
521,strong,0.37987012987012986,0.00324675324675322,false
522,strong,0.37987012987012986,0.00324675324675322,false
523,strong,0.38311688311688313,0.004058441558441539,false
524,strong,0.400974025974026,0.0040584415584415945,false
525,strong,0.4025974025974026,0.0032467532467532756,false
526,strong,0.4172077922077922,0.00324675324675322,false
527,strong,0.4042207792207792,0.00324675324675322,false
528,strong,0.4902597402597403,0.005681818181818232,false
529,strong,0.46915584415584416,0.004870129870129858,false
530,strong,0.4788961038961039,0.00324675324675322,false
531,strong,0.4788961038961039,0.00324675324675322,false
532,strong,0.4788961038961039,0.00324675324675322,false
533,strong,0.5,0.0032467532467532756,false
534,strong,0.4805194805194805,0.00324675324675322,false
535,strong,0.4805194805194805,0.00324675324675322,false
536,strong,0.49512987012987014,0.00324675324675322,false
537,strong,0.48538961038961037,0.0032467532467532756,false
538,strong,0.5162337662337663,0.0032467532467532756,false
539,strong,0.5162337662337663,0.0032467532467532756,false
540,strong,0.5081168831168831,0.0032467532467531646,false
541,strong,0.5162337662337663,0.0032467532467532756,false
542,strong,0.5194805194805194,0.0032467532467532756,false
543,strong,0.5422077922077922,0.0032467532467532756,false
544,strong,0.5211038961038961,0.0032467532467532756,false
545,strong,0.5211038961038961,0.0032467532467532756,false
546,strong,0.5454545454545454,0.0032467532467532756,false
547,strong,0.5211038961038961,0.0032467532467532756,false
548,strong,0.6071428571428571,0.004870129870129802,false
549,strong,0.6444805194805194,0.005681818181818121,false
550,strong,0.6590909090909091,0.004870129870129802,false
551,strong,0.6753246753246753,0.004870129870129913,false
552,strong,0.6801948051948052,0.006493506493506551,false
553,strong,0.737012987012987,0.00649350649350644,false
554,strong,0.7451298701298701,0.006493506493506551,false
555,strong,0.7191558441558441,0.004870129870129913,false
556,strong,0.7775974025974026,0.004870129870129913,false
557,strong,0.7224025974025974,0.0032467532467532756,false
558,strong,0.8084415584415584,0.0032467532467531646,false
559,strong,0.7532467532467533,0.0024350649350649567,false
560,strong,0.7954545454545454,0.004870129870129913,false
561,strong,0.8214285714285714,0.0040584415584414835,false
562,strong,0.797077922077922,0.0040584415584414835,false
563,strong,0.810064935064935,0.0040584415584415945,false
564,strong,0.8035714285714286,0.0,false
565,strong,0.8133116883116883,0.0024350649350649567,false
566,strong,0.8327922077922078,0.0016233766233765268,false
567,strong,0.810064935064935,0.0032467532467531646,false
568,strong,0.814935064935065,0.0008116883116883189,false
569,strong,0.8051948051948052,0.0024350649350649567,false
570,strong,0.8409090909090909,0.0008116883116883189,false
571,strong,0.7824675324675324,0.0016233766233765268,false
572,strong,0.8068181818181818,0.0024350649350649567,false
573,strong,0.7792207792207793,0.0,false
574,strong,0.7272727272727273,0.0,false
575,strong,0.724025974025974,0.0,false
576,strong,0.6753246753246753,0.0,false
577,strong,0.711038961038961,0.0,false
578,strong,0.6217532467532467,0.0,false
579,strong,0.6542207792207793,0.0,true
580,strong,0.4935064935064935,0.0,true
581,strong,0.3555194805194805,0.0,true
582,strong,0.0,0.0,true
583,nascent,0.22727272727272727,0.043344155844155796,false
584,nascent,0.2353896103896104,0.0503246753246753,false
585,nascent,0.2353896103896104,0.04837662337662338,false
586,nascent,0.2353896103896104,0.04740259740259742,false
587,nascent,0.2353896103896104,0.05016233766233766,false
588,strong,0.3392857142857143,0.07792207792207789,false
589,strong,0.36363636363636365,0.08344155844155843,false
590,strong,0.36688311688311687,0.08198051948051949,false
591,strong,0.36688311688311687,0.08149350649350645,false
592,strong,0.36688311688311687,0.08165584415584409,false
593,strong,0.3685064935064935,0.08181818181818179,false
594,strong,0.38636363636363635,0.08522727272727271,false
595,strong,0.387987012987013,0.08555194805194799,false
596,strong,0.413961038961039,0.08798701298701306,false
597,strong,0.387987012987013,0.08392857142857141,false
598,strong,0.474025974025974,0.10827922077922081,false
599,strong,0.45454545454545453,0.10113636363636364,false
600,strong,0.46266233766233766,0.1008116883116883,false
601,strong,0.46266233766233766,0.1008116883116883,false
602,strong,0.46266233766233766,0.10016233766233767,false
603,strong,0.4967532467532468,0.11558441558441551,false
604,strong,0.4772727272727273,0.109577922077922,false
605,strong,0.4772727272727273,0.11022727272727273,false
606,strong,0.5032467532467533,0.11542207792207793,false
607,strong,0.4805194805194805,0.1108766233766234,false
608,strong,0.5146103896103896,0.12159090909090908,false
609,strong,0.5146103896103896,0.12159090909090908,false
610,strong,0.5064935064935064,0.11996753246753245,false
611,strong,0.5146103896103896,0.11948051948051952,false
612,strong,0.5194805194805194,0.12061688311688312,false
613,strong,0.5422077922077922,0.12548701298701304,false
614,strong,0.5211038961038961,0.11915584415584413,false
615,strong,0.5211038961038961,0.11883116883116884,false
616,strong,0.5454545454545454,0.1237012987012987,false
617,strong,0.5211038961038961,0.11883116883116884,false
618,strong,0.6038961038961039,0.14464285714285718,false
619,strong,0.6412337662337663,0.1224747474747474,false
620,strong,0.6558441558441559,0.1219336219336219,false
621,strong,0.672077922077922,0.12355699855699864,false
622,strong,0.6785714285714286,0.125,false
623,strong,0.7321428571428571,0.1323953823953823,false
624,strong,0.7402597402597403,0.1298701298701299,false
625,strong,0.7175324675324676,0.12788600288600283,false
626,strong,0.7792207792207793,0.13762626262626265,false
627,strong,0.7224025974025974,0.12536075036075034,false
628,strong,0.810064935064935,0.13816738816738827,false
629,strong,0.7564935064935064,0.13059163059163048,false
630,strong,0.7938311688311688,0.1293290043290044,false
631,strong,0.8214285714285714,0.13455988455988455,false
632,strong,0.797077922077922,0.1304112554112553,false
633,strong,0.8084415584415584,0.13149350649350655,false
634,strong,0.8051948051948052,0.13203463203463217,false
635,strong,0.8116883116883117,0.1305916305916306,false
636,strong,0.8311688311688312,0.13203463203463206,false
637,strong,0.8084415584415584,0.12968975468975463,false
638,strong,0.8133116883116883,0.13275613275613285,false
639,strong,0.8035714285714286,0.1298701298701299,false
640,strong,0.8392857142857143,0.15061327561327553,false
641,strong,0.7824675324675324,0.11724386724386726,false
642,strong,0.8051948051948052,0.13582251082251096,false
643,strong,0.775974025974026,0.12824675324675328,false
644,strong,0.7256493506493507,0.12085137085137099,false
645,strong,0.7159090909090909,0.11670274170274175,false
646,strong,0.6737012987012987,0.09920634920634919,false
647,strong,0.7045454545454546,0.10768398268398272,false
648,strong,0.6201298701298701,0.09812409812409806,false
649,strong,0.6477272727272727,0.09325396825396826,true
650,strong,0.49188311688311687,0.08315295815295803,true
651,strong,0.349025974025974,0.0588023088023088,true
652,strong,0.0,0.0,true
653,nascent,0.28084415584415584,-0.14778971028971033,false
654,nascent,0.3003246753246753,-0.14535464535464526,false
655,nascent,0.2905844155844156,-0.13245550745550738,false
656,nascent,0.2905844155844156,-0.1345598845598845,false
657,nascent,0.30357142857142855,-0.14646464646464652,false
658,reporting,0.29383116883116883,-0.12404836542767572,false
659,reporting,0.31655844155844154,-0.12283549783549791,false
660,reporting,0.3068181818181818,-0.13474025974025977,false
661,reporting,0.3116883116883117,-0.11252029220779214,false
662,reporting,0.3198051948051948,-0.12043425324675322,false
663,reporting,0.3198051948051948,-0.12047422274695008,false
664,reporting,0.3425324675324675,-0.116784730421094,false
665,reporting,0.3246753246753247,-0.12057260920897278,false
666,reporting,0.3246753246753247,-0.12249114521841786,false
667,reporting,0.349025974025974,-0.12293388429752072,false
668,reporting,0.32305194805194803,-0.12539354584809126,false
669,reporting,0.39285714285714285,-0.1242621015348287,false
670,reporting,0.4318181818181818,-0.12327823691460066,false
671,reporting,0.44805194805194803,-0.12450806768988576,false
672,reporting,0.4642857142857143,-0.12485242030696575,false
673,reporting,0.4675324675324675,-0.12637741046831968,false
674,reporting,0.5146103896103896,-0.12637741046831952,false
675,reporting,0.525974025974026,-0.12800078709169627,false
676,reporting,0.5016233766233766,-0.1298701298701298,false
677,reporting,0.5487012987012987,-0.14029909484454928,false
678,reporting,0.5097402597402597,-0.12691853600944525,false
679,reporting,0.5941558441558441,-0.12131050767414409,false
680,reporting,0.551948051948052,-0.11712908303817393,false
681,reporting,0.5876623376623377,-0.11894923258559631,false
682,reporting,0.6152597402597403,-0.1157024793388427,false
683,reporting,0.5892857142857143,-0.11958874458874458,false
684,reporting,0.6022727272727273,-0.11767020857929944,false
685,reporting,0.6006493506493507,-0.11973632428177883,false
686,reporting,0.6087662337662337,-0.11963793781975607,false
687,reporting,0.6282467532467533,-0.1200314836678471,false
688,reporting,0.6055194805194806,-0.12032664305391594,false
689,reporting,0.6038961038961039,-0.12450806768988565,false
690,reporting,0.6038961038961039,-0.11644037780401428,false
691,reporting,0.5925324675324676,-0.13616686343959084,false
692,reporting,0.6266233766233766,-0.08451397087760748,false
693,reporting,0.6022727272727273,-0.10881542699724522,false
694,reporting,0.5698051948051948,-0.1195395513577332,false
695,reporting,0.586038961038961,-0.07221566312475403,false
696,reporting,0.586038961038961,-0.07024793388429762,false
697,reporting,0.5340909090909091,-0.07644628099173545,false
698,reporting,0.599025974025974,-0.05096418732782371,false
699,reporting,0.525974025974026,-0.04250295159386075,false
700,reporting,0.551948051948052,-0.05037386855568682,true
701,reporting,0.3961038961038961,-0.04963597009051546,true
702,reporting,0.2727272727272727,-0.04717630853994492,true
703,strong,0.0,0.0,true
704,nascent,0.31493506493506496,-0.07391774891774883,false
705,nascent,0.38636363636363635,-0.011363636363636354,false
706,nascent,0.4074675324675325,0.00725108225108223,false
707,nascent,0.42045454545454547,0.009632034632034658,false
708,nascent,0.400974025974026,0.0009740259740259605,false
709,strong,0.4025974025974026,0.0014069264069264675,false
710,strong,0.42694805194805197,0.002813852813852824,false
711,reporting,0.40584415584415584,-0.0010822510822510734,false
712,strong,0.4512987012987013,0.017640692640692623,false
713,strong,0.4512987012987013,0.012121212121212088,false
714,strong,0.4431818181818182,0.012012987012986975,false
715,strong,0.4512987012987013,0.010497835497835561,false
716,strong,0.45454545454545453,0.01028138528138517,false
717,strong,0.4788961038961039,0.018181818181818132,false
718,strong,0.45616883116883117,0.009956709956709942,false
719,strong,0.4577922077922078,0.011904761904761862,false
720,strong,0.48214285714285715,0.012121212121212088,false
721,strong,0.4577922077922078,0.0087662337662337,false
722,strong,0.5422077922077922,0.0028988868274583135,false
723,reporting,0.577922077922078,-0.011595547309832921,false
724,strong,0.6071428571428571,0.007925897631779866,false
725,strong,0.6233766233766234,0.000859434682964122,false
726,strong,0.6282467532467533,0.0019098548510313451,false
727,strong,0.6818181818181818,0.003724216959510973,false
728,reporting,0.689935064935065,-0.010217723453017524,false
729,reporting,0.6525974025974026,-0.025496562261268174,false
730,reporting,0.7094155844155844,-0.025687547746371386,false
731,reporting,0.6574675324675324,-0.02692895339954171,false
732,reporting,0.7418831168831169,-0.028647822765469733,false
733,reporting,0.7126623376623377,-0.007161955691367461,false
734,reporting,0.7288961038961039,-0.029793735676088673,false
735,reporting,0.788961038961039,-0.0023873185637890426,false
736,reporting,0.762987012987013,-0.004774637127578196,false
737,reporting,0.7808441558441559,-0.0014323911382735366,false
738,reporting,0.7775974025974026,-0.005443086325439328,false
739,reporting,0.7857142857142857,-0.004774637127578418,false
740,reporting,0.8051948051948052,-0.004774637127578418,false
741,reporting,0.7857142857142857,-0.0022918258212376585,false
742,reporting,0.788961038961039,-0.004583651642475206,false
743,reporting,0.7792207792207793,-0.002864782276546962,false
744,reporting,0.7678571428571429,-0.01613827349121455,false
745,strong,0.7564935064935064,0.0021008403361345573,false
746,reporting,0.7337662337662337,-0.013750954927425507,false
747,reporting,0.7061688311688312,-0.016520244461420974,false
748,reporting,0.6672077922077922,-0.006493506493506329,false
749,reporting,0.6590909090909091,-0.009931245225362928,false
750,strong,0.6574675324675324,0.003724216959511084,false
751,reporting,0.6461038961038961,-0.007352941176470784,false
752,reporting,0.5633116883116883,-0.005347593582887833,false
753,reporting,0.5876623376623377,-0.012796027501909779,true
754,reporting,0.43344155844155846,-0.015565317035905357,true
755,reporting,0.2905844155844156,-0.019671504965622588,true
756,strong,0.0,0.0,true
757,nascent,0.2792207792207792,-0.0948773448773449,false
758,nascent,0.39935064935064934,-0.008116883116883133,false
759,nascent,0.43993506493506496,0.028318903318903355,false
760,nascent,0.44155844155844154,0.03246753246753242,false
761,nascent,0.4577922077922078,0.03517316017316019,false
762,strong,0.4383116883116883,0.02795815295815296,false
763,strong,0.4383116883116883,0.025793650793650813,false
764,strong,0.45292207792207795,0.020923520923520955,false
765,strong,0.4448051948051948,0.026154401154401097,false
766,strong,0.4805194805194805,0.0366161616161616,false
767,strong,0.4805194805194805,0.027597402597402565,false
768,reporting,0.4431818181818182,-0.002886002886002881,false
769,reporting,0.41883116883116883,-0.03318903318903321,false
770,reporting,0.42207792207792205,-0.031746031746031744,false
771,reporting,0.4448051948051948,-0.026334776334776377,false
772,reporting,0.45454545454545453,-0.0055916305916306475,false
773,strong,0.48538961038961037,0.021645021645021634,false
774,strong,0.5113636363636364,0.02020202020202022,false
775,strong,0.487012987012987,0.018578643578643472,false
776,strong,0.5665584415584416,0.032467532467532534,false
777,strong,0.6103896103896104,0.03391053391053389,false
778,strong,0.6233766233766234,0.03607503607503604,false
779,strong,0.6396103896103896,0.0357142857142857,false
780,strong,0.6461038961038961,0.036796536796536716,false
781,strong,0.698051948051948,0.0418470418470418,false
782,strong,0.7077922077922078,0.031204906204906235,false
783,strong,0.6834415584415584,0.03607503607503604,false
784,strong,0.7272727272727273,0.022186147186147198,false
785,strong,0.6753246753246753,0.0216450216450218,false
786,strong,0.7597402597402597,0.023448773448773497,false
787,strong,0.7094155844155844,0.024350649350649345,false
788,strong,0.75,0.02002164502164494,false
789,strong,0.7954545454545454,0.03481240981240974,false
790,strong,0.7808441558441559,0.039141414141414144,false
791,strong,0.7922077922077922,0.03246753246753242,false
792,strong,0.7905844155844156,0.03553391053391064,false
793,strong,0.8035714285714286,0.03733766233766245,false
794,strong,0.8295454545454546,0.04292929292929293,false
795,strong,0.8084415584415584,0.038419913419913354,false
796,strong,0.814935064935065,0.03950216450216437,false
797,strong,0.801948051948052,0.03607503607503615,false
798,strong,0.8409090909090909,0.052128427128427135,false
799,strong,0.7792207792207793,0.032467532467532534,false
800,strong,0.8035714285714286,0.04076479076479089,false
801,strong,0.7792207792207793,0.04076479076479067,false
802,strong,0.7272727272727273,0.038419913419913465,false
803,strong,0.724025974025974,0.03715728715728717,false
804,strong,0.6753246753246753,0.02831890331890341,false
805,strong,0.711038961038961,0.03499278499278502,false
806,strong,0.6217532467532467,0.026875901875901942,false
807,strong,0.6542207792207793,0.0290404040404042,true
808,strong,0.4935064935064935,0.025432900432900474,true
809,strong,0.3555194805194805,0.02525252525252525,true
810,strong,0.0,0.0,true
811,nascent,0.5503246753246753,-0.0488922841864019,false
812,nascent,0.5941558441558441,-0.028361344537815136,false
813,nascent,0.5941558441558441,-0.03218105423987783,false
814,nascent,0.672077922077922,-0.006016042780748743,false
815,nascent,0.6948051948051948,-0.005347593582887722,false
816,reporting,0.672077922077922,-0.006016042780748743,false
817,reporting,0.7305194805194806,-0.004583651642475206,false
818,reporting,0.6834415584415584,-0.0009549274255157281,false
819,strong,0.7711038961038961,0.0005729564553094146,false
820,reporting,0.7126623376623377,-0.007161955691367461,false
821,reporting,0.75,-0.008689839572192604,false
822,reporting,0.7824675324675324,-0.008880825057295594,false
823,reporting,0.7597402597402597,-0.008021390374331472,false
824,reporting,0.7711038961038961,-0.011172650878533363,false
825,reporting,0.7711038961038961,-0.01193659281894588,false
826,reporting,0.7792207792207793,-0.011268143621084858,false
827,reporting,0.797077922077922,-0.012891520244461607,false
828,reporting,0.7743506493506493,-0.013655462184874012,false
829,reporting,0.7792207792207793,-0.014323911382734922,false
830,reporting,0.7694805194805194,-0.012605042016806789,false
831,reporting,0.7581168831168831,-0.025878533231474377,false
832,reporting,0.7337662337662337,-0.02062643239113815,false
833,reporting,0.724025974025974,-0.023491214667685223,false
834,reporting,0.6964285714285714,-0.0262605042016808,false
835,reporting,0.6477272727272727,-0.02597402597402587,false
836,reporting,0.6396103896103896,-0.02941176470588236,false
837,reporting,0.6444805194805194,-0.009262796027501907,false
838,reporting,0.6266233766233766,-0.026833460656990216,false
839,reporting,0.5422077922077922,-0.026451489686783902,false
840,reporting,0.5762987012987013,-0.024159663865546133,true
841,reporting,0.4155844155844156,-0.033422459893048206,true
842,reporting,0.2775974025974026,-0.03265851795263558,true
843,strong,0.0,0.0,true
844,nascent,0.24675324675324675,-0.11262175324675325,false
845,nascent,0.26136363636363635,-0.12317370129870125,false
846,nascent,0.2483766233766234,-0.11336580086580086,false
847,nascent,0.30844155844155846,-0.13034361471861466,false
848,nascent,0.2922077922077922,-0.13271103896103886,false
849,reporting,0.32305194805194803,-0.1185741341991342,false
850,reporting,0.32305194805194803,-0.11837121212121215,false
851,reporting,0.3262987012987013,-0.10233516483516486,false
852,reporting,0.3457792207792208,-0.09990009990009979,false
853,reporting,0.3262987012987013,-0.09674122174122168,false
854,reporting,0.3262987012987013,-0.09884559884559879,false
855,reporting,0.3522727272727273,-0.09776334776334777,false
856,reporting,0.32954545454545453,-0.08833407971339002,false
857,reporting,0.3538961038961039,-0.08549783549783557,false
858,reporting,0.3409090909090909,-0.10064935064935071,false
859,reporting,0.3327922077922078,-0.09141639610389601,false
860,reporting,0.3409090909090909,-0.09933035714285715,false
861,reporting,0.3409090909090909,-0.09937032664305401,false
862,reporting,0.36363636363636365,-0.09568083431719787,false
863,reporting,0.3425324675324675,-0.10271546635182993,false
864,reporting,0.3425324675324675,-0.10463400236127501,false
865,reporting,0.36688311688311687,-0.10507674144037787,false
866,reporting,0.3409090909090909,-0.10753640299094841,false
867,reporting,0.41233766233766234,-0.10478158205430921,false
868,reporting,0.44642857142857145,-0.10866784730421103,false
869,reporting,0.461038961038961,-0.11152105470287277,false
870,reporting,0.4772727272727273,-0.11186540731995276,false
871,reporting,0.4805194805194805,-0.11339039748130669,false
872,reporting,0.5357142857142857,-0.10527351436442345,false
873,reporting,0.547077922077922,-0.1068968909878002,false
874,reporting,0.5227272727272727,-0.10876623376623373,false
875,reporting,0.5827922077922078,-0.10620818575364022,false
876,reporting,0.5275974025974026,-0.10906139315230234,false
877,reporting,0.6136363636363636,-0.10182998819362454,false
878,reporting,0.573051948051948,-0.09602518693427786,false
879,reporting,0.6103896103896104,-0.0962219598583236,false
880,reporting,0.6363636363636364,-0.09459858323494663,false
881,reporting,0.6152597402597403,-0.0936147186147186,false
882,reporting,0.625,-0.09494293585202673,false
883,reporting,0.6217532467532467,-0.09863242817788276,false
884,reporting,0.6298701298701299,-0.09853404171585989,false
885,reporting,0.6477272727272727,-0.10055096418732767,false
886,reporting,0.6266233766233766,-0.09922274695001987,false
887,reporting,0.6314935064935064,-0.09691066509248314,false
888,reporting,0.6233766233766234,-0.09695985832349485,false
889,reporting,0.612012987012987,-0.1166863439590714,false
890,reporting,0.6493506493506493,-0.06178669815033477,false
891,reporting,0.6233766233766234,-0.08771153089334915,false
892,reporting,0.5909090909090909,-0.09843565525383702,false
893,reporting,0.6087662337662337,-0.04948839039748132,false
894,reporting,0.6071428571428571,-0.04914403778040155,false
895,reporting,0.5551948051948052,-0.05534238488783927,false
896,reporting,0.6314935064935064,-0.018496654860291284,false
897,reporting,0.547077922077922,-0.02139905548996468,false
898,reporting,0.5762987012987013,-0.026023219205037473,true
899,reporting,0.42045454545454547,-0.025285320739866113,true
900,reporting,0.2922077922077922,-0.027695789059425435,true
901,strong,0.0,0.0,true
902,nascent,0.14285714285714285,0.033627087198515745,false
903,nascent,0.14772727272727273,0.03362708719851577,false
904,nascent,0.18506493506493507,0.054962894248608535,false
905,nascent,0.19642857142857142,0.06926406926406928,false
906,nascent,0.24512987012987014,0.079004329004329,false
907,strong,0.2435064935064935,0.07882395382395382,false
908,strong,0.2435064935064935,0.07882395382395382,false
909,strong,0.2435064935064935,0.07665945165945165,false
910,strong,0.2435064935064935,0.07052669552669552,false
911,strong,0.24512987012987014,0.06120129870129867,false
912,strong,0.2435064935064935,0.058441558441558406,false
913,strong,0.2435064935064935,0.056493506493506485,false
914,strong,0.2435064935064935,0.055519480519480524,false
915,strong,0.2435064935064935,0.058279220779220764,false
916,strong,0.349025974025974,0.08766233766233761,false
917,strong,0.37012987012987014,0.08993506493506492,false
918,strong,0.37337662337662336,0.08847402597402598,false
919,strong,0.375,0.08961038961038958,false
920,strong,0.37337662337662336,0.08814935064935059,false
921,strong,0.37662337662337664,0.08993506493506492,false
922,strong,0.39285714285714285,0.0917207792207792,false
923,strong,0.3944805194805195,0.09204545454545449,false
924,strong,0.42045454545454547,0.09448051948051955,false
925,strong,0.3944805194805195,0.0904220779220779,false
926,strong,0.4772727272727273,0.11152597402597408,false
927,strong,0.4577922077922078,0.10438311688311691,false
928,strong,0.4659090909090909,0.10405844155844152,false
929,strong,0.4659090909090909,0.10405844155844152,false
930,strong,0.4675324675324675,0.10503246753246753,false
931,strong,0.4902597402597403,0.10909090909090902,false
932,strong,0.4707792207792208,0.1030844155844155,false
933,strong,0.4707792207792208,0.10373376623376623,false
934,strong,0.4967532467532468,0.10892857142857143,false
935,strong,0.474025974025974,0.10438311688311691,false
936,strong,0.5081168831168831,0.11509740259740253,false
937,strong,0.5081168831168831,0.11509740259740253,false
938,strong,0.5,0.113474025974026,false
939,strong,0.5081168831168831,0.11298701298701297,false
940,strong,0.5113636363636364,0.11250000000000004,false
941,strong,0.5340909090909091,0.11737012987012985,false
942,strong,0.512987012987013,0.11103896103896105,false
943,strong,0.512987012987013,0.11071428571428577,false
944,strong,0.5373376623376623,0.11558441558441562,false
945,strong,0.512987012987013,0.11071428571428577,false
946,strong,0.5941558441558441,0.13490259740259736,false
947,strong,0.6347402597402597,0.11598124098124085,false
948,strong,0.6493506493506493,0.11544011544011534,false
949,strong,0.6655844155844156,0.1170634920634922,false
950,strong,0.6672077922077922,0.11363636363636365,false
951,strong,0.7256493506493507,0.12590187590187585,false
952,strong,0.7337662337662337,0.12337662337662336,false
953,strong,0.711038961038961,0.12139249639249627,false
954,strong,0.7694805194805194,0.12788600288600283,false
955,strong,0.7142857142857143,0.11724386724386726,false
956,strong,0.8068181818181818,0.134920634920635,false
957,strong,0.7532467532467533,0.12734487734487732,false
958,strong,0.7922077922077922,0.12770562770562788,false
959,strong,0.8181818181818182,0.13131313131313138,false
960,strong,0.7938311688311688,0.12716450216450204,false
961,strong,0.8068181818181818,0.1298701298701299,false
962,strong,0.8003246753246753,0.12716450216450226,false
963,strong,0.810064935064935,0.12896825396825395,false
964,strong,0.827922077922078,0.12878787878787878,false
965,strong,0.8051948051948052,0.12644300144300147,false
966,strong,0.810064935064935,0.12950937950937957,false
967,strong,0.8003246753246753,0.12662337662337664,false
968,strong,0.836038961038961,0.14736652236652226,false
969,strong,0.7775974025974026,0.11237373737373746,false
970,strong,0.801948051948052,0.13257575757575768,false
971,strong,0.7743506493506493,0.12662337662337664,false
972,strong,0.7224025974025974,0.11760461760461771,false
973,strong,0.7126623376623377,0.11345598845598848,false
974,strong,0.6753246753246753,0.10082972582972582,false
975,strong,0.7045454545454546,0.10768398268398272,false
976,strong,0.6201298701298701,0.09812409812409806,false
977,strong,0.6477272727272727,0.09325396825396826,true
978,strong,0.4935064935064935,0.08477633477633467,true
979,strong,0.349025974025974,0.0588023088023088,true
980,strong,0.0,0.0,true
981,nascent,0.05519480519480519,-0.059253246753246745,false
982,nascent,0.060064935064935064,-0.05925324675324676,false
983,nascent,0.060064935064935064,-0.06934137291280149,false
984,nascent,0.07142857142857142,-0.063543599257885,false
985,nascent,0.09090909090909091,-0.0790816326530612,false
986,reporting,0.09090909090909091,-0.07745825602968459,false
987,reporting,0.09090909090909091,-0.07977736549165121,false
988,reporting,0.12012987012987013,-0.05728200371057514,false
989,reporting,0.12012987012987013,-0.058905380333951776,false
990,reporting,0.12012987012987013,-0.0663265306122449,false
991,reporting,0.12012987012987013,-0.06679035250463823,false
992,reporting,0.12012987012987013,-0.06679035250463823,false
993,reporting,0.12012987012987013,-0.06702226345083488,false
994,reporting,0.12012987012987013,-0.07142857142857144,false
995,reporting,0.16558441558441558,-0.10412801484230058,false
996,reporting,0.17857142857142858,-0.1143320964749536,false
997,reporting,0.17857142857142858,-0.1268552875695733,false
998,reporting,0.17857142857142858,-0.12569573283858995,false
999,reporting,0.17857142857142858,-0.1266233766233766,false
1000,reporting,0.17857142857142858,-0.13404452690166976,false
1001,reporting,0.18019480519480519,-0.1296672077922078,false
1002,reporting,0.17857142857142858,-0.13413149350649348,false
1003,reporting,0.19318181818181818,-0.1412337662337662,false
1004,reporting,0.19318181818181818,-0.11810064935064934,false
1005,reporting,0.262987012987013,-0.12134740259740262,false
1006,reporting,0.31493506493506496,-0.05916305916305914,false
1007,reporting,0.3474025974025974,-0.0600649350649351,false
1008,reporting,0.3474025974025974,-0.06421356421356422,false
1009,reporting,0.349025974025974,-0.0600649350649351,false
1010,reporting,0.35064935064935066,-0.07196969696969696,false
1011,reporting,0.3474025974025974,-0.06295093795093798,false
1012,reporting,0.3474025974025974,-0.06511544011544013,false
1013,reporting,0.36038961038961037,-0.07160894660894662,false
1014,reporting,0.362012987012987,-0.05663780663780671,false
1015,reporting,0.375,-0.06890331890331891,false
1016,reporting,0.38961038961038963,-0.06331168831168832,false
1017,reporting,0.4042207792207792,-0.041847041847041855,false
1018,reporting,0.4107142857142857,-0.041305916305916346,false
1019,reporting,0.4107142857142857,-0.0431096681096681,false
1020,reporting,0.4172077922077922,-0.053932178932179,false
1021,reporting,0.41233766233766234,-0.04779942279942284,false
1022,reporting,0.41233766233766234,-0.0514069264069264,false
1023,reporting,0.42694805194805197,-0.06421356421356417,false
1024,reporting,0.413961038961039,-0.05447330447330456,false
1025,reporting,0.4659090909090909,-0.06818181818181818,false
1026,reporting,0.5146103896103896,-0.06186868686868685,false
1027,reporting,0.5162337662337663,-0.07106782106782106,false
1028,reporting,0.5340909090909091,-0.06980519480519487,false
1029,reporting,0.5357142857142857,-0.07359307359307365,false
1030,reporting,0.5746753246753247,-0.08152958152958156,false
1031,reporting,0.6152597402597403,-0.06132756132756123,false
1032,reporting,0.5909090909090909,-0.05645743145743143,false
1033,reporting,0.6363636363636364,-0.06872294372294374,false
1034,reporting,0.5957792207792207,-0.057900432900432786,false
1035,reporting,0.676948051948052,-0.059343434343434254,false
1036,reporting,0.6233766233766234,-0.06168831168831168,false
1037,reporting,0.6493506493506493,-0.08062770562770571,false
1038,reporting,0.663961038961039,-0.0966810966810967,false
1039,reporting,0.650974025974026,-0.09072871572871577,false
1040,reporting,0.6655844155844156,-0.09415584415584421,false
1041,reporting,0.6412337662337663,-0.1138167388167387,false
1042,reporting,0.663961038961039,-0.10227272727272718,false
1043,reporting,0.6704545454545454,-0.11616161616161624,false
1044,reporting,0.7077922077922078,-0.0622294372294373,false
1045,reporting,0.7094155844155844,-0.0660173160173162,false
1046,reporting,0.7077922077922078,-0.058080808080808066,false
1047,reporting,0.6948051948051948,-0.09397546897546905,false
1048,reporting,0.6753246753246753,-0.0714285714285714,false
1049,reporting,0.650974025974026,-0.11183261183261173,false
1050,reporting,0.6363636363636364,-0.10209235209235223,false
1051,reporting,0.5957792207792207,-0.09307359307359309,false
1052,reporting,0.5941558441558441,-0.09271284271284275,false
1053,reporting,0.586038961038961,-0.06096681096681089,false
1054,reporting,0.5811688311688312,-0.09487734487734478,false
1055,reporting,0.5113636363636364,-0.08351370851370843,false
1056,reporting,0.5422077922077922,-0.08297258297258281,true
1057,reporting,0.387987012987013,-0.08008658008658004,true
1058,reporting,0.23376623376623376,-0.0965007215007215,true
1059,strong,0.0,0.0,true
1060,nascent,0.18344155844155843,0.025324675324675333,false
1061,nascent,0.18831168831168832,0.025324675324675278,false
1062,nascent,0.19480519480519481,0.028733766233766223,false
1063,nascent,0.19480519480519481,0.027029220779220764,false
1064,nascent,0.24025974025974026,0.030032467532467494,false
1065,strong,0.237012987012987,0.024756493506493504,false
1066,strong,0.237012987012987,0.024188311688311676,false
1067,strong,0.237012987012987,0.020535714285714296,false
1068,strong,0.237012987012987,0.02086038961038958,false
1069,strong,0.23863636363636365,0.020373376623376627,false
1070,strong,0.237012987012987,0.01939935064935064,false
1071,strong,0.2435064935064935,0.025405844155844154,false
1072,strong,0.2435064935064935,0.025730519480519493,false
1073,strong,0.2435064935064935,0.02102272727272725,false
1074,strong,0.33766233766233766,0.018181818181818243,false
1075,strong,0.36363636363636365,0.020048701298701233,false
1076,strong,0.3652597402597403,0.017775974025974084,false
1077,strong,0.3652597402597403,0.020513577331759236,false
1078,reporting,0.33116883116883117,-0.01062573789846516,false
1079,reporting,0.33116883116883117,-0.015053128689492268,false
1080,reporting,0.349025974025974,-0.01079898362507059,false
1081,strong,0.3782467532467532,0.01887175324675322,false
1082,strong,0.40584415584415584,0.021306818181818232,false
1083,strong,0.3814935064935065,0.01975108225108224,false
1084,strong,0.43993506493506496,0.0011498917748918314,false
1085,strong,0.42694805194805197,0.0020292207792209083,false
1086,strong,0.461038961038961,0.019412878787878785,false
1087,strong,0.4594155844155844,0.0179924242424242,false
1088,strong,0.461038961038961,0.032405094905094856,false
1089,strong,0.4788961038961039,0.033216783216783285,false
1090,strong,0.474025974025974,0.050986050986051024,false
1091,strong,0.4675324675324675,0.04238816738816742,false
1092,strong,0.49512987012987014,0.045093795093795075,false
1093,strong,0.47564935064935066,0.0577698163905061,false
1094,strong,0.5081168831168831,0.06872294372294363,false
1095,strong,0.5097402597402597,0.06818181818181812,false
1096,strong,0.5,0.07579139610389618,false
1097,strong,0.5113636363636364,0.07112418831168832,false
1098,strong,0.5146103896103896,0.07433097205824474,false
1099,strong,0.538961038961039,0.07964384100747746,false
1100,strong,0.5162337662337663,0.07098583234946881,false
1101,strong,0.5162337662337663,0.06906729634002373,false
1102,strong,0.5405844155844156,0.06862455726092087,false
1103,strong,0.5194805194805194,0.07103502558048014,false
1104,strong,0.5974025974025974,0.08028335301062584,false
1105,strong,0.6347402597402597,0.07964384100747723,false
1106,strong,0.6574675324675324,0.08490751672569863,false
1107,strong,0.6737012987012987,0.08456316410861864,false
1108,strong,0.6753246753246753,0.08141479732388812,false
1109,strong,0.7272727272727273,0.08628492719401815,false
1110,strong,0.737012987012987,0.08303817394726476,false
1111,strong,0.7126623376623377,0.08116883116883122,false
1112,strong,0.7727272727272727,0.08372687918142474,false
1113,strong,0.724025974025974,0.08736717827626905,false
1114,strong,0.8084415584415584,0.09297520661157022,false
1115,strong,0.7548701298701299,0.08579299488390402,false
1116,strong,0.7922077922077922,0.08559622195985828,false
1117,strong,0.8181818181818182,0.08721959858323525,false
1118,strong,0.7938311688311688,0.0849567099567099,false
1119,strong,0.8068181818181818,0.08687524596615503,false
1120,strong,0.8084415584415584,0.08805588351042892,false
1121,strong,0.8133116883116883,0.08490751672569852,false
1122,strong,0.8344155844155844,0.08613734750098401,false
1123,strong,0.8116883116883117,0.08584218811491517,false
1124,strong,0.8181818181818182,0.08977764659582865,false
1125,strong,0.8051948051948052,0.08485832349468703,false
1126,strong,0.7987012987012987,0.07000196772924028,false
1127,strong,0.7824675324675324,0.0713301849665483,false
1128,strong,0.8068181818181818,0.09573002754820925,false
1129,strong,0.7824675324675324,0.09312278630460447,false
1130,strong,0.7175324675324676,0.059277843368752525,false
1131,strong,0.724025974025974,0.06773907910271537,false
1132,strong,0.6753246753246753,0.06478748524203082,false
1133,strong,0.711038961038961,0.0610487996851633,false
1134,strong,0.6217532467532467,0.05327626918535999,false
1135,strong,0.6542207792207793,0.051898858717040475,true
1136,strong,0.4935064935064935,0.04776662731208192,true
1137,strong,0.3555194805194805,0.035615899252262884,true
1138,strong,0.0,0.0,true
1139,nascent,0.45616883116883117,-0.037337662337662336,false
1140,nascent,0.5016233766233766,-0.023476523476523514,false
1141,nascent,0.5113636363636364,-0.022727272727272707,false
1142,nascent,0.5795454545454546,-0.0016233766233765268,false
1143,nascent,0.6266233766233766,0.029595404595404662,false
1144,strong,0.6525974025974026,0.07130369630369637,false
1145,strong,0.7224025974025974,0.0889110889110889,false
1146,strong,0.6704545454545454,0.08191808191808192,false
1147,strong,0.7564935064935064,0.09990009990009974,false
1148,strong,0.7224025974025974,0.10814185814185806,false
1149,strong,0.7694805194805194,0.11875624375624372,false
1150,strong,0.7987012987012987,0.116133866133866,false
1151,strong,0.7743506493506493,0.1163836163836165,false
1152,strong,0.7905844155844156,0.12062937062937062,false
1153,strong,0.7873376623376623,0.08360389610389585,false
1154,strong,0.797077922077922,0.08395176252319103,false
1155,strong,0.8165584415584416,0.08256029684601118,false
1156,strong,0.7938311688311688,0.08000927643784783,false
1157,strong,0.801948051948052,0.08395176252319125,false
1158,strong,0.7954545454545454,0.08685064935064923,false
1159,strong,0.8344155844155844,0.10157699443413737,false
1160,strong,0.7727272727272727,0.07618274582560314,false
1161,strong,0.7987012987012987,0.08858998144712438,false
1162,strong,0.7743506493506493,0.08499536178107614,false
1163,strong,0.724025974025974,0.08116883116883111,false
1164,strong,0.7207792207792207,0.08000927643784794,false
1165,strong,0.672077922077922,0.06574675324675339,false
1166,strong,0.7094155844155844,0.07235621521335811,false
1167,strong,0.6217532467532467,0.06470315398886828,false
1168,strong,0.6542207792207793,0.06331168831168843,true
1169,strong,0.4935064935064935,0.05473098330241183,true
1170,strong,0.3555194805194805,0.03791743970315398,true
1171,strong,0.0,0.0,true
1172,nascent,0.34415584415584416,0.0034377387318563213,false
1173,nascent,0.3474025974025974,-0.007189239332096531,false
1174,nascent,0.3474025974025974,0.008950508950508862,false
1175,nascent,0.4025974025974026,-0.0028957528957529455,false
1176,nascent,0.387987012987013,-0.008116883116883078,false
1177,reporting,0.3977272727272727,-0.015224640224640262,false
1178,reporting,0.3977272727272727,-0.017242892242892216,false
1179,reporting,0.400974025974026,-0.017155142155142078,false
1180,strong,0.4642857142857143,0.037378246753246636,false
1181,strong,0.45454545454545453,0.04954988193624554,false
1182,strong,0.45616883116883117,0.051226551226551176,false
1183,strong,0.46915584415584416,0.05274170274170281,false
1184,strong,0.4594155844155844,0.04163059163059163,false
1185,strong,0.4935064935064935,0.044588744588744345,false
1186,strong,0.5,0.044011544011544224,false
1187,strong,0.49188311688311687,0.040440115440115554,false
1188,strong,0.5,0.039898989898989934,false
1189,strong,0.5,0.03816738816738835,false
1190,strong,0.525974025974026,0.04484126984126985,false
1191,strong,0.5048701298701299,0.03899711399711392,false
1192,strong,0.5048701298701299,0.03647186147186149,false
1193,strong,0.5292207792207793,0.03697691197691194,false
1194,strong,0.5064935064935064,0.03520923520923519,false
1195,strong,0.5844155844155844,0.044607566346696825,false
1196,strong,0.6266233766233766,0.045913325804630256,false
1197,strong,0.6412337662337663,0.043584133258046664,false
1198,strong,0.6574675324675324,0.041758773141751915,false
1199,strong,0.6623376623376623,0.039859077093119644,false
1200,strong,0.7142857142857143,0.04500552638850508,false
1201,strong,0.7224025974025974,0.03315833103067134,false
1202,strong,0.698051948051948,0.031016855484940486,false
1203,strong,0.7581168831168831,0.03564520585797193,false
1204,strong,0.7045454545454546,0.02918623929262243,false
1205,strong,0.7938311688311688,0.03139679469466705,false
1206,strong,0.7516233766233766,0.03871925946394039,false
1207,strong,0.7905844155844156,0.03799392097264431,false
1208,strong,0.8181818181818182,0.039962696877590465,false
1209,strong,0.7938311688311688,0.03612876485216887,false
1210,strong,0.8035714285714286,0.03136225476650978,false
1211,strong,0.8051948051948052,0.03647416413373872,false
1212,strong,0.8084415584415584,0.02966979828681937,false
1213,strong,0.8311688311688312,0.03198397347333537,false
1214,strong,0.8068181818181818,0.03067145620337075,false
1215,strong,0.8133116883116883,0.03333103067145626,false
1216,strong,0.8003246753246753,0.03547754329004349,false
1217,strong,0.8392857142857143,0.06432629870129847,false
1218,strong,0.7792207792207793,0.03043831168831168,false
1219,strong,0.8035714285714286,0.06060606060606044,false
1220,strong,0.7792207792207793,0.06050459956709975,false
1221,strong,0.7256493506493507,0.056615259740259716,false
1222,strong,0.724025974025974,0.05468749999999989,false
1223,strong,0.6737012987012987,0.02631222943722966,false
1224,strong,0.7094155844155844,0.04217397186147176,false
1225,strong,0.6201298701298701,0.035071699134199164,false
1226,strong,0.650974025974026,0.03388798701298701,true
1227,strong,0.49188311688311687,0.028341450216450126,true
1228,strong,0.3555194805194805,0.025331439393939337,true
1229,strong,0.0,0.0,true
1230,nascent,0.1590909090909091,0.0009740259740259882,false
1231,nascent,0.16396103896103897,0.0009740259740259327,false
1232,nascent,0.16883116883116883,0.00275974025974024,false
1233,nascent,0.16883116883116883,0.0010551948051947813,false
1234,nascent,0.22077922077922077,0.010551948051948007,false
1235,strong,0.21266233766233766,0.00040584415584415945,false
1236,strong,0.21915584415584416,0.006331168831168826,false
1237,strong,0.21915584415584416,0.002678571428571447,false
1238,strong,0.21915584415584416,0.00300324675324673,false
1239,strong,0.22077922077922077,0.0025162337662337497,false
1240,strong,0.21915584415584416,0.0015422077922077893,false
1241,strong,0.21915584415584416,0.001055194805194809,false
1242,strong,0.21915584415584416,0.0013798701298701477,false
1243,reporting,0.21915584415584416,-0.0033279220779220964,false
1244,reporting,0.3116883116883117,-0.007792207792207739,false
1245,reporting,0.3327922077922078,-0.010795454545454608,false
1246,reporting,0.3327922077922078,-0.014691558441558394,false
1247,reporting,0.336038961038961,-0.008707201889020022,false
1248,strong,0.35064935064935066,0.008854781582054327,false
1249,strong,0.362012987012987,0.015791027154663573,false
1250,strong,0.37987012987012986,0.02004517221908525,false
1251,strong,0.3814935064935065,0.022118506493506496,false
1252,strong,0.4074675324675325,0.02293019480519487,false
1253,strong,0.38311688311688313,0.02137445887445888,false
1254,strong,0.4675324675324675,0.028747294372294396,false
1255,reporting,0.4074675324675325,-0.01745129870129858,false
1256,strong,0.46266233766233766,0.021036255411255422,false
1257,strong,0.461038961038961,0.019615800865800836,false
1258,strong,0.46266233766233766,0.03402847152847149,false
1259,strong,0.4837662337662338,0.0380869130869132,false
1260,strong,0.4642857142857143,0.04124579124579131,false
1261,strong,0.4642857142857143,0.0391414141414142,false
1262,strong,0.4902597402597403,0.04022366522366522,false
1263,strong,0.4675324675324675,0.04965293327362297,false
1264,strong,0.5032467532467533,0.06385281385281383,false
1265,strong,0.5032467532467533,0.06168831168831168,false
1266,strong,0.49512987012987014,0.07092126623376632,false
1267,strong,0.5032467532467533,0.06300730519480524,false
1268,strong,0.5064935064935064,0.06621408894136155,false
1269,strong,0.5340909090909091,0.07477371113734754,false
1270,strong,0.512987012987013,0.06773907910271554,false
1271,strong,0.5113636363636364,0.06419716646989382,false
1272,strong,0.5357142857142857,0.06375442739079096,false
1273,strong,0.5227272727272727,0.07428177882723341,false
1274,strong,0.6055194805194806,0.08840023612750902,false
1275,strong,0.6428571428571429,0.08776072412436042,false
1276,strong,0.6574675324675324,0.08490751672569863,false
1277,strong,0.6737012987012987,0.08456316410861864,false
1278,strong,0.6785714285714286,0.0846615505706414,false
1279,strong,0.7321428571428571,0.09115505706414795,false
1280,strong,0.7402597402597403,0.08628492719401804,false
1281,strong,0.7175324675324676,0.08603896103896114,false
1282,strong,0.775974025974026,0.08697363242817802,false
1283,strong,0.724025974025974,0.08736717827626905,false
1284,strong,0.810064935064935,0.09459858323494685,false
1285,strong,0.7564935064935064,0.08741637150728054,false
1286,strong,0.7954545454545454,0.08884297520661144,false
1287,strong,0.8214285714285714,0.09046635182998841,false
1288,strong,0.797077922077922,0.08820346320346317,false
1289,strong,0.8084415584415584,0.08849862258953167,false
1290,strong,0.8068181818181818,0.08643250688705229,false
1291,strong,0.8133116883116883,0.08490751672569852,false
1292,strong,0.836038961038961,0.08776072412436065,false
1293,strong,0.8116883116883117,0.08584218811491517,false
1294,strong,0.8181818181818182,0.08977764659582865,false
1295,strong,0.8051948051948052,0.08485832349468703,false
1296,strong,0.8441558441558441,0.11545651318378569,false
1297,strong,0.7824675324675324,0.0713301849665483,false
1298,strong,0.8068181818181818,0.09573002754820925,false
1299,strong,0.7824675324675324,0.09312278630460447,false
1300,strong,0.7272727272727273,0.06901810310901224,false
1301,strong,0.724025974025974,0.06773907910271537,false
1302,strong,0.6753246753246753,0.06478748524203082,false
1303,strong,0.711038961038961,0.0610487996851633,false
1304,strong,0.6217532467532467,0.05327626918535999,false
1305,strong,0.6542207792207793,0.051898858717040475,true
1306,strong,0.4935064935064935,0.04776662731208192,true
1307,strong,0.3555194805194805,0.035615899252262884,true
1308,strong,0.0,0.0,true
1309,nascent,0.28084415584415584,-0.14336444805194798,false
1310,nascent,0.288961038961039,-0.15127840909090906,false
1311,nascent,0.29383116883116883,-0.14644824872097606,false
1312,nascent,0.3068181818181818,-0.1524990161353797,false
1313,nascent,0.29383116883116883,-0.15141676505312862,false
1314,reporting,0.29383116883116883,-0.1533353010625737,false
1315,reporting,0.3181818181818182,-0.15377804014167656,false
1316,reporting,0.29383116883116883,-0.15461432506887046,false
1317,reporting,0.35714285714285715,-0.1599763872491144,false
1318,reporting,0.42207792207792205,-0.13301849665486043,false
1319,reporting,0.4366883116883117,-0.1358717040535221,false
1320,reporting,0.4659090909090909,-0.12322904368358917,false
1321,reporting,0.4724025974025974,-0.12150728059818983,false
1322,reporting,0.5194805194805194,-0.12150728059818972,false
1323,reporting,0.5340909090909091,-0.11988390397481319,false
1324,reporting,0.5081168831168831,-0.12337662337662336,false
1325,reporting,0.5633116883116883,-0.12568870523415965,false
1326,reporting,0.512987012987013,-0.12367178276269197,false
1327,reporting,0.599025974025974,-0.11644037780401417,false
1328,reporting,0.5438311688311688,-0.12524596615505712,false
1329,reporting,0.5811688311688312,-0.12544273907910275,false
1330,reporting,0.6136363636363636,-0.11732585596221934,false
1331,reporting,0.5876623376623377,-0.12121212121212122,false
1332,reporting,0.599025974025974,-0.12091696182605272,false
1333,reporting,0.5941558441558441,-0.12622983077528538,false
1334,reporting,0.6038961038961039,-0.12450806768988587,false
1335,reporting,0.6217532467532467,-0.12652499016135366,false
1336,reporting,0.5941558441558441,-0.1316902794175524,false
1337,reporting,0.5925324675324676,-0.135871704053522,false
1338,reporting,0.5892857142857143,-0.1310507674144039,false
1339,reporting,0.5746753246753247,-0.15402400629673374,false
1340,reporting,0.6103896103896104,-0.10074773711137375,false
1341,reporting,0.5876623376623377,-0.12342581660763485,false
1342,reporting,0.6055194805194806,-0.08382526564344739,false
1343,reporting,0.5633116883116883,-0.09494293585202673,false
1344,reporting,0.5616883116883117,-0.09459858323494696,false
1345,reporting,0.5113636363636364,-0.09917355371900816,false
1346,reporting,0.5762987012987013,-0.07369146005509641,false
1347,reporting,0.5048701298701299,-0.06360684769775682,false
1348,reporting,0.5292207792207793,-0.07310114128295953,true
1349,reporting,0.37662337662337664,-0.06911648957103494,true
1350,reporting,0.2418831168831169,-0.07802046438410074,true
1351,strong,0.0,0.0,true
1352,nascent,0.3457792207792208,-0.045454545454545414,false
1353,nascent,0.3538961038961039,-0.06277056277056281,false
1354,nascent,0.36363636363636365,-0.022321428571428548,false
1355,nascent,0.362012987012987,-0.01826298701298701,false
1356,nascent,0.36688311688311687,-0.022727272727272763,false
1357,reporting,0.3685064935064935,-0.023538961038961026,false
1358,reporting,0.37337662337662336,-0.032061688311688374,false
1359,reporting,0.37337662337662336,-0.021509740259740284,false
1360,reporting,0.37337662337662336,-0.02069805194805202,false
1361,reporting,0.38636363636363635,-0.011363636363636354,false
1362,reporting,0.375,-0.011769480519480513,false
1363,reporting,0.4172077922077922,-0.0267857142857143,false
1364,reporting,0.4707792207792208,-0.027597402597402565,false
1365,reporting,0.48538961038961037,-0.02840909090909094,false
1366,reporting,0.5064935064935064,-0.024350649350649456,false
1367,reporting,0.5081168831168831,-0.027191558441558406,false
1368,reporting,0.5405844155844156,-0.03774350649350644,false
1369,reporting,0.560064935064935,-0.035308441558441594,false
1370,reporting,0.5438311688311688,-0.031655844155844215,false
1371,reporting,0.5957792207792207,-0.02394480519480524,false
1372,reporting,0.5616883116883117,-0.022321428571428492,false
1373,reporting,0.6136363636363636,-0.038149350649350655,false
1374,reporting,0.5795454545454546,-0.03043831168831168,false
1375,reporting,0.6103896103896104,-0.0361201298701298,false
1376,reporting,0.6363636363636364,-0.025162337662337664,false
1377,reporting,0.6266233766233766,-0.029626623376623362,false
1378,reporting,0.6412337662337663,-0.029626623376623362,false
1379,reporting,0.6347402597402597,-0.01826298701298712,false
1380,reporting,0.6461038961038961,-0.015422077922077948,false
1381,reporting,0.6655844155844156,-0.014204545454545414,false
1382,reporting,0.6444805194805194,-0.009740259740259827,false
1383,reporting,0.6525974025974026,-0.006493506493506551,false
1384,reporting,0.6428571428571429,-0.00649350649350644,false
1385,reporting,0.6266233766233766,-0.01014610389610393,false
1386,reporting,0.6022727272727273,-0.034496753246753276,false
1387,reporting,0.5909090909090909,-0.03977272727272729,false
1388,reporting,0.564935064935065,-0.04139610389610393,false
1389,reporting,0.525974025974026,-0.03368506493506496,false
1390,reporting,0.525974025974026,-0.038961038961038974,false
1391,reporting,0.5211038961038961,-0.03409090909090906,false
1392,reporting,0.5162337662337663,-0.040990259740259716,false
1393,reporting,0.4675324675324675,-0.032061688311688374,false
1394,reporting,0.49837662337662336,-0.034496753246753276,true
1395,reporting,0.3425324675324675,-0.0332792207792208,true
1396,reporting,0.23376623376623376,-0.020698051948051938,true
1397,strong,0.0,0.0,true
1398,nascent,0.3246753246753247,-0.13993506493506502,false
1399,nascent,0.3555194805194805,-0.1290584415584416,false
1400,nascent,0.35064935064935066,-0.11769480519480513,false
1401,nascent,0.35064935064935066,-0.11899350649350648,false
1402,nascent,0.375,-0.1162337662337663,false
1403,reporting,0.35714285714285715,-0.11331168831168836,false
1404,reporting,0.42045454545454547,-0.12467532467532466,false
1405,reporting,0.474025974025974,-0.11834415584415581,false
1406,reporting,0.487012987012987,-0.12467532467532472,false
1407,reporting,0.5048701298701299,-0.12548701298701292,false
1408,reporting,0.5064935064935064,-0.1275974025974026,false
1409,reporting,0.5422077922077922,-0.14448051948051932,false
1410,reporting,0.564935064935065,-0.13847402597402603,false
1411,reporting,0.538961038961039,-0.14415584415584415,false
1412,reporting,0.586038961038961,-0.15227272727272723,false
1413,reporting,0.5438311688311688,-0.1443181818181819,false
1414,reporting,0.6185064935064936,-0.1558441558441559,false
1415,reporting,0.564935064935065,-0.1555194805194805,false
1416,reporting,0.6055194805194806,-0.13872491145218424,false
1417,reporting,0.6152597402597403,-0.15672963400236117,false
1418,reporting,0.6022727272727273,-0.1492030696576151,false
1419,reporting,0.6185064935064936,-0.14639905548996435,false
1420,reporting,0.6136363636363636,-0.1500885478158206,false
1421,reporting,0.6217532467532467,-0.15082644628099173,false
1422,reporting,0.6461038961038961,-0.1477272727272726,false
1423,reporting,0.6314935064935064,-0.14226682408500602,false
1424,reporting,0.6607142857142857,-0.12145808736717834,false
1425,reporting,0.6542207792207793,-0.12012987012987009,false
1426,reporting,0.6428571428571429,-0.152892561983471,false
1427,reporting,0.663961038961039,-0.0886953955135773,false
1428,reporting,0.6477272727272727,-0.11821133412042506,false
1429,reporting,0.6185064935064936,-0.12234356552538372,false
1430,reporting,0.5876623376623377,-0.10374852420306957,false
1431,reporting,0.5795454545454546,-0.11024203069657601,false
1432,reporting,0.5827922077922078,-0.07216646989374265,false
1433,reporting,0.6006493506493507,-0.07792207792207784,false
1434,reporting,0.5194805194805194,-0.07674144037780417,false
1435,reporting,0.538961038961039,-0.08780991735537191,true
1436,reporting,0.38636363636363635,-0.08131641086186542,true
1437,reporting,0.25162337662337664,-0.07954545454545453,true
1438,strong,0.0,0.0,true
1439,nascent,0.11038961038961038,0.007575757575757569,false
1440,nascent,0.1525974025974026,0.031655844155844146,false
1441,nascent,0.1590909090909091,0.028409090909090884,false
1442,nascent,0.16071428571428573,0.029491341991341985,false
1443,nascent,0.18506493506493507,0.035714285714285726,false
1444,strong,0.18344155844155843,0.03517316017316019,false
1445,strong,0.18344155844155843,0.03950216450216448,false
1446,strong,0.18344155844155843,0.03950216450216448,false
1447,strong,0.18344155844155843,0.03950216450216448,false
1448,strong,0.18993506493506493,0.043290043290043295,false
1449,strong,0.18831168831168832,0.04274891774891776,false
1450,strong,0.18831168831168832,0.04274891774891776,false
1451,strong,0.18831168831168832,0.04274891774891776,false
1452,strong,0.18831168831168832,0.04274891774891776,false
1453,strong,0.2775974025974026,0.060335497835497826,false
1454,strong,0.2987012987012987,0.0579004329004329,false
1455,strong,0.2987012987012987,0.0579004329004329,false
1456,strong,0.3003246753246753,0.05925324675324675,false
1457,strong,0.30194805194805197,0.060606060606060635,false
1458,strong,0.30357142857142855,0.05979437229437229,false
1459,strong,0.32142857142857145,0.05925324675324678,false
1460,strong,0.32305194805194803,0.059253246753246724,false
1461,strong,0.336038961038961,0.04870129870129869,false
1462,strong,0.3246753246753247,0.05979437229437229,false
1463,strong,0.3944805194805195,0.07251082251082253,false
1464,strong,0.3944805194805195,0.07738095238095238,false
1465,strong,0.4025974025974026,0.07738095238095238,false
1466,strong,0.4025974025974026,0.07738095238095238,false
1467,strong,0.4042207792207792,0.07792207792207795,false
1468,strong,0.4107142857142857,0.07602813852813844,false
1469,strong,0.4025974025974026,0.07629870129870131,false
1470,strong,0.4025974025974026,0.07656926406926406,false
1471,strong,0.4301948051948052,0.0760281385281385,false
1472,strong,0.40584415584415584,0.07656926406926406,false
1473,strong,0.43993506493506496,0.08766233766233766,false
1474,strong,0.45292207792207795,0.09063852813852818,false
1475,strong,0.44805194805194803,0.09307359307359303,false
1476,strong,0.45616883116883117,0.09280303030303039,false
1477,strong,0.4594155844155844,0.09280303030303033,false
1478,strong,0.48214285714285715,0.10091991341991347,false
1479,strong,0.461038961038961,0.09334415584415584,false
1480,strong,0.461038961038961,0.09253246753246752,false
1481,strong,0.48538961038961037,0.09145021645021639,false
1482,strong,0.46266233766233766,0.09415584415584416,false
1483,strong,0.5454545454545454,0.11823593073593064,false
1484,strong,0.6217532467532467,0.15773809523809518,false
1485,strong,0.650974025974026,0.06457431457431462,false
1486,reporting,0.6461038961038961,-0.007954545454545547,false
1487,strong,0.672077922077922,0.00649350649350644,false
1488,strong,0.724025974025974,0.0051948051948050855,false
1489,strong,0.7353896103896104,0.003896103896103842,false
1490,strong,0.7126623376623377,0.0021103896103895625,false
1491,strong,0.7727272727272727,0.0035714285714285587,false
1492,strong,0.7207792207792207,0.0029220779220779924,false
1493,strong,0.8068181818181818,0.003409090909090806,false
1494,strong,0.7532467532467533,0.0035714285714285587,false
1495,strong,0.7922077922077922,0.0035714285714285587,false
1496,strong,0.8181818181818182,0.003084415584415634,false
1497,strong,0.7938311688311688,0.002759740259740129,false
1498,strong,0.8051948051948052,0.001948051948051921,false
1499,strong,0.8035714285714286,0.00275974025974024,false
1500,strong,0.810064935064935,0.0017857142857142794,false
1501,strong,0.8295454545454546,0.0017857142857142794,false
1502,strong,0.8051948051948052,0.00048701298701314677,false
1503,strong,0.8133116883116883,0.001948051948052032,false
1504,strong,0.8003246753246753,0.001136363636363713,false
1505,strong,0.8409090909090909,0.008441558441558361,false
1506,strong,0.7775974025974026,0.002272727272727315,false
1507,strong,0.8035714285714286,0.006168831168831268,false
1508,strong,0.7792207792207793,0.006818181818181834,false
1509,strong,0.7272727272727273,0.007792207792207684,false
1510,strong,0.724025974025974,0.008116883116883078,false
1511,strong,0.6753246753246753,0.0025974025974027093,false
1512,strong,0.7094155844155844,0.007792207792207795,false
1513,strong,0.6201298701298701,0.0040584415584414835,false
1514,strong,0.6542207792207793,0.0017857142857143904,true
1515,strong,0.4935064935064935,0.007467532467532567,true
1516,strong,0.3555194805194805,0.004220779220779292,true
1517,strong,0.0,0.0,true
1518,nascent,0.14772727272727273,0.027597402597402593,false
1519,nascent,0.14772727272727273,0.01501623376623376,false
1520,nascent,0.17045454545454544,0.005844155844155846,false
1521,nascent,0.16883116883116883,0.0051948051948051965,false
1522,nascent,0.18993506493506493,0.027272727272727254,false
1523,strong,0.19967532467532467,0.030194805194805163,false
1524,strong,0.20292207792207792,0.02643784786641931,false
1525,strong,0.20454545454545456,0.04443993506493507,false
1526,strong,0.20292207792207792,0.04362824675324675,false
1527,strong,0.19967532467532467,0.04119318181818182,false
1528,strong,0.20292207792207792,0.044034090909090884,false
1529,strong,0.20292207792207792,0.03754058441558439,false
1530,strong,0.29707792207792205,0.06270292207792205,false
1531,strong,0.3246753246753247,0.06980519480519481,false
1532,strong,0.349025974025974,0.09030032467532467,false
1533,strong,0.3116883116883117,0.01643668831168832,false
1534,strong,0.3116883116883117,0.015219155844155785,false
1535,strong,0.3133116883116883,0.015827922077922052,false
1536,strong,0.33116883116883117,0.012445887445887427,false
1537,strong,0.3327922077922078,0.012085137085137088,false
1538,reporting,0.3344155844155844,-0.00396825396825401,false
1539,strong,0.3344155844155844,0.009199134199134151,false
1540,strong,0.4025974025974026,0.002886002886002881,false
1541,strong,0.3944805194805195,0.0068542568542568905,false
1542,strong,0.4090909090909091,0.01731601731601734,false
1543,strong,0.4074675324675325,0.013888888888888895,false
1544,strong,0.4107142857142857,0.011363636363636298,false
1545,strong,0.4594155844155844,0.04130591630591629,false
1546,strong,0.4431818181818182,0.04870129870129869,false
1547,strong,0.4431818181818182,0.01046176046176045,false
1548,strong,0.4577922077922078,0.002705627705627711,false
1549,strong,0.44642857142857145,0.0034271284271284452,false
1550,strong,0.4707792207792208,0.005591630591630592,false
1551,strong,0.4707792207792208,0.002344877344877372,false
1552,reporting,0.4659090909090909,-0.0010822510822511844,false
1553,reporting,0.474025974025974,-0.002705627705627711,false
1554,strong,0.4772727272727273,0.012662337662337597,false
1555,strong,0.4967532467532468,0.012175324675324672,false
1556,strong,0.4788961038961039,0.01055194805194809,false
1557,strong,0.48214285714285715,0.012500000000000011,false
1558,reporting,0.4642857142857143,-0.026948051948052,false
1559,reporting,0.42045454545454547,-0.050000000000000044,false
1560,reporting,0.5064935064935064,-0.03863636363636369,false
1561,reporting,0.5487012987012987,-0.043668831168831135,false
1562,reporting,0.5633116883116883,-0.04837662337662341,false
1563,reporting,0.5795454545454546,-0.05081168831168825,false
1564,reporting,0.5811688311688312,-0.052922077922077815,false
1565,reporting,0.6461038961038961,-0.0405844155844155,false
1566,reporting,0.6574675324675324,-0.04594155844155856,false
1567,reporting,0.6363636363636364,-0.04675324675324677,false
1568,reporting,0.6801948051948052,-0.05811688311688301,false
1569,reporting,0.637987012987013,-0.050162337662337686,false
1570,reporting,0.7272727272727273,-0.04707792207792216,false
1571,reporting,0.6737012987012987,-0.04675324675324677,false
1572,reporting,0.7126623376623377,-0.031582054309327146,false
1573,reporting,0.7305194805194806,-0.04146989374262089,false
1574,reporting,0.7175324675324676,-0.03394332939787481,false
1575,reporting,0.7288961038961039,-0.036009445100353976,false
1576,reporting,0.7207792207792207,-0.0429456906729635,false
1577,reporting,0.7305194805194806,-0.04206021251475789,false
1578,reporting,0.7646103896103896,-0.029220779220779036,false
1579,reporting,0.7564935064935064,-0.017266824085006016,false
1580,reporting,0.762987012987013,-0.019185360094451043,false
1581,strong,0.7792207792207793,0.004870129870129913,false
1582,reporting,0.7840909090909091,-0.011658795749704853,false
1583,strong,0.7564935064935064,0.003837072018890164,false
1584,strong,0.7938311688311688,0.02789256198347101,false
1585,strong,0.7678571428571429,0.02700708382526562,false
1586,strong,0.7142857142857143,0.022874852420307068,false
1587,strong,0.7224025974025974,0.032615112160566784,false
1588,strong,0.663961038961039,0.009002361275088577,false
1589,strong,0.6996753246753247,0.02110389610389618,false
1590,strong,0.6201298701298701,0.023907910271546484,false
1591,strong,0.6525974025974026,0.025826446280991733,true
1592,strong,0.48863636363636365,0.020956316410861875,true
1593,strong,0.35064935064935066,0.019480519480519487,true
1594,strong,0.0,0.0,true
1595,nascent,0.31006493506493504,-0.001863876863877012,false
1596,nascent,0.3262987012987013,0.00828481862964614,false
1597,nascent,0.3457792207792208,0.027546672077922107,false
1598,nascent,0.34415584415584416,0.0026379870129870087,false
1599,nascent,0.31493506493506496,-0.02578304048892288,false
1600,reporting,0.3409090909090909,-0.013682745825603027,false
1601,reporting,0.3133116883116883,-0.0251404001404002,false
1602,reporting,0.37987012987012986,-0.025623025623025708,false
1603,reporting,0.36363636363636365,-0.03246753246753242,false
1604,reporting,0.37662337662337664,-0.03632853632853633,false
1605,reporting,0.37662337662337664,-0.038346788346788285,false
1606,reporting,0.4042207792207792,-0.013908388908388858,false
1607,strong,0.4301948051948052,0.0032873376623375195,false
1608,reporting,0.38311688311688313,-0.021878689492325853,false
1609,reporting,0.37987012987012986,-0.025072150072150134,false
1610,reporting,0.39285714285714285,-0.0235569985569985,false
1611,reporting,0.38311688311688313,-0.034668109668109626,false
1612,reporting,0.41883116883116883,-0.030086580086580328,false
1613,reporting,0.44642857142857145,-0.009559884559884324,false
1614,strong,0.4707792207792208,0.019336219336219485,false
1615,strong,0.49188311688311687,0.0317821067821068,false
1616,strong,0.49188311688311687,0.030050505050505216,false
1617,strong,0.5146103896103896,0.033477633477633495,false
1618,strong,0.4935064935064935,0.02763347763347751,false
1619,reporting,0.46266233766233766,-0.005735930735930761,false
1620,reporting,0.4577922077922078,-0.03445165945165951,false
1621,reporting,0.43344155844155846,-0.03784271284271279,false
1622,reporting,0.5064935064935064,-0.03331451157538112,false
1623,reporting,0.5438311688311688,-0.036878881987577605,false
1624,reporting,0.5811688311688312,-0.01648080180688838,false
1625,strong,0.6233766233766234,0.007667864050842854,false
1626,strong,0.6266233766233766,0.004144791378833945,false
1627,strong,0.6785714285714286,0.009291240674219381,false
1628,strong,0.711038961038961,0.021794694667034986,false
1629,reporting,0.6623376623376623,-0.004697430229345212,false
1630,reporting,0.7094155844155844,-0.013056092843326761,false
1631,strong,0.6948051948051948,0.019445979552362602,false
1632,strong,0.7792207792207793,0.016786405084277534,false
1633,strong,0.7256493506493507,0.01274523348991441,false
1634,reporting,0.7467532467532467,-0.005837247858524575,false
1635,reporting,0.7727272727272727,-0.005491848576955061,false
1636,reporting,0.7516233766233766,-0.006079027355623268,false
1637,strong,0.7840909090909091,0.011881735285990236,false
1638,strong,0.7824675324675324,0.0137468914064659,false
1639,strong,0.7938311688311688,0.015059408676429742,false
1640,strong,0.8181818181818182,0.01899696048632238,false
1641,strong,0.7922077922077922,0.016061066592981232,false
1642,strong,0.7954545454545454,0.015473887814313358,false
1643,strong,0.788961038961039,0.024113906926407136,false
1644,strong,0.775974025974026,0.0010146103896101488,false
1645,strong,0.7678571428571429,0.019074675324675328,false
1646,strong,0.7467532467532467,0.0037878787878785625,false
1647,strong,0.7191558441558441,0.00043966450216459396,false
1648,strong,0.6737012987012987,0.00466720779220775,false
1649,strong,0.6704545454545454,0.0011160714285712858,false
1650,reporting,0.6444805194805194,-0.0029085497835495966,false
1651,reporting,0.6314935064935064,-0.03574810606060619,false
1652,reporting,0.5422077922077922,-0.042850378787878673,false
1653,reporting,0.5746753246753247,-0.0424107142857143,true
1654,reporting,0.43993506493506496,-0.023606601731601784,true
1655,reporting,0.3068181818181818,-0.023369859307359353,true
1656,strong,0.0,0.0,true
1657,nascent,0.599025974025974,0.012626262626262652,false
1658,nascent,0.6282467532467533,-0.02581168831168834,false
1659,nascent,0.6623376623376623,-0.0032467532467532756,false
1660,nascent,0.7094155844155844,-0.009415584415584544,false
1661,nascent,0.7288961038961039,-0.0025974025974025983,false
1662,reporting,0.702922077922078,-0.007629870129870153,false
1663,reporting,0.7532467532467533,-0.015909090909090873,false
1664,reporting,0.7142857142857143,-0.0035714285714284477,false
1665,reporting,0.797077922077922,-0.00633116883116891,false
1666,reporting,0.7402597402597403,-0.009415584415584433,false
1667,reporting,0.7840909090909091,-0.00454545454545463,false
1668,reporting,0.810064935064935,-0.005032467532467555,false
1669,reporting,0.7873376623376623,-0.0037337662337663113,false
1670,reporting,0.7987012987012987,-0.00454545454545463,false
1671,reporting,0.7954545454545454,-0.005357142857142949,false
1672,reporting,0.8035714285714286,-0.004707792207792161,false
1673,reporting,0.8214285714285714,-0.00633116883116891,false
1674,reporting,0.8003246753246753,-0.004383116883116767,false
1675,reporting,0.8035714285714286,-0.007792207792207684,false
1676,reporting,0.7938311688311688,-0.005357142857142838,false
1677,reporting,0.8295454545454546,-0.0029220779220779924,false
1678,reporting,0.7711038961038961,-0.004220779220779236,false
1679,reporting,0.7954545454545454,-0.001948051948051921,false
1680,reporting,0.7678571428571429,-0.004545454545454519,false
1681,reporting,0.7142857142857143,-0.0051948051948053076,false
1682,reporting,0.7142857142857143,-0.0016233766233766378,false
1683,reporting,0.6623376623376623,-0.010389610389610282,false
1684,reporting,0.6915584415584416,-0.010064935064934999,false
1685,strong,0.6185064935064936,0.0024350649350649567,false
1686,reporting,0.6444805194805194,-0.007954545454545436,true
1687,strong,0.4902597402597403,0.004220779220779347,true
1688,reporting,0.3474025974025974,-0.003896103896103842,true
1689,strong,0.0,0.0,true
1690,nascent,0.17857142857142858,0.002087198515769967,false
1691,nascent,0.19967532467532467,0.039569805194805185,false
1692,nascent,0.19967532467532467,0.040381493506493504,false
1693,nascent,0.19967532467532467,0.04119318181818182,false
1694,nascent,0.19967532467532467,0.040787337662337636,false
1695,strong,0.19967532467532467,0.03429383116883114,false
1696,strong,0.288961038961039,0.054586038961038974,false
1697,strong,0.3116883116883117,0.05681818181818182,false
1698,strong,0.3116883116883117,0.052962662337662336,false
1699,strong,0.3116883116883117,0.01643668831168832,false
1700,strong,0.3133116883116883,0.016842532467532423,false
1701,strong,0.3133116883116883,0.015827922077922052,false
1702,strong,0.3327922077922078,0.014069264069264065,false
1703,strong,0.3344155844155844,0.01370851370851367,false
1704,strong,0.3474025974025974,0.009018759018758982,false
1705,strong,0.3344155844155844,0.009199134199134151,false
1706,strong,0.4090909090909091,0.009379509379509376,false
1707,strong,0.4042207792207792,0.016594516594516606,false
1708,strong,0.4172077922077922,0.025432900432900418,false
1709,strong,0.41233766233766234,0.018759018759018753,false
1710,strong,0.4107142857142857,0.011363636363636298,false
1711,reporting,0.4155844155844156,-0.002525252525252486,false
1712,reporting,0.387987012987013,-0.006493506493506496,false
1713,reporting,0.42694805194805197,-0.005772005772005762,false
1714,reporting,0.45454545454545453,-0.0005411255411255644,false
1715,strong,0.4431818181818182,0.00018037518037516964,false
1716,reporting,0.4253246753246753,-0.03986291486291488,false
1717,reporting,0.42207792207792205,-0.04635642135642137,false
1718,reporting,0.44805194805194803,-0.018939393939394034,false
1719,reporting,0.45616883116883117,-0.02056277056277056,false
1720,reporting,0.45616883116883117,-0.008441558441558528,false
1721,reporting,0.46266233766233766,-0.021915584415584444,false
1722,reporting,0.4594155844155844,-0.008928571428571397,false
1723,reporting,0.4594155844155844,-0.010227272727272751,false
1724,strong,0.4935064935064935,0.002272727272727204,false
1725,strong,0.48214285714285715,0.011688311688311637,false
1726,strong,0.5454545454545454,0.00032467532467528315,false
1727,strong,0.599025974025974,0.006655844155844193,false
1728,strong,0.6152597402597403,0.0035714285714285587,false
1729,strong,0.637987012987013,0.007629870129870153,false
1730,strong,0.6396103896103896,0.005519480519480591,false
1731,strong,0.6883116883116883,0.0016233766233767488,false
1732,strong,0.724025974025974,0.020616883116883034,false
1733,strong,0.6996753246753247,0.01655844155844155,false
1734,strong,0.7548701298701299,0.01655844155844166,false
1735,strong,0.711038961038961,0.02288961038961035,false
1736,strong,0.797077922077922,0.022727272727272596,false
1737,strong,0.7418831168831169,0.021428571428571463,false
1738,strong,0.7792207792207793,0.03497638724911445,false
1739,strong,0.7922077922077922,0.020218417945690792,false
1740,strong,0.7808441558441559,0.029368358913813508,false
1741,strong,0.797077922077922,0.032172373081464145,false
1742,strong,0.7954545454545454,0.03172963400236117,false
1743,strong,0.8035714285714286,0.030991735537190146,false
1744,strong,0.8246753246753247,0.030844155844156007,false
1745,strong,0.8003246753246753,0.02656434474616287,false
1746,strong,0.8116883116883117,0.029515938606847647,false
1747,strong,0.801948051948052,0.02759740259740262,false
1748,strong,0.8392857142857143,0.04353600944510039,false
1749,strong,0.7792207792207793,0.026564344746162982,false
1750,strong,0.8035714285714286,0.037632821723730836,false
1751,strong,0.7792207792207793,0.038370720188901974,false
1752,strong,0.7272727272727273,0.03586186540732006,false
1753,strong,0.724025974025974,0.03423848878394342,false
1754,strong,0.6737012987012987,0.018742621015348293,false
1755,strong,0.7094155844155844,0.030844155844155896,false
1756,strong,0.6201298701298701,0.023907910271546484,false
1757,strong,0.6542207792207793,0.02744982290436837,true
1758,strong,0.4935064935064935,0.025826446280991733,true
1759,strong,0.3555194805194805,0.024350649350649345,true
1760,strong,0.0,0.0,true
1761,nascent,0.2077922077922078,-0.00501770956316408,false
1762,nascent,0.28733766233766234,-0.01197240259740262,false
1763,nascent,0.3327922077922078,0.023741883116883078,false
1764,nascent,0.3327922077922078,0.02086339586339575,false
1765,nascent,0.3327922077922078,0.014778325123152636,false
1766,strong,0.32142857142857145,0.0031960227272727626,false
1767,reporting,0.3392857142857143,-0.002232142857142849,false
1768,strong,0.3457792207792208,0.005061115355232959,false
1769,strong,0.3717532467532468,0.01716141001855287,false
1770,strong,0.3457792207792208,0.00732713232713228,false
1771,strong,0.40584415584415584,0.0003510003510002746,false
1772,strong,0.3961038961038961,5.551115123125783e-17,false
1773,strong,0.4448051948051948,0.031853281853281845,false
1774,strong,0.45454545454545453,0.03957528957528961,false
1775,strong,0.45616883116883117,0.03803966303966311,false
1776,strong,0.4772727272727273,0.05036525974025963,false
1777,strong,0.4577922077922078,0.05279663518299882,false
1778,strong,0.4577922077922078,0.052849927849927814,false
1779,strong,0.4707792207792208,0.05436507936507945,false
1780,strong,0.4642857142857143,0.04650072150072154,false
1781,strong,0.49837662337662336,0.0494588744588742,false
1782,strong,0.49837662337662336,0.042388167388167586,false
1783,strong,0.49188311688311687,0.040440115440115554,false
1784,strong,0.49837662337662336,0.038275613275613296,false
1785,strong,0.5016233766233766,0.03979076479076499,false
1786,strong,0.5243506493506493,0.04321789321789321,false
1787,strong,0.5032467532467533,0.03737373737373728,false
1788,strong,0.5032467532467533,0.03484848484848485,false
1789,strong,0.5146103896103896,0.022366522366522312,false
1790,strong,0.5048701298701299,0.03358585858585866,false
1791,strong,0.5827922077922078,0.04298418972332019,false
1792,strong,0.6233766233766234,0.04266657255787698,false
1793,strong,0.6396103896103896,0.04196075663467003,false
1794,strong,0.6558441558441559,0.04013539651837539,false
1795,strong,0.6607142857142857,0.038235700469743006,false
1796,strong,0.7126623376623377,0.04338214976512844,false
1797,strong,0.7224025974025974,0.03315833103067134,false
1798,strong,0.698051948051948,0.031016855484940486,false
1799,strong,0.7581168831168831,0.03564520585797193,false
1800,strong,0.7061688311688312,0.030809615915999067,false
1801,strong,0.8051948051948052,0.042760431058303516,false
1802,strong,0.7516233766233766,0.03871925946394039,false
1803,strong,0.7905844155844156,0.03799392097264431,false
1804,strong,0.8165584415584416,0.03833932025421383,false
1805,strong,0.7922077922077922,0.034505388228792344,false
1806,strong,0.8035714285714286,0.03136225476650978,false
1807,strong,0.7987012987012987,0.029980657640232167,false
1808,strong,0.8051948051948052,0.026423045040066206,false
1809,strong,0.8311688311688312,0.03198397347333537,false
1810,strong,0.8051948051948052,0.029048079579994224,false
1811,strong,0.8133116883116883,0.03333103067145626,false
1812,strong,0.7987012987012987,0.03385416666666685,false
1813,strong,0.8376623376623377,0.06270292207792183,false
1814,strong,0.7646103896103896,0.015827922077922052,false
1815,strong,0.801948051948052,0.0589826839826838,false
1816,strong,0.7775974025974026,0.05888122294372311,false
1817,strong,0.7256493506493507,0.056615259740259716,false
1818,strong,0.7224025974025974,0.05306412337662325,false
1819,strong,0.6737012987012987,0.02631222943722966,false
1820,strong,0.711038961038961,0.0437973484848484,false
1821,strong,0.6217532467532467,0.0366950757575758,false
1822,strong,0.6542207792207793,0.037134740259740284,true
1823,strong,0.4935064935064935,0.029964826839826764,true
1824,strong,0.3555194805194805,0.025331439393939337,true
1825,strong,0.0,0.0,true
1826,nascent,0.15097402597402598,-0.006493506493506496,false
1827,nascent,0.15584415584415584,-0.006493506493506496,false
1828,nascent,0.16071428571428573,-0.006493506493506468,false
1829,nascent,0.17532467532467533,0.0,false
1830,nascent,0.22402597402597402,0.0,false
1831,reporting,0.2224025974025974,-0.009740259740259744,false
1832,reporting,0.2224025974025974,-0.014610389610389601,false
1833,reporting,0.2224025974025974,-0.014610389610389601,false
1834,reporting,0.2418831168831169,-0.004870129870129886,false
1835,strong,0.2532467532467532,0.0,false
1836,strong,0.25162337662337664,0.0,false
1837,strong,0.25162337662337664,0.0,false
1838,strong,0.25162337662337664,0.0,false
1839,strong,0.25162337662337664,0.0,false
1840,reporting,0.3522727272727273,-0.0008116883116883189,false
1841,strong,0.3782467532467532,0.0,false
1842,strong,0.3814935064935065,0.0,false
1843,reporting,0.3814935064935065,-0.009740259740259771,false
1844,reporting,0.3814935064935065,-0.01055194805194809,false
1845,reporting,0.38311688311688313,-0.010551948051948035,false
1846,reporting,0.400974025974026,-0.0008116883116883189,false
1847,strong,0.4025974025974026,0.0,false
1848,reporting,0.42857142857142855,-0.0008116883116883189,false
1849,strong,0.4042207792207792,0.0,false
1850,strong,0.487012987012987,0.0,false
1851,strong,0.4675324675324675,0.0,false
1852,strong,0.4772727272727273,0.0,false
1853,strong,0.4772727272727273,0.0,false
1854,strong,0.4788961038961039,0.0008116883116882634,false
1855,strong,0.49837662337662336,0.0008116883116883189,false
1856,strong,0.4788961038961039,0.0,false
1857,reporting,0.4788961038961039,-0.0016233766233766378,false
1858,reporting,0.5048701298701299,-0.0016233766233766378,false
1859,reporting,0.48214285714285715,-0.0016233766233765823,false
1860,reporting,0.512987012987013,-0.0016233766233766378,false
1861,strong,0.512987012987013,0.0040584415584415945,false
1862,strong,0.5048701298701299,0.0040584415584415945,false
1863,strong,0.512987012987013,0.0040584415584415945,false
1864,strong,0.5162337662337663,0.0040584415584415945,false
1865,strong,0.538961038961039,0.0040584415584415945,false
1866,strong,0.5178571428571429,0.0040584415584415945,false
1867,strong,0.5178571428571429,0.0040584415584415945,false
1868,strong,0.5422077922077922,0.0040584415584415945,false
1869,strong,0.5178571428571429,0.0040584415584415945,false
1870,strong,0.6006493506493507,0.0040584415584414835,false
1871,strong,0.6396103896103896,0.0040584415584415945,false
1872,strong,0.6542207792207793,0.0040584415584415945,false
1873,strong,0.6704545454545454,0.0040584415584414835,false
1874,strong,0.6753246753246753,0.004870129870129913,false
1875,strong,0.7321428571428571,0.00649350649350644,false
1876,strong,0.7402597402597403,0.00649350649350644,false
1877,strong,0.7175324675324676,0.00649350649350644,false
1878,strong,0.7792207792207793,0.008116883116883189,false
1879,strong,0.724025974025974,0.008116883116883189,false
1880,strong,0.8084415584415584,0.008116883116883078,false
1881,strong,0.7564935064935064,0.008116883116883078,false
1882,strong,0.7954545454545454,0.008928571428571397,false
1883,strong,0.8214285714285714,0.008116883116883078,false
1884,strong,0.797077922077922,0.008116883116883078,false
1885,strong,0.810064935064935,0.010551948051948035,false
1886,strong,0.8035714285714286,0.007305194805194759,false
1887,strong,0.8133116883116883,0.009740259740259716,false
1888,strong,0.8327922077922078,0.008116883116883078,false
1889,strong,0.810064935064935,0.008928571428571397,false
1890,strong,0.8133116883116883,0.008116883116883078,false
1891,strong,0.8035714285714286,0.008928571428571397,false
1892,strong,0.8392857142857143,0.008116883116883078,false
1893,strong,0.7824675324675324,0.009740259740259716,false
1894,strong,0.8068181818181818,0.017045454545454475,false
1895,strong,0.7792207792207793,0.008116883116883189,false
1896,strong,0.7272727272727273,0.010551948051948035,false
1897,strong,0.724025974025974,0.010551948051948035,false
1898,strong,0.6753246753246753,0.01461038961038963,false
1899,strong,0.711038961038961,0.009740259740259716,false
1900,strong,0.6217532467532467,0.008928571428571397,false
1901,strong,0.6542207792207793,0.011363636363636465,true
1902,strong,0.4935064935064935,0.0016233766233765823,true
1903,strong,0.3555194805194805,0.0016233766233765823,true
1904,strong,0.0,0.0,true
1905,nascent,0.275974025974026,-0.129021546635183,false
1906,nascent,0.2792207792207792,-0.1257215007215008,false
1907,nascent,0.3051948051948052,-0.11121933621933616,false
1908,nascent,0.29707792207792205,-0.12070707070707071,false
1909,nascent,0.3457792207792208,-0.10313852813852836,false
1910,reporting,0.3555194805194805,-0.10046897546897526,false
1911,reporting,0.35064935064935066,-0.10079365079365066,false
1912,reporting,0.3587662337662338,-0.10133477633477628,false
1913,reporting,0.36038961038961037,-0.10144300144300128,false
1914,reporting,0.37012987012987014,-0.11100288600288599,false
1915,reporting,0.362012987012987,-0.10386002886002899,false
1916,reporting,0.36363636363636365,-0.10476190476190478,false
1917,reporting,0.387987012987013,-0.10425685425685433,false
1918,reporting,0.362012987012987,-0.10927128427128424,false
1919,reporting,0.41883116883116883,-0.12097684923771873,false
1920,reporting,0.474025974025974,-0.10668407679277236,false
1921,reporting,0.48863636363636365,-0.10901326933935596,false
1922,reporting,0.5032467532467533,-0.11246200607902723,false
1923,reporting,0.5048701298701299,-0.11760845537441278,false
1924,reporting,0.5487012987012987,-0.12057888919591053,false
1925,reporting,0.5665584415584416,-0.12268582481348445,false
1926,reporting,0.547077922077922,-0.1199571704890855,false
1927,reporting,0.6006493506493507,-0.1218223266095605,false
1928,reporting,0.5535714285714286,-0.12178778668140355,false
1929,reporting,0.6363636363636364,-0.12607073777286537,false
1930,reporting,0.599025974025974,-0.11387814313346223,false
1931,reporting,0.650974025974026,-0.10161646863774532,false
1932,reporting,0.676948051948052,-0.1012710693561758,false
1933,reporting,0.650974025974026,-0.10672837800497392,false
1934,reporting,0.6607142857142857,-0.11149488809063313,false
1935,reporting,0.6542207792207793,-0.11449986184028726,false
1936,reporting,0.6704545454545454,-0.10831721470019362,false
1937,reporting,0.6883116883116883,-0.11087316938380753,false
1938,reporting,0.6672077922077922,-0.10893893340701877,false
1939,reporting,0.6737012987012987,-0.10627935893893337,false
1940,reporting,0.6672077922077922,-0.09763933982683959,false
1941,reporting,0.6574675324675324,-0.11749188311688341,false
1942,reporting,0.6915584415584416,-0.05722402597402598,false
1943,reporting,0.6672077922077922,-0.07575757575757591,false
1944,reporting,0.6412337662337663,-0.07748241341991324,false
1945,reporting,0.6071428571428571,-0.061891233766233844,false
1946,reporting,0.5957792207792207,-0.07355925324675339,false
1947,reporting,0.6022727272727273,-0.045116341991341735,false
1948,reporting,0.6168831168831169,-0.05035849567099571,false
1949,reporting,0.5373376623376623,-0.04772050865800859,false
1950,reporting,0.5616883116883117,-0.05539772727272729,true
1951,reporting,0.4074675324675325,-0.05607413419913426,true
1952,reporting,0.2662337662337662,-0.06395427489177496,true
1953,strong,0.0,0.0,true
1954,nascent,0.3116883116883117,0.012378246753246724,false
1955,nascent,0.31493506493506496,0.005884740259740229,false
1956,nascent,0.32954545454545453,0.017616642616642475,false
1957,nascent,0.32305194805194803,0.0050380653828928645,false
1958,nascent,0.32954545454545453,0.01131290584415584,false
1959,reporting,0.3198051948051948,-0.021712662337662336,false
1960,reporting,0.3198051948051948,-0.020912910618793024,false
1961,reporting,0.3457792207792208,-0.008812615955473113,false
1962,reporting,0.3198051948051948,-0.018646893646893703,false
1963,reporting,0.37662337662337664,-0.028869778869778928,false
1964,reporting,0.362012987012987,-0.03409090909090906,false
1965,strong,0.41883116883116883,0.0058792558792558625,false
1966,strong,0.42857142857142855,0.013601263601263625,false
1967,strong,0.42857142857142855,0.010442260442260487,false
1968,strong,0.4448051948051948,0.01789772727272715,false
1969,strong,0.42694805194805197,0.02195247933884298,false
1970,strong,0.4301948051948052,0.025252525252525193,false
1971,strong,0.4301948051948052,0.013780663780663838,false
1972,reporting,0.40584415584415584,-0.011940836940836919,false
1973,reporting,0.4431818181818182,-0.005735930735930983,false
1974,strong,0.474025974025974,0.01803751803751824,false
1975,strong,0.461038961038961,0.009595959595959713,false
1976,strong,0.4675324675324675,0.0074314574314574555,false
1977,strong,0.4675324675324675,0.005699855699855871,false
1978,strong,0.4902597402597403,0.00912698412698415,false
1979,reporting,0.4448051948051948,-0.02106782106782118,false
1980,strong,0.4805194805194805,0.012121212121212088,false
1981,strong,0.5048701298701299,0.012626262626262597,false
1982,strong,0.4805194805194805,0.009235209235209263,false
1983,strong,0.5422077922077922,0.0023997741389046867,false
1984,strong,0.5892857142857143,0.00857566346696792,false
1985,strong,0.6038961038961039,0.006246470920384328,false
1986,strong,0.6217532467532467,0.006044487427466216,false
1987,strong,0.6493506493506493,0.026872064106106652,false
1988,strong,0.7012987012987013,0.03201851340149209,false
1989,strong,0.7142857142857143,0.025041447913788262,false
1990,strong,0.6883116883116883,0.02127659574468077,false
1991,strong,0.7451298701298701,0.022658192870958938,false
1992,strong,0.689935064935065,0.0145758496822328,false
1993,strong,0.7646103896103896,0.0021760154738879045,false
1994,strong,0.7191558441558441,0.006251726996407858,false
1995,strong,0.7662337662337663,0.013643271621994968,false
1996,reporting,0.7581168831168831,-0.02010223818734469,false
1997,reporting,0.7564935064935064,-0.0012088974854934653,false
1998,strong,0.775974025974026,0.003764852169107158,false
1999,strong,0.7743506493506493,0.005630008289582822,false
2000,strong,0.7938311688311688,0.015059408676429742,false
2001,strong,0.8116883116883117,0.012503453992815827,false
2002,strong,0.7905844155844156,0.014437689969604595,false
2003,strong,0.788961038961039,0.008980381320806918,false
2004,strong,0.7840909090909091,0.019243777056277223,false
2005,reporting,0.7743506493506493,-0.000608766233766489,false
2006,strong,0.7613636363636364,0.012581168831168776,false
2007,reporting,0.7256493506493507,-0.017316017316017507,false
2008,reporting,0.7012987012987013,-0.0174174783549782,false
2009,reporting,0.663961038961039,-0.005073051948051965,false
2010,reporting,0.663961038961039,-0.005377435064935154,false
2011,strong,0.6542207792207793,0.00683170995671023,false
2012,reporting,0.6363636363636364,-0.030877976190476275,false
2013,reporting,0.5633116883116883,-0.021746482683982604,false
2014,reporting,0.5925324675324676,-0.024553571428571397,true
2015,reporting,0.43993506493506496,-0.023606601731601784,true
2016,reporting,0.3068181818181818,-0.023369859307359353,true
2017,strong,0.0,0.0,true
2018,nascent,0.1314935064935065,0.002087198515769939,false
2019,nascent,0.1314935064935065,-0.0034786641929499262,false
2020,nascent,0.17694805194805194,0.006957328385899825,false
2021,nascent,0.18019480519480519,0.011827458256029683,false
2022,nascent,0.18019480519480519,0.009508348794063065,false
2023,strong,0.19967532467532467,0.022263450834879406,false
2024,strong,0.20941558441558442,0.03038033395176251,false
2025,strong,0.21103896103896103,0.024582560296845996,false
2026,strong,0.20941558441558442,0.022495361781076056,false
2027,strong,0.20941558441558442,0.022495361781076056,false
2028,strong,0.20941558441558442,0.022263450834879406,false
2029,strong,0.20941558441558442,0.01785714285714285,false
2030,strong,0.3051948051948052,0.03548237476808902,false
2031,strong,0.32954545454545453,0.036641929499072357,false
2032,strong,0.3327922077922078,0.027365491651205942,false
2033,strong,0.32305194805194803,0.018784786641929507,false
2034,strong,0.32305194805194803,0.01785714285714285,false
2035,strong,0.3246753246753247,0.012059369202226333,false
2036,strong,0.3425324675324675,0.03267045454545453,false
2037,strong,0.34415584415584416,0.03145292207792211,false
2038,strong,0.35714285714285715,0.022727272727272763,false
2039,strong,0.34415584415584416,0.03287337662337664,false
2040,strong,0.42207792207792205,0.03774350649350644,false
2041,strong,0.4237012987012987,0.049603174603174593,false
2042,strong,0.45454545454545453,0.04707792207792205,false
2043,strong,0.45292207792207795,0.041305916305916346,false
2044,strong,0.45454545454545453,0.045454545454545414,false
2045,strong,0.4772727272727273,0.054653679653679677,false
2046,strong,0.4577922077922078,0.04743867243867245,false
2047,strong,0.4577922077922078,0.0452741702741703,false
2048,strong,0.4707792207792208,0.038780663780663804,false
2049,strong,0.4642857142857143,0.045634920634920584,false
2050,strong,0.49837662337662336,0.05447330447330445,false
2051,strong,0.49837662337662336,0.045454545454545414,false
2052,strong,0.4902597402597403,0.04419191919191923,false
2053,strong,0.49837662337662336,0.04635642135642132,false
2054,strong,0.5016233766233766,0.04779942279942284,false
2055,strong,0.525974025974026,0.05483405483405479,false
2056,strong,0.5048701298701299,0.044733044733044736,false
2057,strong,0.5048701298701299,0.041125541125541176,false
2058,strong,0.5292207792207793,0.038059163059163126,false
2059,strong,0.5048701298701299,0.03643578643578638,false
2060,strong,0.5827922077922078,0.04870129870129869,false
2061,strong,0.6185064935064936,0.04202741702741708,false
2062,strong,0.6331168831168831,0.04581529581529575,false
2063,strong,0.6493506493506493,0.045454545454545414,false
2064,strong,0.6542207792207793,0.044913419913419905,false
2065,strong,0.7061688311688312,0.04996392496392499,false
2066,strong,0.7142857142857143,0.037698412698412787,false
2067,strong,0.6883116883116883,0.04094516594516595,false
2068,strong,0.7483766233766234,0.04329004329004327,false
2069,strong,0.6964285714285714,0.04274891774891787,false
2070,strong,0.7840909090909091,0.04779942279942284,false
2071,strong,0.7305194805194806,0.045454545454545525,false
2072,strong,0.775974025974026,0.04599567099567092,false
2073,strong,0.801948051948052,0.04130591630591629,false
2074,strong,0.7775974025974026,0.03589466089466087,false
2075,strong,0.788961038961039,0.029220779220779147,false
2076,strong,0.788961038961039,0.033910533910534,false
2077,strong,0.8068181818181818,0.04058441558441561,false
2078,strong,0.8295454545454546,0.04292929292929293,false
2079,strong,0.8051948051948052,0.03517316017316019,false
2080,strong,0.8116883116883117,0.036255411255411096,false
2081,strong,0.7987012987012987,0.03282828282828287,false
2082,strong,0.8376623376623377,0.04888167388167386,false
2083,strong,0.7792207792207793,0.032467532467532534,false
2084,strong,0.8035714285714286,0.04076479076479089,false
2085,strong,0.7792207792207793,0.04076479076479067,false
2086,strong,0.7256493506493507,0.03679653679653683,false
2087,strong,0.724025974025974,0.03715728715728717,false
2088,strong,0.6753246753246753,0.02831890331890341,false
2089,strong,0.711038961038961,0.03499278499278502,false
2090,strong,0.6217532467532467,0.026875901875901942,false
2091,strong,0.6542207792207793,0.0290404040404042,true
2092,strong,0.4935064935064935,0.025432900432900474,true
2093,strong,0.3555194805194805,0.02525252525252525,true
2094,strong,0.0,0.0,true
2095,nascent,0.288961038961039,-0.010349025974025983,false
2096,nascent,0.29383116883116883,-0.015219155844155896,false
2097,nascent,0.31655844155844154,0.004629629629629484,false
2098,nascent,0.31655844155844154,-0.0014554411106136311,false
2099,nascent,0.3181818181818182,-5.073051948051299e-5,false
2100,reporting,0.336038961038961,-0.005478896103896125,false
2101,reporting,0.33766233766233766,-0.0030557677616501744,false
2102,reporting,0.33766233766233766,-0.016929499072356247,false
2103,reporting,0.33766233766233766,-0.0007897507897508538,false
2104,reporting,0.38961038961038963,-0.015882765882765937,false
2105,reporting,0.37987012987012986,-0.01623376623376621,false
2106,strong,0.44642857142857145,0.03347665847665848,false
2107,strong,0.4577922077922078,0.04282204282204288,false
2108,strong,0.45616883116883117,0.03803966303966311,false
2109,strong,0.44642857142857145,0.019521103896103786,false
2110,reporting,0.400974025974026,-0.004021546635183004,false
2111,reporting,0.387987012987013,-0.016955266955267,false
2112,reporting,0.38961038961038963,-0.02680375180375172,false
2113,reporting,0.3944805194805195,-0.023304473304473272,false
2114,reporting,0.4366883116883117,-0.012229437229437479,false
2115,reporting,0.4237012987012987,-0.03228715728715709,false
2116,reporting,0.4172077922077922,-0.03423520923520912,false
2117,reporting,0.413961038961039,-0.04613997113997109,false
2118,reporting,0.43344155844155846,-0.02839105339105319,false
2119,reporting,0.45616883116883117,-0.024963924963924966,false
2120,reporting,0.4383116883116883,-0.027561327561327675,false
2121,reporting,0.4383116883116883,-0.030086580086580106,false
2122,reporting,0.46266233766233766,-0.029581529581529653,false
2123,reporting,0.4383116883116883,-0.03297258297258293,false
2124,reporting,0.5292207792207793,-0.010587238848108305,false
2125,reporting,0.5373376623376623,-0.043372388481084045,false
2126,reporting,0.5844155844155844,-0.013234048560135214,false
2127,reporting,0.6038961038961039,-0.011812655429676577,false
2128,reporting,0.6038961038961039,-0.018582481348438762,false
2129,reporting,0.650974025974026,-0.01830616192318324,false
2130,strong,0.6931818181818182,0.0039375518098921924,false
2131,strong,0.676948051948052,0.009912959381044417,false
2132,strong,0.737012987012987,0.01454130975407586,false
2133,strong,0.685064935064935,0.009705719812102886,false
2134,strong,0.7840909090909091,0.021656534954407336,false
2135,strong,0.7305194805194806,0.017615363360044323,false
2136,strong,0.7678571428571429,0.015266648245371606,false
2137,strong,0.7824675324675324,0.004248411163304655,false
2138,strong,0.7727272727272727,0.015024868748272802,false
2139,strong,0.7857142857142857,0.013505111909366874,false
2140,strong,0.7857142857142857,0.016993644653219175,false
2141,strong,0.7938311688311688,0.015059408676429742,false
2142,strong,0.8165584415584416,0.01737358386294574,false
2143,strong,0.7922077922077922,0.016061066592981232,false
2144,strong,0.7987012987012987,0.018720641061066634,false
2145,strong,0.7873376623376623,0.022490530303030498,false
2146,strong,0.7792207792207793,0.004261363636363424,false
2147,strong,0.7662337662337663,0.01745129870129869,false
2148,strong,0.7435064935064936,0.0005411255411253979,false
2149,reporting,0.7175324675324676,-0.0011837121212119328,false
2150,strong,0.6753246753246753,0.006290584415584388,false
2151,strong,0.6704545454545454,0.0011160714285712858,false
2152,strong,0.6704545454545454,0.023065476190476386,false
2153,reporting,0.6574675324675324,-0.009774080086580206,false
2154,reporting,0.5698051948051948,-0.015252976190476164,false
2155,reporting,0.6022727272727273,-0.014813311688311681,true
2156,reporting,0.4448051948051948,-0.018736471861471926,true
2157,reporting,0.30844155844155846,-0.021746482683982715,true
2158,strong,0.0,0.0,true
2159,nascent,0.14935064935064934,-0.008766233766233755,false
2160,nascent,0.15422077922077923,-0.00876623376623381,false
2161,nascent,0.1590909090909091,-0.006980519480519504,false
2162,nascent,0.1590909090909091,-0.008685064935064962,false
2163,nascent,0.18831168831168832,-0.021915584415584444,false
2164,reporting,0.2077922077922078,-0.004464285714285698,false
2165,reporting,0.2077922077922078,-0.005032467532467527,false
2166,strong,0.22564935064935066,0.009172077922077942,false
2167,strong,0.24025974025974026,0.024107142857142827,false
2168,strong,0.2418831168831169,0.023620129870129875,false
2169,strong,0.24025974025974026,0.022646103896103886,false
2170,strong,0.24025974025974026,0.022159090909090906,false
2171,strong,0.24025974025974026,0.022483766233766245,false
2172,strong,0.24675324675324675,0.024269480519480496,false
2173,strong,0.3425324675324675,0.0230519480519481,false
2174,strong,0.362012987012987,0.018425324675324595,false
2175,strong,0.36688311688311687,0.019399350649350666,false
2176,strong,0.3685064935064935,0.023760330578512456,false
2177,strong,0.3685064935064935,0.026711924439197177,false
2178,strong,0.37012987012987014,0.023907910271546706,false
2179,strong,0.387987012987013,0.028162055335968383,false
2180,strong,0.38961038961038963,0.03023538961038963,false
2181,strong,0.4172077922077922,0.032670454545454586,false
2182,strong,0.39285714285714285,0.031114718614718595,false
2183,strong,0.4788961038961039,0.04011093073593075,false
2184,strong,0.46266233766233766,0.03774350649350661,false
2185,strong,0.4707792207792208,0.029153138528138556,false
2186,strong,0.4659090909090909,0.024485930735930694,false
2187,strong,0.4383116883116883,0.009677822177822148,false
2188,strong,0.4577922077922078,0.012112887112887216,false
2189,strong,0.4383116883116883,0.015271765271765325,false
2190,strong,0.4383116883116883,0.013167388167388216,false
2191,strong,0.4642857142857143,0.014249639249639234,false
2192,strong,0.44155844155844154,0.023678907299596985,false
2193,strong,0.47564935064935066,0.03625541125541121,false
2194,strong,0.4788961038961039,0.03733766233766228,false
2195,strong,0.4707792207792208,0.04657061688311698,false
2196,strong,0.48214285714285715,0.041903409090909116,false
2197,strong,0.48538961038961037,0.04511019283746548,false
2198,strong,0.5081168831168831,0.04879968516332156,false
2199,strong,0.48538961038961037,0.04014167650531292,false
2200,strong,0.48538961038961037,0.038223140495867836,false
2201,strong,0.5113636363636364,0.03940377804014161,false
2202,strong,0.4902597402597403,0.04181424635970099,false
2203,strong,0.5811688311688312,0.06404958677685968,false
2204,strong,0.6396103896103896,0.08451397087760715,false
2205,strong,0.6542207792207793,0.08166076347894546,false
2206,strong,0.6704545454545454,0.08131641086186536,false
2207,strong,0.6753246753246753,0.08141479732388812,false
2208,strong,0.7288961038961039,0.08790830381739478,false
2209,strong,0.737012987012987,0.08303817394726476,false
2210,strong,0.7142857142857143,0.08279220779220786,false
2211,strong,0.7727272727272727,0.08372687918142474,false
2212,strong,0.7175324675324676,0.08087367178276261,false
2213,strong,0.8068181818181818,0.09135182998819358,false
2214,strong,0.7532467532467533,0.08416961826052738,false
2215,strong,0.7922077922077922,0.08559622195985828,false
2216,strong,0.8181818181818182,0.08721959858323525,false
2217,strong,0.7922077922077922,0.08333333333333337,false
2218,strong,0.8051948051948052,0.08525186934277851,false
2219,strong,0.801948051948052,0.08156237701692248,false
2220,strong,0.810064935064935,0.08166076347894524,false
2221,strong,0.8295454545454546,0.0812672176308542,false
2222,strong,0.8084415584415584,0.0825954348681619,false
2223,strong,0.814935064935065,0.08653089334907538,false
2224,strong,0.801948051948052,0.08161157024793375,false
2225,strong,0.7954545454545454,0.066755214482487,false
2226,strong,0.7824675324675324,0.0713301849665483,false
2227,strong,0.8068181818181818,0.09573002754820925,false
2228,strong,0.7824675324675324,0.09312278630460447,false
2229,strong,0.7272727272727273,0.06901810310901224,false
2230,strong,0.7224025974025974,0.06611570247933873,false
2231,strong,0.6753246753246753,0.06478748524203082,false
2232,strong,0.711038961038961,0.0610487996851633,false
2233,strong,0.6217532467532467,0.05327626918535999,false
2234,strong,0.6542207792207793,0.051898858717040475,true
2235,strong,0.4935064935064935,0.04776662731208192,true
2236,strong,0.3555194805194805,0.035615899252262884,true
2237,strong,0.0,0.0,true
2238,nascent,0.15097402597402598,0.016774891774891776,false
2239,nascent,0.12987012987012986,-0.0005411255411255367,false
2240,nascent,0.13636363636363635,0.006087662337662336,false
2241,nascent,0.16233766233766234,0.019155844155844176,false
2242,nascent,0.18831168831168832,0.01379870129870131,false
2243,strong,0.18344155844155843,0.0024350649350649567,false
2244,strong,0.2077922077922078,0.01650432900432902,false
2245,strong,0.2077922077922078,0.01028138528138528,false
2246,strong,0.20941558441558442,0.011634199134199164,false
2247,strong,0.21103896103896103,0.012175324675324672,false
2248,strong,0.20941558441558442,0.011634199134199164,false
2249,strong,0.20941558441558442,0.008387445887445888,false
2250,strong,0.20941558441558442,0.006764069264069278,false
2251,strong,0.20941558441558442,0.005952380952380959,false
2252,strong,0.29383116883116883,0.0037878787878787845,false
2253,strong,0.31493506493506496,0.008116883116883133,false
2254,strong,0.3198051948051948,0.011093073593073655,false
2255,strong,0.3198051948051948,0.006222943722943741,false
2256,strong,0.32142857142857145,0.0075757575757576245,false
2257,strong,0.32305194805194803,0.008116883116883133,false
2258,strong,0.3425324675324675,0.009469696969696906,false
2259,strong,0.3425324675324675,0.008116883116883078,false
2260,strong,0.3685064935064935,0.01433982683982682,false
2261,strong,0.35714285714285715,0.02002164502164505,false
2262,strong,0.4318181818181818,0.030032467532467466,false
2263,strong,0.4253246753246753,0.03273809523809518,false
2264,strong,0.43506493506493504,0.03300865800865804,false
2265,strong,0.43344155844155846,0.031655844155844215,false
2266,strong,0.43506493506493504,0.03192640692640686,false
2267,strong,0.4448051948051948,0.02895021645021645,false
2268,strong,0.4366883116883117,0.03192640692640697,false
2269,strong,0.4366883116883117,0.031114718614718595,false
2270,strong,0.45292207792207795,0.0246212121212121,false
2271,strong,0.44642857142857145,0.02895021645021645,false
2272,strong,0.4788961038961039,0.03517316017316019,false
2273,strong,0.4788961038961039,0.030032467532467466,false
2274,strong,0.474025974025974,0.03273809523809529,false
2275,strong,0.48214285714285715,0.031926406926406914,false
2276,strong,0.48538961038961037,0.033549783549783496,false
2277,strong,0.5081168831168831,0.037608225108225146,false
2278,strong,0.487012987012987,0.03192640692640697,false
2279,strong,0.487012987012987,0.03138528138528135,false
2280,strong,0.5113636363636364,0.03273809523809523,false
2281,strong,0.4902597402597403,0.0332792207792208,false
2282,strong,0.5681818181818182,0.04870129870129869,false
2283,strong,0.6055194805194806,0.04843073593073599,false
2284,strong,0.6201298701298701,0.04653679653679654,false
2285,strong,0.6363636363636364,0.04734848484848486,false
2286,strong,0.6412337662337663,0.04707792207792205,false
2287,strong,0.7142857142857143,0.07413419913419916,false
2288,strong,0.7321428571428571,0.07386363636363635,false
2289,strong,0.711038961038961,0.07413419913419916,false
2290,strong,0.7711038961038961,0.07738095238095222,false
2291,strong,0.7159090909090909,0.07386363636363635,false
2292,strong,0.8068181818181818,0.08766233766233755,false
2293,strong,0.7532467532467533,0.08576839826839822,false
2294,strong,0.7922077922077922,0.08766233766233766,false
2295,strong,0.8181818181818182,0.09063852813852813,false
2296,strong,0.7938311688311688,0.08685064935064946,false
2297,strong,0.8051948051948052,0.08766233766233766,false
2298,strong,0.801948051948052,0.08630952380952384,false
2299,strong,0.810064935064935,0.08847402597402598,false
2300,strong,0.8327922077922078,0.09117965367965375,false
2301,strong,0.8084415584415584,0.08901515151515138,false
2302,strong,0.814935064935065,0.09090909090909083,false
2303,strong,0.801948051948052,0.08793290043290047,false
2304,strong,0.8409090909090909,0.10389610389610393,false
2305,strong,0.7792207792207793,0.08982683982683981,false
2306,strong,0.8035714285714286,0.10037878787878785,false
2307,strong,0.7792207792207793,0.10389610389610382,false
2308,strong,0.7272727272727273,0.09794372294372289,false
2309,strong,0.724025974025974,0.09902597402597402,false
2310,strong,0.6753246753246753,0.08306277056277056,false
2311,strong,0.711038961038961,0.10308441558441561,false
2312,strong,0.6217532467532467,0.08766233766233766,false
2313,strong,0.6542207792207793,0.09307359307359309,true
2314,strong,0.49188311688311687,0.07846320346320346,true
2315,strong,0.3555194805194805,0.05330086580086579,true
2316,strong,0.0,0.0,true
2317,political_exclusion,0.16558441558441558,-0.008928571428571425,false
2318,political_exclusion,0.18831168831168832,0.007305194805194842,false
2319,political_exclusion,0.18831168831168832,-0.0029761904761904656,false
2320,political_exclusion,0.18831168831168832,-0.009199134199134207,false
2321,political_exclusion,0.18831168831168832,-0.009469696969696934,false
2322,political_exclusion,0.18993506493506493,-0.008928571428571425,false
2323,political_exclusion,0.18831168831168832,-0.009469696969696934,false
2324,political_exclusion,0.18831168831168832,-0.012716450216450209,false
2325,political_exclusion,0.18831168831168832,-0.01433982683982682,false
2326,political_exclusion,0.19318181818181818,-0.01028138528138528,false
2327,political_exclusion,0.24512987012987014,-0.044913419913419905,false
2328,political_exclusion,0.2435064935064935,-0.06331168831168832,false
2329,political_exclusion,0.2435064935064935,-0.06520562770562766,false
2330,political_exclusion,0.2435064935064935,-0.07007575757575757,false
2331,political_exclusion,0.2435064935064935,-0.07034632034632032,false
2332,political_exclusion,0.24512987012987014,-0.06980519480519476,false
2333,political_exclusion,0.262987012987013,-0.07007575757575762,false
2334,political_exclusion,0.26461038961038963,-0.06980519480519481,false
2335,political_exclusion,0.2905844155844156,-0.06358225108225107,false
2336,political_exclusion,0.26461038961038963,-0.07251082251082247,false
2337,political_exclusion,0.3133116883116883,-0.08847402597402604,false
2338,political_exclusion,0.29545454545454547,-0.09713203463203468,false
2339,political_exclusion,0.3051948051948052,-0.09686147186147182,false
2340,political_exclusion,0.3068181818181818,-0.09496753246753242,false
2341,political_exclusion,0.30844155844155846,-0.09469696969696972,false
2342,political_exclusion,0.32792207792207795,-0.08793290043290042,false
2343,political_exclusion,0.31006493506493504,-0.09469696969696967,false
2344,political_exclusion,0.31006493506493504,-0.09550865800865804,false
2345,political_exclusion,0.336038961038961,-0.09226190476190482,false
2346,political_exclusion,0.3425324675324675,-0.07494588744588748,false
2347,political_exclusion,0.37337662337662336,-0.07034632034632032,false
2348,political_exclusion,0.36363636363636365,-0.08522727272727276,false
2349,political_exclusion,0.3555194805194805,-0.08576839826839822,false
2350,political_exclusion,0.36363636363636365,-0.08658008658008659,false
2351,political_exclusion,0.36688311688311687,-0.08495670995671001,false
2352,political_exclusion,0.3847402597402597,-0.08576839826839822,false
2353,political_exclusion,0.36688311688311687,-0.08820346320346317,false
2354,political_exclusion,0.36688311688311687,-0.08874458874458879,false
2355,political_exclusion,0.3912337662337662,-0.08739177489177491,false
2356,political_exclusion,0.3652597402597403,-0.0917207792207792,false
2357,reporting,0.41233766233766234,-0.1071428571428572,false
2358,political_exclusion,0.3944805194805195,-0.1626082251082251,false
2359,political_exclusion,0.3944805194805195,-0.17911255411255406,false
2360,reporting,0.4090909090909091,-0.17992424242424238,false
2361,reporting,0.413961038961039,-0.18019480519480524,false
2362,reporting,0.43506493506493504,-0.2050865800865801,false
2363,reporting,0.44642857142857145,-0.2118506493506493,false
2364,reporting,0.42207792207792205,-0.2148268398268398,false
2365,reporting,0.4788961038961039,-0.21482683982683998,false
2366,reporting,0.4237012987012987,-0.2183441558441559,false
2367,reporting,0.474025974025974,-0.2451298701298702,false
2368,reporting,0.42857142857142855,-0.2389069264069265,false
2369,reporting,0.4594155844155844,-0.2451298701298702,false
2370,reporting,0.48538961038961037,-0.24215367965367973,false
2371,reporting,0.4594155844155844,-0.24756493506493493,false
2372,reporting,0.4707792207792208,-0.24675324675324678,false
2373,reporting,0.4724025974025974,-0.24323593073593075,false
2374,reporting,0.4707792207792208,-0.25081168831168826,false
2375,reporting,0.49837662337662336,-0.24323593073593064,false
2376,reporting,0.4675324675324675,-0.2518939393939395,false
2377,reporting,0.46915584415584416,-0.25487012987012997,false
2378,reporting,0.4594155844155844,-0.2545995670995671,false
2379,reporting,0.45616883116883117,-0.28084415584415584,false
2380,reporting,0.4366883116883117,-0.25270562770562777,false
2381,reporting,0.43506493506493504,-0.2681277056277057,false
2382,political_exclusion,0.39285714285714285,-0.2824675324675326,false
2383,political_exclusion,0.37662337662337664,-0.25270562770562777,false
2384,political_exclusion,0.362012987012987,-0.262987012987013,false
2385,political_exclusion,0.3717532467532468,-0.220508658008658,false
2386,political_exclusion,0.34415584415584416,-0.26379870129870125,false
2387,political_exclusion,0.29545454545454547,-0.2386363636363636,false
2388,political_exclusion,0.31493506493506496,-0.24621212121212122,true
2389,political_exclusion,0.2077922077922078,-0.2056277056277056,true
2390,political_exclusion,0.18181818181818182,-0.1204004329004329,true
2391,political_exclusion,0.0,0.0,true
2392,nascent,0.18993506493506493,0.03181818181818183,false
2393,nascent,0.19480519480519481,0.03181818181818177,false
2394,nascent,0.19480519480519481,0.028733766233766223,false
2395,nascent,0.19480519480519481,0.027029220779220764,false
2396,nascent,0.2418831168831169,0.03165584415584413,false
2397,strong,0.23863636363636365,0.026379870129870142,false
2398,strong,0.2435064935064935,0.03068181818181817,false
2399,strong,0.2435064935064935,0.02702922077922079,false
2400,strong,0.2418831168831169,0.025730519480519465,false
2401,strong,0.2435064935064935,0.025243506493506485,false
2402,strong,0.2418831168831169,0.024269480519480524,false
2403,strong,0.2418831168831169,0.023782467532467544,false
2404,strong,0.24512987012987014,0.02735389610389613,false
2405,strong,0.2483766233766234,0.025892857142857134,false
2406,strong,0.3457792207792208,0.026298701298701377,false
2407,strong,0.36688311688311687,0.023295454545454453,false
2408,strong,0.3717532467532468,0.02426948051948058,false
2409,strong,0.3717532467532468,0.027007083825265732,false
2410,strong,0.3717532467532468,0.029958677685950452,false
2411,strong,0.37337662337662336,0.027154663518299926,false
2412,strong,0.3912337662337662,0.031408808582721603,false
2413,strong,0.39285714285714285,0.03348214285714285,false
2414,strong,0.41883116883116883,0.034293831168831224,false
2415,strong,0.39285714285714285,0.031114718614718595,false
2416,strong,0.4805194805194805,0.04173430735930739,false
2417,strong,0.4675324675324675,0.042613636363636465,false
2418,strong,0.4772727272727273,0.03564664502164505,false
2419,strong,0.4772727272727273,0.0358495670995671,false
2420,strong,0.4788961038961039,0.050262237762237705,false
2421,strong,0.4967532467532468,0.05107392607392619,false
2422,strong,0.4772727272727273,0.0542328042328043,false
2423,strong,0.4788961038961039,0.05375180375180377,false
2424,strong,0.5048701298701299,0.054834054834054846,false
2425,strong,0.48214285714285715,0.0642633228840126,false
2426,strong,0.5162337662337663,0.07683982683982682,false
2427,strong,0.5178571428571429,0.07629870129870131,false
2428,strong,0.5097402597402597,0.0855316558441559,false
2429,strong,0.512987012987013,0.07274756493506496,false
2430,strong,0.5194805194805194,0.07920110192837454,false
2431,strong,0.5438311688311688,0.08451397087760726,false
2432,strong,0.5227272727272727,0.07747933884297525,false
2433,strong,0.5227272727272727,0.07556080283353017,false
2434,strong,0.547077922077922,0.07511806375442731,false
2435,strong,0.5227272727272727,0.07428177882723341,false
2436,strong,0.6055194805194806,0.08840023612750902,false
2437,strong,0.6428571428571429,0.08776072412436042,false
2438,strong,0.6574675324675324,0.08490751672569863,false
2439,strong,0.6737012987012987,0.08456316410861864,false
2440,strong,0.6753246753246753,0.08141479732388812,false
2441,strong,0.7321428571428571,0.09115505706414795,false
2442,strong,0.7402597402597403,0.08628492719401804,false
2443,strong,0.7175324675324676,0.08603896103896114,false
2444,strong,0.7743506493506493,0.08535025580480138,false
2445,strong,0.724025974025974,0.08736717827626905,false
2446,strong,0.810064935064935,0.09459858323494685,false
2447,strong,0.7564935064935064,0.08741637150728054,false
2448,strong,0.7954545454545454,0.08884297520661144,false
2449,strong,0.8214285714285714,0.09046635182998841,false
2450,strong,0.797077922077922,0.08820346320346317,false
2451,strong,0.8084415584415584,0.08849862258953167,false
2452,strong,0.8084415584415584,0.08805588351042892,false
2453,strong,0.8116883116883117,0.08328414010232188,false
2454,strong,0.836038961038961,0.08776072412436065,false
2455,strong,0.8116883116883117,0.08584218811491517,false
2456,strong,0.8181818181818182,0.08977764659582865,false
2457,strong,0.8051948051948052,0.08485832349468703,false
2458,strong,0.8441558441558441,0.11545651318378569,false
2459,strong,0.7824675324675324,0.0713301849665483,false
2460,strong,0.8051948051948052,0.09410665092483272,false
2461,strong,0.7824675324675324,0.09312278630460447,false
2462,strong,0.7272727272727273,0.06901810310901224,false
2463,strong,0.724025974025974,0.06773907910271537,false
2464,strong,0.6753246753246753,0.06478748524203082,false
2465,strong,0.711038961038961,0.0610487996851633,false
2466,strong,0.6217532467532467,0.05327626918535999,false
2467,strong,0.6542207792207793,0.051898858717040475,true
2468,strong,0.4935064935064935,0.04776662731208192,true
2469,strong,0.3555194805194805,0.035615899252262884,true
2470,strong,0.0,0.0,true
2471,nascent,0.3425324675324675,-0.062463105076741465,false
2472,nascent,0.3425324675324675,-0.06240981240981247,false
2473,nascent,0.3685064935064935,-0.04790764790764784,false
2474,nascent,0.4107142857142857,-0.007070707070707061,false
2475,nascent,0.4301948051948052,-0.018722943722943974,false
2476,reporting,0.4366883116883117,-0.019300144300144095,false
2477,reporting,0.43506493506493504,-0.01637806637806627,false
2478,reporting,0.43993506493506496,-0.02016594516594511,false
2479,reporting,0.43993506493506496,-0.021897546897546694,false
2480,reporting,0.4448051948051948,-0.03632756132756132,false
2481,reporting,0.44155844155844154,-0.024314574314574455,false
2482,reporting,0.461038961038961,-0.007359307359307399,false
2483,strong,0.4967532467532468,0.004509379509379463,false
2484,strong,0.4724025974025974,0.0011183261183261295,false
2485,reporting,0.5211038961038961,-0.018704121964991494,false
2486,reporting,0.5698051948051948,-0.010904856013551623,false
2487,reporting,0.5535714285714286,-0.044078204404291,false
2488,reporting,0.577922077922078,-0.03778668140370256,false
2489,reporting,0.586038961038961,-0.03643962420558167,false
2490,reporting,0.6201298701298701,-0.049150317767339136,false
2491,reporting,0.6818181818181818,-0.007426084553744272,false
2492,reporting,0.6542207792207793,-0.01281431334622829,false
2493,reporting,0.6964285714285714,-0.026043105830339752,false
2494,reporting,0.650974025974026,-0.024385189278806174,false
2495,reporting,0.689935064935065,-0.07249930920143677,false
2496,reporting,0.6525974025974026,-0.060306714562033625,false
2497,reporting,0.724025974025974,-0.02856452058579728,false
2498,reporting,0.7418831168831169,-0.036336004421110846,false
2499,reporting,0.737012987012987,-0.020689416966012897,false
2500,reporting,0.7516233766233766,-0.020585797181542187,false
2501,reporting,0.7467532467532467,-0.0219673943078198,false
2502,reporting,0.7597402597402597,-0.01903150041447932,false
2503,reporting,0.7775974025974026,-0.021587455098093233,false
2504,reporting,0.7581168831168831,-0.01802984249792794,false
2505,reporting,0.7613636363636364,-0.018617021276595702,false
2506,reporting,0.7548701298701299,-0.009977002164501925,false
2507,reporting,0.7451298701298701,-0.029829545454545747,false
2508,reporting,0.7305194805194806,-0.01826298701298701,false
2509,reporting,0.7077922077922078,-0.03517316017316041,false
2510,reporting,0.6785714285714286,-0.04014475108225091,false
2511,reporting,0.6314935064935064,-0.0375405844155845,false
2512,reporting,0.6461038961038961,-0.02323457792207806,false
2513,reporting,0.6347402597402597,-0.012648809523809312,false
2514,reporting,0.6314935064935064,-0.03574810606060619,false
2515,reporting,0.5503246753246753,-0.034733495670995596,false
2516,reporting,0.5876623376623377,-0.02942370129870131,true
2517,reporting,0.42857142857142855,-0.03497023809523819,true
2518,reporting,0.3051948051948052,-0.02499323593073599,true
2519,strong,0.0,0.0,true
2520,nascent,0.2840909090909091,-0.01521915584415584,false
2521,nascent,0.28733766233766234,-0.02171266233766239,false
2522,nascent,0.28733766233766234,-0.02459114959114972,false
2523,nascent,0.3344155844155844,0.016401701746529218,false
2524,nascent,0.336038961038961,0.017806412337662336,false
2525,strong,0.3538961038961039,0.012378246753246724,false
2526,strong,0.35714285714285715,0.016424751718869313,false
2527,strong,0.37012987012987014,0.015538033395176232,false
2528,reporting,0.32792207792207795,-0.01053001053001057,false
2529,reporting,0.36363636363636365,-0.04185679185679192,false
2530,reporting,0.35064935064935066,-0.045454545454545414,false
2531,reporting,0.400974025974026,-0.011977886977886987,false
2532,reporting,0.4074675324675325,-0.007502632502632445,false
2533,strong,0.42694805194805197,0.008818883818883905,false
2534,strong,0.43506493506493504,0.008157467532467377,false
2535,strong,0.413961038961039,0.008965466351829987,false
2536,strong,0.4090909090909091,0.004148629148629124,false
2537,strong,0.42694805194805197,0.010533910533910618,false
2538,strong,0.4431818181818182,0.025396825396825418,false
2539,strong,0.49188311688311687,0.04296536796536771,false
2540,strong,0.5081168831168831,0.0521284271284273,false
2541,strong,0.5016233766233766,0.050180375180375325,false
2542,strong,0.5097402597402597,0.04963924963924965,false
2543,strong,0.5113636363636364,0.0495310245310247,false
2544,strong,0.5357142857142857,0.054581529581529564,false
2545,strong,0.5146103896103896,0.048737373737373635,false
2546,strong,0.5146103896103896,0.046212121212121204,false
2547,strong,0.5357142857142857,0.04347041847041838,false
2548,strong,0.5113636363636364,0.040079365079365104,false
2549,strong,0.5909090909090909,0.051101072840203376,false
2550,strong,0.5941558441558441,0.013445793337097722,false
2551,strong,0.6444805194805194,0.04683088650479983,false
2552,strong,0.6672077922077922,0.05149903288201174,false
2553,strong,0.6672077922077922,0.04472920696324956,false
2554,strong,0.7224025974025974,0.05312240950538816,false
2555,strong,0.7305194805194806,0.04127521414755453,false
2556,strong,0.6915584415584416,0.024523348991434046,false
2557,strong,0.7483766233766234,0.025904946117712213,false
2558,strong,0.6948051948051948,0.019445979552362602,false
2559,strong,0.7840909090909091,0.021656534954407336,false
2560,strong,0.7386363636363636,0.0257322464769274,false
2561,strong,0.7775974025974026,0.02500690798563132,false
2562,strong,0.814935064935065,0.03671594363083719,false
2563,strong,0.7905844155844156,0.032882011605415706,false
2564,strong,0.801948051948052,0.02973887814313314,false
2565,strong,0.7938311688311688,0.025110527770102253,false
2566,strong,0.8051948051948052,0.026423045040066206,false
2567,strong,0.8246753246753247,0.02549046697982882,false
2568,strong,0.8003246753246753,0.02417794970986431,false
2569,strong,0.8051948051948052,0.025214147554573185,false
2570,strong,0.7954545454545454,0.030607413419913576,false
2571,strong,0.7840909090909091,0.009131493506493227,false
2572,strong,0.7743506493506493,0.025568181818181768,false
2573,strong,0.7516233766233766,0.008658008658008476,false
2574,strong,0.7224025974025974,0.0036864177489178696,false
2575,reporting,0.6688311688311688,-0.000202922077922163,false
2576,reporting,0.6688311688311688,-0.000507305194805352,false
2577,strong,0.6623376623376623,0.014948593073593308,false
2578,reporting,0.6477272727272727,-0.01951433982683992,false
2579,reporting,0.573051948051948,-0.012006222943722888,false
2580,strong,0.6477272727272727,0.030641233766233733,true
2581,strong,0.4935064935064935,0.029964826839826764,true
2582,strong,0.349025974025974,0.01883793290043284,true
2583,strong,0.0,0.0,true
2584,nascent,0.003246753246753247,-0.20956316410861864,false
2585,nascent,0.25487012987012986,-0.0444399350649351,false
2586,nascent,0.25487012987012986,-0.05418019480519487,false
2587,nascent,0.25487012987012986,-0.0570586820586822,false
2588,nascent,0.25811688311688313,-0.05989699955217204,false
2589,reporting,0.30357142857142855,-0.014661120129870142,false
2590,reporting,0.32305194805194803,-0.018465909090909116,false
2591,reporting,0.32305194805194803,-0.017666157372039804,false
2592,reporting,0.349025974025974,-0.005565862708719893,false
2593,reporting,0.33766233766233766,-0.0007897507897508538,false
2594,strong,0.4172077922077922,0.011714636714636628,false
2595,strong,0.4074675324675325,0.011363636363636409,false
2596,strong,0.4172077922077922,0.004255879255879225,false
2597,strong,0.4172077922077922,0.002237627237627271,false
2598,strong,0.41883116883116883,0.0007020007020007712,false
2599,strong,0.4383116883116883,0.011404220779220653,false
2600,strong,0.41883116883116883,0.013835596221959845,false
2601,strong,0.41883116883116883,0.01388888888888884,false
2602,strong,0.41883116883116883,0.002417027417027484,false
2603,strong,0.4366883116883117,0.018903318903318922,false
2604,strong,0.46915584415584416,0.020238095238095,false
2605,strong,0.4659090909090909,0.009920634920635107,false
2606,strong,0.461038961038961,0.009595959595959713,false
2607,strong,0.4675324675324675,0.0074314574314574555,false
2608,strong,0.474025974025974,0.012193362193362367,false
2609,strong,0.4967532467532468,0.015620490620490646,false
2610,strong,0.47564935064935066,0.00977633477633466,false
2611,strong,0.47564935064935066,0.00725108225108223,false
2612,strong,0.5,0.007756132756132683,false
2613,strong,0.474025974025974,0.0027417027417027673,false
2614,strong,0.547077922077922,0.007269904009034489,false
2615,strong,0.5827922077922078,0.0020821569734613687,false
2616,reporting,0.5714285714285714,-0.026221061547148206,false
2617,reporting,0.612012987012987,-0.0036957723127934994,false
2618,strong,0.625,0.0025214147554573074,false
2619,strong,0.6737012987012987,0.0044211108040894675,false
2620,reporting,0.676948051948052,-0.012296214423874074,false
2621,reporting,0.6461038961038961,-0.02093119646311148,false
2622,reporting,0.6801948051948052,-0.04227687206410591,false
2623,reporting,0.6444805194805194,-0.030878695772312725,false
2624,reporting,0.7321428571428571,-0.03029151699364463,false
2625,reporting,0.6964285714285714,-0.01647554573086485,false
2626,reporting,0.737012987012987,-0.01557750759878429,false
2627,strong,0.788961038961039,0.010741917656811206,false
2628,strong,0.7808441558441559,0.02314175186515599,false
2629,strong,0.7954545454545454,0.02324537164962659,false
2630,strong,0.788961038961039,0.02024039789997245,false
2631,strong,0.8068181818181818,0.028046421663442733,false
2632,strong,0.827922077922078,0.028737220226582094,false
2633,strong,0.8051948051948052,0.029048079579994224,false
2634,strong,0.810064935064935,0.030084277424702988,false
2635,strong,0.797077922077922,0.032230790043290214,false
2636,strong,0.7905844155844156,0.015624999999999778,false
2637,strong,0.7775974025974026,0.028814935064935043,false
2638,strong,0.7548701298701299,0.011904761904761751,false
2639,strong,0.7321428571428571,0.013426677489177585,false
2640,strong,0.6753246753246753,0.006290584415584388,false
2641,strong,0.6753246753246753,0.005986201298701199,false
2642,strong,0.672077922077922,0.024688852813853024,false
2643,strong,0.7077922077922078,0.04055059523809512,false
2644,strong,0.6185064935064936,0.03344832251082264,false
2645,strong,0.650974025974026,0.03388798701298701,true
2646,strong,0.49188311688311687,0.028341450216450126,true
2647,strong,0.3555194805194805,0.025331439393939337,true
2648,strong,0.0,0.0,true
2649,nascent,0.1525974025974026,-0.0055194805194805074,false
2650,nascent,0.15746753246753248,-0.005519480519480563,false
2651,nascent,0.13474025974025974,-0.03133116883116885,false
2652,nascent,0.16396103896103897,-0.0038149350649350766,false
2653,nascent,0.21266233766233766,0.002435064935064901,false
2654,reporting,0.21103896103896103,-0.0012175324675324783,false
2655,reporting,0.21103896103896103,-0.0017857142857143071,false
2656,strong,0.2305194805194805,0.0140422077922078,false
2657,strong,0.24025974025974026,0.024107142857142827,false
2658,strong,0.2418831168831169,0.023620129870129875,false
2659,strong,0.24025974025974026,0.022646103896103886,false
2660,strong,0.24025974025974026,0.022159090909090906,false
2661,strong,0.24025974025974026,0.022483766233766245,false
2662,strong,0.24025974025974026,0.017775974025974,false
2663,strong,0.33766233766233766,0.018181818181818243,false
2664,strong,0.36363636363636365,0.020048701298701233,false
2665,strong,0.36688311688311687,0.019399350649350666,false
2666,strong,0.36688311688311687,0.02213695395513582,false
2667,strong,0.36688311688311687,0.02508854781582054,false
2668,strong,0.3685064935064935,0.02228453364817007,false
2669,strong,0.38636363636363635,0.026538678712591746,false
2670,strong,0.387987012987013,0.02861201298701299,false
2671,strong,0.400974025974026,0.016436688311688374,false
2672,strong,0.387987012987013,0.026244588744588737,false
2673,strong,0.46915584415584416,0.030370670995671034,false
2674,strong,0.4577922077922078,0.03287337662337675,false
2675,strong,0.4675324675324675,0.02590638528138528,false
2676,strong,0.4659090909090909,0.024485930735930694,false
2677,strong,0.46915584415584416,0.04052197802197799,false
2678,strong,0.487012987012987,0.04133366633366642,false
2679,strong,0.4675324675324675,0.04449254449254453,false
2680,strong,0.4724025974025974,0.04725829725829728,false
2681,strong,0.49837662337662336,0.048340548340548295,false
2682,strong,0.47564935064935066,0.0577698163905061,false
2683,strong,0.5097402597402597,0.07034632034632027,false
2684,strong,0.5097402597402597,0.06818181818181812,false
2685,strong,0.5016233766233766,0.07741477272727282,false
2686,strong,0.5097402597402597,0.06950081168831168,false
2687,strong,0.512987012987013,0.0727075954348681,false
2688,strong,0.5357142857142857,0.07639708776072418,false
2689,strong,0.5146103896103896,0.06936245572609218,false
2690,strong,0.5146103896103896,0.0674439197166471,false
2691,strong,0.538961038961039,0.06700118063754423,false
2692,strong,0.5146103896103896,0.06616489571035034,false
2693,strong,0.586038961038961,0.06891971664698948,false
2694,strong,0.6233766233766234,0.06828020464384088,false
2695,strong,0.6396103896103896,0.06705037386855583,false
2696,strong,0.6558441558441559,0.06670602125147584,false
2697,strong,0.6607142857142857,0.06680440771349849,false
2698,strong,0.7126623376623377,0.07167453758362852,false
2699,strong,0.7207792207792207,0.06680440771349849,false
2700,strong,0.6996753246753247,0.06818181818181823,false
2701,strong,0.7613636363636364,0.07236324281778839,false
2702,strong,0.7061688311688312,0.06951003541912626,false
2703,strong,0.797077922077922,0.08161157024793386,false
2704,strong,0.7435064935064936,0.07442935852026766,false
2705,strong,0.7824675324675324,0.07585596221959845,false
2706,strong,0.8084415584415584,0.07747933884297542,false
2707,strong,0.7808441558441559,0.07196969696969702,false
2708,strong,0.7922077922077922,0.07226485635576552,false
2709,strong,0.797077922077922,0.07669224714679257,false
2710,strong,0.801948051948052,0.07354388036206216,false
2711,strong,0.8246753246753247,0.07639708776072429,false
2712,strong,0.8003246753246753,0.07447855175127882,false
2713,strong,0.8051948051948052,0.07679063360881566,false
2714,strong,0.7938311688311688,0.07349468713105056,false
2715,strong,0.7857142857142857,0.057014954742227286,false
2716,strong,0.7711038961038961,0.05996654860291195,false
2717,strong,0.7467532467532467,0.03566509248327421,false
2718,strong,0.7711038961038961,0.08175914994096811,false
2719,strong,0.7191558441558441,0.06090121999212905,false
2720,strong,0.7159090909090909,0.059622195985832294,false
2721,strong,0.6672077922077922,0.05667060212514774,false
2722,strong,0.702922077922078,0.052931916568280224,false
2723,strong,0.6136363636363636,0.045159386068476914,false
2724,strong,0.6461038961038961,0.043781975600157286,true
2725,strong,0.48538961038961037,0.03964974419519879,true
2726,strong,0.3555194805194805,0.035615899252262884,true
2727,strong,0.0,0.0,true
2728,nascent,0.6136363636363636,0.12012987012987014,false
2729,nascent,0.6444805194805194,0.11938061938061928,false
2730,nascent,0.6461038961038961,0.11201298701298701,false
2731,nascent,0.7045454545454546,0.12337662337662347,false
2732,nascent,0.7321428571428571,0.13511488511488512,false
2733,strong,0.7077922077922078,0.1264985014985015,false
2734,strong,0.7516233766233766,0.11813186813186816,false
2735,strong,0.7126623376623377,0.12412587412587417,false
2736,strong,0.8035714285714286,0.1469780219780219,false
2737,strong,0.7516233766233766,0.13736263736263732,false
2738,strong,0.7873376623376623,0.13661338661338662,false
2739,strong,0.8116883116883117,0.129120879120879,false
2740,strong,0.788961038961039,0.13099400599400612,false
2741,strong,0.8003246753246753,0.13036963036963034,false
2742,strong,0.8003246753246753,0.09659090909090884,false
2743,strong,0.8068181818181818,0.09369202226345075,false
2744,strong,0.8262987012987013,0.0923005565862709,false
2745,strong,0.8035714285714286,0.08974953617810766,false
2746,strong,0.8084415584415584,0.0904452690166977,false
2747,strong,0.7954545454545454,0.08685064935064923,false
2748,strong,0.8344155844155844,0.10157699443413737,false
2749,strong,0.775974025974026,0.07942949907235641,false
2750,strong,0.801948051948052,0.09183673469387765,false
2751,strong,0.7775974025974026,0.08824211502782942,false
2752,strong,0.724025974025974,0.08116883116883111,false
2753,strong,0.7224025974025974,0.08163265306122458,false
2754,strong,0.6737012987012987,0.06737012987013002,false
2755,strong,0.7077922077922078,0.07073283858998147,false
2756,strong,0.6201298701298701,0.06307977736549164,false
2757,strong,0.650974025974026,0.060064935064935154,true
2758,strong,0.49188311688311687,0.05310760667903519,true
2759,strong,0.3555194805194805,0.03791743970315398,true
2760,strong,0.0,0.0,true
2761,nascent,0.15422077922077923,-0.0038961038961038696,false
2762,nascent,0.1590909090909091,-0.003896103896103953,false
2763,nascent,0.16396103896103897,-0.002110389610389618,false
2764,nascent,0.16396103896103897,-0.0038149350649350766,false
2765,nascent,0.18344155844155843,-0.02678571428571433,false
2766,reporting,0.18344155844155843,-0.02881493506493507,false
2767,reporting,0.15746753246753248,-0.055357142857142855,false
2768,reporting,0.15746753246753248,-0.059009740259740234,false
2769,reporting,0.15746753246753248,-0.05868506493506495,false
2770,reporting,0.15746753246753248,-0.06079545454545454,false
2771,reporting,0.15746753246753248,-0.06014610389610389,false
2772,reporting,0.15746753246753248,-0.06063311688311687,false
2773,reporting,0.16233766233766234,-0.055438311688311676,false
2774,reporting,0.2077922077922078,-0.01469155844155845,false
2775,reporting,0.2905844155844156,-0.02889610389610381,false
2776,reporting,0.31493506493506496,-0.028652597402597457,false
2777,reporting,0.31493506493506496,-0.032548701298701244,false
2778,reporting,0.30194805194805197,-0.04279811097992908,false
2779,reporting,0.30194805194805197,-0.03984651711924436,false
2780,reporting,0.30194805194805197,-0.04427390791027147,false
2781,reporting,0.32142857142857145,-0.038396386222473156,false
2782,reporting,0.31006493506493504,-0.04931006493506496,false
2783,reporting,0.35064935064935066,-0.03388798701298695,false
2784,reporting,0.3133116883116883,-0.048430735930735935,false
2785,reporting,0.37987012987012986,-0.05891504329004327,false
2786,reporting,0.38961038961038963,-0.03530844155844143,false
2787,reporting,0.413961038961039,-0.027665043290043267,false
2788,reporting,0.41233766233766234,-0.029085497835497853,false
2789,reporting,0.4172077922077922,-0.011426073926073976,false
2790,reporting,0.413961038961039,-0.031718281718281616,false
2791,reporting,0.4155844155844156,-0.007455507455507382,false
2792,reporting,0.4155844155844156,-0.00955988455988449,false
2793,reporting,0.42857142857142855,-0.02146464646464652,false
2794,strong,0.42045454545454547,0.002575011195700916,false
2795,reporting,0.4318181818181818,-0.0075757575757576245,false
2796,strong,0.45454545454545453,0.012987012987012936,false
2797,strong,0.44642857142857145,0.022219967532467633,false
2798,strong,0.45454545454545453,0.014306006493506496,false
2799,strong,0.45454545454545453,0.014266036993309639,false
2800,strong,0.461038961038961,0.001721763085399508,false
2801,strong,0.4724025974025974,0.027154663518299926,false
2802,strong,0.4724025974025974,0.025236127508854844,false
2803,strong,0.4967532467532468,0.02479338842975204,false
2804,strong,0.4724025974025974,0.023957103502558086,false
2805,reporting,0.512987012987013,-0.004132231404958553,false
2806,strong,0.5681818181818182,0.01308539944903575,false
2807,strong,0.5844155844155844,0.011855568673750594,false
2808,strong,0.599025974025974,0.009887839433293966,false
2809,strong,0.6038961038961039,0.009986225895316725,false
2810,reporting,0.6298701298701299,-0.011117670208579233,false
2811,strong,0.6574675324675324,0.0034927194018101737,false
2812,strong,0.6444805194805194,0.012987012987012991,false
2813,strong,0.7012987012987013,0.012298307752853344,false
2814,strong,0.6493506493506493,0.01269185360094438,false
2815,strong,0.7191558441558441,0.0036894923258559142,false
2816,reporting,0.6655844155844156,-0.0034927194018102847,false
2817,reporting,0.7045454545454546,-0.0020661157024793875,false
2818,strong,0.7353896103896104,0.004427390791027386,false
2819,strong,0.711038961038961,0.0021645021645021467,false
2820,strong,0.7224025974025974,0.0024596615505706465,false
2821,strong,0.7224025974025974,0.002016922471467897,false
2822,strong,0.7288961038961039,0.0004919323101141293,false
2823,strong,0.7483766233766234,9.838646202298129e-5,false
2824,strong,0.7337662337662337,0.007920110192837226,false
2825,strong,0.737012987012987,0.00860881542699743,false
2826,strong,0.7272727272727273,0.006936245572609079,false
2827,reporting,0.7175324675324676,-0.011166863439590835,false
2828,reporting,0.7045454545454546,-0.0065918929555295325,false
2829,reporting,0.6818181818181818,-0.02926997245179075,false
2830,reporting,0.6542207792207793,-0.0351239669421487,false
2831,reporting,0.5957792207792207,-0.06247540338449431,false
2832,reporting,0.5957792207792207,-0.060507674144037904,false
2833,reporting,0.5909090909090909,-0.01962809917355357,false
2834,reporting,0.5714285714285714,-0.07856158992522633,false
2835,reporting,0.5178571428571429,-0.05061983471074383,false
2836,reporting,0.5438311688311688,-0.05849075167257001,true
2837,reporting,0.3847402597402597,-0.06099960645415187,true
2838,reporting,0.2727272727272727,-0.04717630853994492,true
2839,strong,0.0,0.0,true
2840,strong,0.4642857142857143,0.05346320346320349,false
2841,strong,0.45454545454545453,0.05454545454545451,false
2842,strong,0.461038961038961,0.05984848484848487,false
2843,strong,0.4707792207792208,0.046645021645021656,false
2844,strong,0.461038961038961,0.05411255411255411,false
2845,strong,0.49188311688311687,0.05822510822510818,false
2846,strong,0.4935064935064935,0.05432900432900428,false
2847,strong,0.48538961038961037,0.05422077922077917,false
2848,strong,0.4935064935064935,0.052705627705627756,false
2849,strong,0.4935064935064935,0.04924242424242414,false
2850,strong,0.5227272727272727,0.062012987012986964,false
2851,strong,0.5016233766233766,0.05541125541125541,false
2852,strong,0.5016233766233766,0.055735930735930694,false
2853,strong,0.5292207792207793,0.059199134199134196,false
2854,strong,0.5048701298701299,0.05584415584415581,false
2855,strong,0.586038961038961,0.04673005565862709,false
2856,strong,0.625,0.03548237476808913,false
2857,strong,0.6396103896103896,0.0403934300993124,false
2858,strong,0.6525974025974026,0.03008021390374338,false
2859,strong,0.6590909090909091,0.03275401069518713,false
2860,strong,0.7175324675324676,0.03943850267379678,false
2861,strong,0.7256493506493507,0.025496562261268174,false
2862,strong,0.702922077922078,0.024828113063407153,false
2863,strong,0.7597402597402597,0.02463712757830394,false
2864,strong,0.7077922077922078,0.023395721925133617,false
2865,strong,0.7922077922077922,0.021676852559205595,false
2866,strong,0.7386363636363636,0.018812070282658522,false
2867,strong,0.7857142857142857,0.027024446142093095,false
2868,strong,0.8165584415584416,0.025210084033613578,false
2869,strong,0.788961038961039,0.021199388846447786,false
2870,strong,0.8035714285714286,0.02129488158899917,false
2871,strong,0.8003246753246753,0.01728418640183338,false
2872,strong,0.8068181818181818,0.01632925897631765,false
2873,strong,0.823051948051948,0.013082505729564375,false
2874,strong,0.8035714285714286,0.015565317035905246,false
2875,strong,0.8068181818181818,0.013273491214667588,false
2876,strong,0.7987012987012987,0.01661573720397247,false
2877,strong,0.7873376623376623,0.0033422459893048817,false
2878,strong,0.762987012987013,0.008594346829641109,false
2879,strong,0.7532467532467533,0.005729564553094035,false
2880,strong,0.724025974025974,0.0013368983957218195,false
2881,strong,0.676948051948052,0.0032467532467533866,false
2882,reporting,0.6655844155844156,-0.003437738731856377,false
2883,strong,0.6753246753246753,0.02158135981665399,false
2884,strong,0.6542207792207793,0.0007639419404124048,false
2885,strong,0.5714285714285714,0.002769289533995245,false
2886,strong,0.6477272727272727,0.047268907563025264,true
2887,strong,0.49188311688311687,0.04287624140565305,true
2888,strong,0.349025974025974,0.03877005347593582,true
2889,strong,0.0,0.0,true
2890,nascent,0.09740259740259741,-0.005411255411255408,false
2891,nascent,0.09740259740259741,-0.02353896103896104,false
2892,nascent,0.1038961038961039,-0.0267857142857143,false
2893,nascent,0.1038961038961039,-0.027326839826839838,false
2894,nascent,0.11363636363636363,-0.03571428571428571,false
2895,reporting,0.11363636363636363,-0.03463203463203461,false
2896,reporting,0.11363636363636363,-0.030303030303030318,false
2897,reporting,0.11363636363636363,-0.030303030303030318,false
2898,reporting,0.11363636363636363,-0.030303030303030318,false
2899,reporting,0.11363636363636363,-0.033008658008658,false
2900,reporting,0.11363636363636363,-0.03192640692640693,false
2901,reporting,0.11363636363636363,-0.03192640692640693,false
2902,reporting,0.11363636363636363,-0.03192640692640693,false
2903,reporting,0.11363636363636363,-0.03192640692640693,false
2904,reporting,0.14935064935064934,-0.06791125541125545,false
2905,reporting,0.18668831168831168,-0.05411255411255411,false
2906,reporting,0.18668831168831168,-0.05411255411255411,false
2907,reporting,0.18668831168831168,-0.054383116883116894,false
2908,reporting,0.18668831168831168,-0.05465367965367965,false
2909,reporting,0.18668831168831168,-0.05708874458874458,false
2910,reporting,0.20616883116883117,-0.056006493506493504,false
2911,reporting,0.2077922077922078,-0.056006493506493504,false
2912,reporting,0.2288961038961039,-0.05844155844155843,false
2913,reporting,0.2077922077922078,-0.05708874458874458,false
2914,reporting,0.2077922077922078,-0.11417748917748916,false
2915,reporting,0.2077922077922078,-0.1093073593073593,false
2916,reporting,0.2159090909090909,-0.10930735930735933,false
2917,reporting,0.2159090909090909,-0.10930735930735933,false
2918,reporting,0.2159090909090909,-0.11038961038961034,false
2919,reporting,0.2159090909090909,-0.11877705627705634,false
2920,reporting,0.2159090909090909,-0.1103896103896104,false
2921,reporting,0.2159090909090909,-0.11011904761904764,false
2922,reporting,0.2418831168831169,-0.11228354978354979,false
2923,reporting,0.21915584415584416,-0.11011904761904762,false
2924,reporting,0.21915584415584416,-0.13311688311688313,false
2925,reporting,0.24025974025974026,-0.1220238095238095,false
2926,reporting,0.23214285714285715,-0.12283549783549785,false
2927,reporting,0.24025974025974026,-0.12310606060606052,false
2928,reporting,0.2435064935064935,-0.12310606060606055,false
2929,reporting,0.24512987012987014,-0.13609307359307354,false
2930,reporting,0.24512987012987014,-0.12256493506493504,false
2931,dissolved,0.24512987012987014,-0.12337662337662336,false
2932,dissolved,0.2694805194805195,-0.12445887445887449,false
2933,dissolved,0.2435064935064935,-0.125,false
2934,dissolved,0.24675324675324675,-0.18046536796536802,false
2935,dissolved,0.24675324675324675,-0.2172619047619048,false
2936,dissolved,0.24675324675324675,-0.33964646464646464,false
2937,nascent,0.6737012987012987,0.019642857142857073,false
2938,nascent,0.6785714285714286,0.012987012987012991,false
2939,nascent,0.7305194805194806,0.011688311688311637,false
2940,nascent,0.7402597402597403,0.008766233766233755,false
2941,nascent,0.7207792207792207,0.01022727272727264,false
2942,strong,0.7775974025974026,0.008441558441558472,false
2943,strong,0.7224025974025974,0.00454545454545463,false
2944,strong,0.8084415584415584,0.005032467532467444,false
2945,strong,0.7548701298701299,0.0051948051948051965,false
2946,strong,0.7938311688311688,0.0051948051948050855,false
2947,strong,0.8198051948051948,0.004707792207792161,false
2948,strong,0.797077922077922,0.006006493506493404,false
2949,strong,0.810064935064935,0.006818181818181723,false
2950,strong,0.8068181818181818,0.006006493506493404,false
2951,strong,0.8133116883116883,0.005032467532467555,false
2952,strong,0.8327922077922078,0.005032467532467444,false
2953,strong,0.8084415584415584,0.0037337662337663113,false
2954,strong,0.8165584415584416,0.0051948051948053076,false
2955,strong,0.8035714285714286,0.004383116883116989,false
2956,strong,0.8425324675324676,0.010064935064934999,false
2957,strong,0.7824675324675324,0.0071428571428571175,false
2958,strong,0.8051948051948052,0.007792207792207906,false
2959,strong,0.7808441558441559,0.008441558441558472,false
2960,strong,0.7256493506493507,0.006168831168831046,false
2961,strong,0.7207792207792207,0.004870129870129802,false
2962,strong,0.6737012987012987,0.0009740259740260715,false
2963,strong,0.7061688311688312,0.00454545454545463,false
2964,strong,0.6217532467532467,0.005681818181818121,false
2965,strong,0.6542207792207793,0.0017857142857143904,true
2966,strong,0.49188311688311687,0.005844155844155929,true
2967,strong,0.3555194805194805,0.004220779220779292,true
2968,strong,0.0,0.0,true
2969,nascent,0.3555194805194805,0.056209415584415556,false
2970,nascent,0.3587662337662338,0.04971590909090906,false
2971,nascent,0.33116883116883117,0.019240019240019113,false
2972,nascent,0.32792207792207795,0.009908195253022778,false
2973,nascent,0.3198051948051948,0.0015726461038961248,false
2974,reporting,0.3051948051948052,-0.036323051948051965,false
2975,reporting,0.3068181818181818,-0.033899923605806015,false
2976,reporting,0.30844155844155846,-0.04615027829313545,false
2977,reporting,0.3133116883116883,-0.0251404001404002,false
2978,strong,0.413961038961039,0.008467883467883408,false
2979,strong,0.4074675324675325,0.011363636363636409,false
2980,reporting,0.38961038961038963,-0.02334152334152334,false
2981,reporting,0.3977272727272727,-0.017242892242892216,false
2982,reporting,0.400974025974026,-0.017155142155142078,false
2983,reporting,0.42207792207792205,-0.004829545454545614,false
2984,strong,0.40584415584415584,0.0008485832349468536,false
2985,reporting,0.4042207792207792,-0.0007215007215007896,false
2986,strong,0.4431818181818182,0.02676767676767683,false
2987,strong,0.474025974025974,0.05624098124098126,false
2988,strong,0.5064935064935064,0.05757575757575728,false
2989,strong,0.5081168831168831,0.0521284271284273,false
2990,strong,0.5,0.04855699855699869,false
2991,strong,0.5097402597402597,0.04963924963924965,false
2992,strong,0.5097402597402597,0.047907647907648065,false
2993,strong,0.5308441558441559,0.04971139971139976,false
2994,strong,0.512987012987013,0.047113997113997,false
2995,strong,0.512987012987013,0.04458874458874457,false
2996,strong,0.5373376623376623,0.04509379509379502,false
2997,strong,0.512987012987013,0.04170274170274174,false
2998,strong,0.5795454545454546,0.03973743647656702,false
2999,strong,0.6217532467532467,0.04104319593450034,false
3000,strong,0.6363636363636364,0.03871400338791675,false
3001,strong,0.6525974025974026,0.03688864327162211,false
3002,strong,0.6477272727272727,0.025248687482730015,false
3003,strong,0.702922077922078,0.033641890024868726,false
3004,strong,0.7224025974025974,0.03315833103067134,false
3005,strong,0.6996753246753247,0.032640232108317124,false
3006,strong,0.7564935064935064,0.03402182923459529,false
3007,strong,0.711038961038961,0.03567974578612887,false
3008,strong,0.7954545454545454,0.03302017131804369,false
3009,strong,0.7418831168831169,0.028978999723680676,false
3010,strong,0.7808441558441559,0.028253661232384597,false
3011,strong,0.8068181818181818,0.028599060513954,false
3012,strong,0.7873376623376623,0.02963525835866243,false
3013,strong,0.7987012987012987,0.026492124896379865,false
3014,strong,0.7922077922077922,0.023487151146725727,false
3015,strong,0.8003246753246753,0.021552915169936293,false
3016,strong,0.823051948051948,0.02386709035645218,false
3017,strong,0.7987012987012987,0.022554573086487673,false
3018,strong,0.801948051948052,0.02196739430781991,false
3019,strong,0.7954545454545454,0.030607413419913576,false
3020,strong,0.7905844155844156,0.015624999999999778,false
3021,strong,0.775974025974026,0.027191558441558406,false
3022,strong,0.7516233766233766,0.008658008658008476,false
3023,strong,0.7272727272727273,0.008556547619047783,false
3024,strong,0.6785714285714286,0.009537337662337664,false
3025,strong,0.6737012987012987,0.004362824675324561,false
3026,strong,0.6737012987012987,0.02631222943722966,false
3027,strong,0.7094155844155844,0.04217397186147176,false
3028,strong,0.6201298701298701,0.035071699134199164,false
3029,strong,0.6542207792207793,0.037134740259740284,true
3030,strong,0.4935064935064935,0.029964826839826764,true
3031,strong,0.3538961038961039,0.0237080627705627,true
3032,strong,0.0,0.0,true
3033,nascent,0.17207792207792208,0.02643784786641931,false
3034,nascent,0.17694805194805194,0.025046382189239325,false
3035,nascent,0.18181818181818182,0.023191094619666036,false
3036,nascent,0.19480519480519481,0.029684601113172532,false
3037,nascent,0.24512987012987014,0.029684601113172532,false
3038,strong,0.2435064935064935,0.03061224489795919,false
3039,strong,0.2435064935064935,0.03061224489795919,false
3040,strong,0.2435064935064935,0.03061224489795919,false
3041,strong,0.24025974025974026,0.027829313543599243,false
3042,strong,0.2418831168831169,0.02782931354359927,false
3043,strong,0.24025974025974026,0.027829313543599243,false
3044,strong,0.24025974025974026,0.027829313543599243,false
3045,strong,0.24025974025974026,0.027829313543599243,false
3046,strong,0.24025974025974026,0.027829313543599243,false
3047,strong,0.3474025974025974,0.03641001855287568,false
3048,strong,0.37337662337662336,0.03756957328385896,false
3049,strong,0.37662337662337664,0.03756957328385896,false
3050,strong,0.37662337662337664,0.037337662337662336,false
3051,strong,0.375,0.036178107606679055,false
3052,strong,0.37662337662337664,0.036178107606679055,false
3053,strong,0.3944805194805195,0.02504638218923927,false
3054,strong,0.3961038961038961,0.019480519480519543,false
3055,strong,0.4090909090909091,0.01391465677179965,false
3056,strong,0.3961038961038961,0.019480519480519543,false
3057,strong,0.4788961038961039,0.019016697588126075,false
3058,strong,0.461038961038961,0.020871985157699502,false
3059,strong,0.4707792207792208,0.020640074211502768,false
3060,strong,0.4707792207792208,0.020408163265306145,false
3061,strong,0.4724025974025974,0.017625231910946115,false
3062,strong,0.49188311688311687,0.012059369202226333,false
3063,strong,0.4724025974025974,0.011363636363636298,false
3064,strong,0.4724025974025974,0.011595547309832921,false
3065,strong,0.49837662337662336,0.01716141001855287,false
3066,strong,0.47564935064935066,0.011595547309832976,false
3067,strong,0.5097402597402597,0.012987012987013047,false
3068,strong,0.5097402597402597,0.012523191094619746,false
3069,strong,0.5016233766233766,0.01252319109461969,false
3070,strong,0.5097402597402597,0.012523191094619746,false
3071,strong,0.512987012987013,0.012059369202226389,false
3072,strong,0.5357142857142857,0.012291280148422956,false
3073,strong,0.5146103896103896,0.012059369202226278,false
3074,strong,0.5146103896103896,0.011595547309833032,false
3075,strong,0.538961038961039,0.011595547309833032,false
3076,strong,0.5146103896103896,0.0118274582560296,false
3077,strong,0.5974025974025974,0.012523191094619746,false
3078,strong,0.6347402597402597,0.013218923933209559,false
3079,strong,0.6525974025974026,0.03944805194805201,false
3080,strong,0.6688311688311688,0.020941558441558428,false
3081,strong,0.672077922077922,0.01753246753246751,false
3082,strong,0.7288961038961039,0.01558441558441559,false
3083,strong,0.737012987012987,0.013961038961038952,false
3084,strong,0.7142857142857143,0.01363636363636378,false
3085,strong,0.7727272727272727,0.012499999999999845,false
3086,strong,0.7175324675324676,0.010389610389610393,false
3087,strong,0.8035714285714286,0.010227272727272751,false
3088,strong,0.7483766233766234,0.009090909090909038,false
3089,strong,0.788961038961039,0.010551948051948146,false
3090,strong,0.814935064935065,0.010389610389610282,false
3091,strong,0.7905844155844156,0.011201298701298712,false
3092,strong,0.8035714285714286,0.012499999999999956,false
3093,strong,0.797077922077922,0.008603896103896114,false
3094,strong,0.8068181818181818,0.011201298701298601,false
3095,strong,0.8246753246753247,0.010551948051948035,false
3096,strong,0.8035714285714286,0.010714285714285676,false
3097,strong,0.8068181818181818,0.009902597402597357,false
3098,strong,0.797077922077922,0.010227272727272751,false
3099,strong,0.8327922077922078,0.02759740259740273,false
3100,strong,0.7775974025974026,0.012824675324675239,false
3101,strong,0.801948051948052,0.025000000000000133,false
3102,strong,0.7743506493506493,0.023701298701298557,false
3103,strong,0.724025974025974,0.022727272727272707,false
3104,strong,0.7142857142857143,0.01996753246753258,false
3105,strong,0.672077922077922,0.0040584415584414835,false
3106,strong,0.702922077922078,0.01818181818181841,false
3107,strong,0.6201298701298701,0.01996753246753258,false
3108,strong,0.6461038961038961,0.0035714285714285587,true
3109,strong,0.49188311688311687,0.005194805194805141,true
3110,strong,0.3474025974025974,0.0024350649350649567,true
3111,strong,0.0,0.0,true
3112,nascent,0.25487012987012986,-0.1630094043887147,false
3113,nascent,0.26136363636363635,-0.1780303030303031,false
3114,nascent,0.26785714285714285,-0.17370129870129875,false
3115,nascent,0.2597402597402597,-0.1644683441558441,false
3116,nascent,0.30844155844155846,-0.13179788961038957,false
3117,microstate,0.3181818181818182,-0.12209759937032671,false
3118,microstate,0.3181818181818182,-0.14113537977174334,false
3119,microstate,0.3181818181818182,-0.12706611570247928,false
3120,microstate,0.3181818181818182,-0.12898465171192436,false
3121,microstate,0.3425324675324675,-0.12942739079102722,false
3122,microstate,0.31655844155844154,-0.13188705234159775,false
3123,microstate,0.3538961038961039,-0.16322314049586767,false
3124,microstate,0.349025974025974,-0.20607044470680846,false
3125,microstate,0.36363636363636365,-0.20892365210547015,false
3126,microstate,0.3782467532467532,-0.21089138134592683,false
3127,microstate,0.37987012987012986,-0.21403974813065735,false
3128,microstate,0.4042207792207792,-0.23676702085792994,false
3129,microstate,0.4383116883116883,-0.21566312475403393,false
3130,microstate,0.413961038961039,-0.21753246753246747,false
3131,microstate,0.47564935064935066,-0.2133510428964973,false
3132,microstate,0.42045454545454547,-0.2162042502951595,false
3133,microstate,0.4594155844155844,-0.2560507674144038,false
3134,microstate,0.42207792207792205,-0.24699921290830384,false
3135,microstate,0.4594155844155844,-0.24719598583234959,false
3136,microstate,0.4594155844155844,-0.2715466351829986,false
3137,microstate,0.4594155844155844,-0.2494588744588745,false
3138,microstate,0.4707792207792208,-0.24916371507280594,false
3139,microstate,0.47564935064935066,-0.24473632428177883,false
3140,microstate,0.4837662337662338,-0.244637937819756,false
3141,microstate,0.5016233766233766,-0.24665486029122374,false
3142,microstate,0.4805194805194805,-0.245326643053916,false
3143,microstate,0.4772727272727273,-0.2511314443132623,false
3144,microstate,0.474025974025974,-0.2463105076741442,false
3145,microstate,0.461038961038961,-0.2676603699330974,false
3146,microstate,0.5,-0.21113734750098412,false
3147,microstate,0.47564935064935066,-0.23543880362062186,false
3148,microstate,0.45292207792207795,-0.23642266824085,false
3149,microstate,0.4642857142857143,-0.19396890987800075,false
3150,microstate,0.4659090909090909,-0.19037780401416776,false
3151,microstate,0.4107142857142857,-0.1998229043683588,false
3152,microstate,0.474025974025974,-0.1759641873278237,false
3153,microstate,0.4172077922077922,-0.15126918536009454,false
3154,microstate,0.44155844155844154,-0.16076347894529724,true
3155,microstate,0.31493506493506496,-0.13080480125934663,true
3156,microstate,0.2418831168831169,-0.07802046438410074,true
3157,microstate,0.0,0.0,true
3158,nascent,0.14772727272727273,-0.010389610389610365,false
3159,nascent,0.1525974025974026,-0.010389610389610449,false
3160,nascent,0.15746753246753248,-0.008603896103896114,false
3161,nascent,0.15746753246753248,-0.010308441558441572,false
3162,nascent,0.18506493506493507,-0.02516233766233769,false
3163,reporting,0.2077922077922078,-0.004464285714285698,false
3164,reporting,0.2077922077922078,-0.005032467532467527,false
3165,reporting,0.2077922077922078,-0.008685064935064907,false
3166,reporting,0.2077922077922078,-0.008360389610389624,false
3167,reporting,0.20941558441558442,-0.008847402597402604,false
3168,reporting,0.2077922077922078,-0.009821428571428564,false
3169,reporting,0.2077922077922078,-0.010308441558441545,false
3170,reporting,0.2077922077922078,-0.009983766233766206,false
3171,strong,0.22564935064935066,0.0031655844155843993,false
3172,strong,0.3327922077922078,0.013311688311688386,false
3173,strong,0.3587662337662338,0.015178571428571375,false
3174,strong,0.36688311688311687,0.019399350649350666,false
3175,strong,0.362012987012987,0.01726682408500596,false
3176,reporting,0.3344155844155844,-0.0073789846517119395,false
3177,reporting,0.33766233766233766,-0.008559622195985772,false
3178,reporting,0.3555194805194805,-0.004305477131564095,false
3179,strong,0.3912337662337662,0.03185876623376621,false
3180,strong,0.4172077922077922,0.032670454545454586,false
3181,strong,0.3912337662337662,0.029491341991341957,false
3182,strong,0.4772727272727273,0.03848755411255417,false
3183,strong,0.4659090909090909,0.04099025974025983,false
3184,strong,0.47564935064935066,0.034023268398268414,false
3185,strong,0.474025974025974,0.03260281385281383,false
3186,strong,0.4772727272727273,0.04863886113886112,false
3187,strong,0.49512987012987014,0.04945054945054955,false
3188,strong,0.47564935064935066,0.05260942760942766,false
3189,strong,0.4772727272727273,0.05212842712842719,false
3190,strong,0.5048701298701299,0.054834054834054846,false
3191,strong,0.4805194805194805,0.06263994626063596,false
3192,strong,0.5146103896103896,0.07521645021645018,false
3193,strong,0.5146103896103896,0.07305194805194803,false
3194,strong,0.5064935064935064,0.08228490259740262,false
3195,strong,0.5146103896103896,0.0743709415584416,false
3196,strong,0.5178571428571429,0.07757772530499801,false
3197,strong,0.5405844155844156,0.0812672176308541,false
3198,strong,0.5194805194805194,0.07423258559622198,false
3199,strong,0.5194805194805194,0.0723140495867769,false
3200,strong,0.5438311688311688,0.07187131050767404,false
3201,strong,0.5194805194805194,0.07103502558048014,false
3202,strong,0.5974025974025974,0.08028335301062584,false
3203,strong,0.6396103896103896,0.08451397087760715,false
3204,strong,0.6542207792207793,0.08166076347894546,false
3205,strong,0.6704545454545454,0.08131641086186536,false
3206,strong,0.676948051948052,0.08303817394726476,false
3207,strong,0.7288961038961039,0.08790830381739478,false
3208,strong,0.737012987012987,0.08303817394726476,false
3209,strong,0.7142857142857143,0.08279220779220786,false
3210,strong,0.7743506493506493,0.08535025580480138,false
3211,strong,0.7191558441558441,0.08249704840613914,false
3212,strong,0.8035714285714286,0.08810507674144041,false
3213,strong,0.7532467532467533,0.08416961826052738,false
3214,strong,0.7922077922077922,0.08559622195985828,false
3215,strong,0.8198051948051948,0.08884297520661177,false
3216,strong,0.7954545454545454,0.08658008658008653,false
3217,strong,0.8068181818181818,0.08687524596615503,false
3218,strong,0.8035714285714286,0.08318575364029912,false
3219,strong,0.8116883116883117,0.08328414010232188,false
3220,strong,0.8344155844155844,0.08613734750098401,false
3221,strong,0.8084415584415584,0.0825954348681619,false
3222,strong,0.8165584415584416,0.08815426997245202,false
3223,strong,0.8051948051948052,0.08485832349468703,false
3224,strong,0.8441558441558441,0.11545651318378569,false
3225,strong,0.7824675324675324,0.0713301849665483,false
3226,strong,0.8068181818181818,0.09573002754820925,false
3227,strong,0.7824675324675324,0.09312278630460447,false
3228,strong,0.7272727272727273,0.06901810310901224,false
3229,strong,0.724025974025974,0.06773907910271537,false
3230,strong,0.6753246753246753,0.06478748524203082,false
3231,strong,0.711038961038961,0.0610487996851633,false
3232,strong,0.6217532467532467,0.05327626918535999,false
3233,strong,0.6542207792207793,0.051898858717040475,true
3234,strong,0.4935064935064935,0.04776662731208192,true
3235,strong,0.3555194805194805,0.035615899252262884,true
3236,strong,0.0,0.0,true
3237,nascent,0.15422077922077923,-0.0038961038961038696,false
3238,nascent,0.1590909090909091,-0.003896103896103953,false
3239,nascent,0.16396103896103897,-0.002110389610389618,false
3240,nascent,0.16396103896103897,-0.0038149350649350766,false
3241,nascent,0.20941558441558442,-0.0008116883116883467,false
3242,reporting,0.2077922077922078,-0.004464285714285698,false
3243,reporting,0.2077922077922078,-0.005032467532467527,false
3244,reporting,0.2077922077922078,-0.008685064935064907,false
3245,reporting,0.2077922077922078,-0.008360389610389624,false
3246,reporting,0.21428571428571427,-0.003977272727272746,false
3247,reporting,0.21266233766233766,-0.004951298701298706,false
3248,strong,0.23214285714285715,0.0140422077922078,false
3249,strong,0.2418831168831169,0.024107142857142883,false
3250,strong,0.2418831168831169,0.01939935064935064,false
3251,strong,0.336038961038961,0.016558441558441606,false
3252,strong,0.36038961038961037,0.016801948051947957,false
3253,strong,0.3652597402597403,0.017775974025974084,false
3254,strong,0.36363636363636365,0.0188902007083826,false
3255,reporting,0.32954545454545453,-0.012249114521841797,false
3256,reporting,0.33116883116883117,-0.015053128689492268,false
3257,reporting,0.349025974025974,-0.01079898362507059,false
3258,reporting,0.3522727272727273,-0.007102272727272707,false
3259,strong,0.41233766233766234,0.027800324675324728,false
3260,strong,0.38636363636363635,0.0246212121212121,false
3261,reporting,0.4301948051948052,-0.00859036796536794,false
3262,reporting,0.4172077922077922,-0.007711038961038863,false
3263,reporting,0.4025974025974026,-0.03902867965367962,false
3264,reporting,0.42857142857142855,-0.012851731601731642,false
3265,reporting,0.42857142857142855,-6.243756243762277e-5,false
3266,reporting,0.41883116883116883,-0.026848151848151758,false
3267,reporting,0.4042207792207792,-0.01881914381914379,false
3268,strong,0.4301948051948052,0.005050505050505083,false
3269,strong,0.4805194805194805,0.030483405483405446,false
3270,strong,0.461038961038961,0.04315942678011647,false
3271,strong,0.5,0.06060606060606055,false
3272,strong,0.5,0.058441558441558406,false
3273,strong,0.49188311688311687,0.06767451298701305,false
3274,strong,0.5,0.059760551948051965,false
3275,strong,0.5032467532467533,0.06296733569460838,false
3276,strong,0.525974025974026,0.06665682802046446,false
3277,strong,0.5081168831168831,0.06286894923258562,false
3278,strong,0.5081168831168831,0.06095041322314054,false
3279,strong,0.5324675324675324,0.06050767414403768,false
3280,strong,0.5081168831168831,0.059671389216843784,false
3281,strong,0.5876623376623377,0.07054309327036612,false
3282,strong,0.625,0.06990358126721752,false
3283,strong,0.6493506493506493,0.07679063360881555,false
3284,strong,0.6655844155844156,0.07644628099173556,false
3285,strong,0.6704545454545454,0.07654466745375821,false
3286,strong,0.7272727272727273,0.08628492719401815,false
3287,strong,0.737012987012987,0.08303817394726476,false
3288,strong,0.6866883116883117,0.05519480519480524,false
3289,strong,0.7727272727272727,0.08372687918142474,false
3290,strong,0.7175324675324676,0.08087367178276261,false
3291,strong,0.8035714285714286,0.08810507674144041,false
3292,strong,0.75,0.0809228650137741,false
3293,strong,0.7905844155844156,0.08397284533648164,false
3294,strong,0.8181818181818182,0.08721959858323525,false
3295,strong,0.7938311688311688,0.0849567099567099,false
3296,strong,0.8051948051948052,0.08525186934277851,false
3297,strong,0.8051948051948052,0.08480913026367576,false
3298,strong,0.810064935064935,0.08166076347894524,false
3299,strong,0.8327922077922078,0.08451397087760737,false
3300,strong,0.8068181818181818,0.08097205824478526,false
3301,strong,0.814935064935065,0.08653089334907538,false
3302,strong,0.8003246753246753,0.07998819362455711,false
3303,strong,0.8409090909090909,0.11220975993703253,false
3304,strong,0.7792207792207793,0.06808343171979514,false
3305,strong,0.8035714285714286,0.09248327430145609,false
3306,strong,0.7792207792207793,0.0898760330578513,false
3307,strong,0.7272727272727273,0.06901810310901224,false
3308,strong,0.724025974025974,0.06773907910271537,false
3309,strong,0.6753246753246753,0.06478748524203082,false
3310,strong,0.711038961038961,0.0610487996851633,false
3311,strong,0.6217532467532467,0.05327626918535999,false
3312,strong,0.6542207792207793,0.051898858717040475,true
3313,strong,0.4935064935064935,0.04776662731208192,true
3314,strong,0.3555194805194805,0.035615899252262884,true
3315,strong,0.0,0.0,true
3316,nascent,0.12337662337662338,-0.034740259740259724,false
3317,nascent,0.12824675324675325,-0.03474025974025979,false
3318,nascent,0.1331168831168831,-0.032954545454545486,false
3319,nascent,0.1331168831168831,-0.034659090909090945,false
3320,nascent,0.20454545454545456,-0.0056818181818182045,false
3321,reporting,0.20616883116883117,-0.006087662337662336,false
3322,reporting,0.20616883116883117,-0.006655844155844165,false
3323,reporting,0.20616883116883117,-0.010308441558441545,false
3324,reporting,0.20616883116883117,-0.009983766233766261,false
3325,reporting,0.21266233766233766,-0.005600649350649356,false
3326,reporting,0.21103896103896103,-0.006574675324675344,false
3327,reporting,0.21103896103896103,-0.0070616883116883244,false
3328,reporting,0.21103896103896103,-0.006737012987012986,false
3329,reporting,0.21103896103896103,-0.01144480519480523,false
3330,reporting,0.3003246753246753,-0.019155844155844093,false
3331,reporting,0.29545454545454547,-0.048133116883116944,false
3332,reporting,0.2987012987012987,-0.04878246753246751,false
3333,reporting,0.2987012987012987,-0.04604486422668236,false
3334,reporting,0.2987012987012987,-0.04309327036599764,false
3335,reporting,0.3068181818181818,-0.03940377804014161,false
3336,reporting,0.3246753246753247,-0.035149632975719936,false
3337,reporting,0.32954545454545453,-0.02982954545454547,false
3338,reporting,0.3555194805194805,-0.029017857142857095,false
3339,reporting,0.32954545454545453,-0.032196969696969724,false
3340,reporting,0.400974025974026,-0.03781114718614714,false
3341,reporting,0.38961038961038963,-0.03530844155844143,false
3342,reporting,0.400974025974026,-0.04065205627705626,false
3343,reporting,0.39935064935064934,-0.042072510822510845,false
3344,reporting,0.400974025974026,-0.027659840159840188,false
3345,reporting,0.42045454545454547,-0.02522477522477512,false
3346,reporting,0.4042207792207792,-0.01881914381914379,false
3347,reporting,0.4042207792207792,-0.0209235209235209,false
3348,reporting,0.4301948051948052,-0.019841269841269882,false
3349,reporting,0.4107142857142857,-0.007165248544558855,false
3350,strong,0.44805194805194803,0.008658008658008587,false
3351,strong,0.44642857142857145,0.004870129870129858,false
3352,strong,0.43993506493506496,0.015726461038961137,false
3353,strong,0.47564935064935066,0.03540990259740262,false
3354,strong,0.4805194805194805,0.04024006296733562,false
3355,strong,0.5081168831168831,0.04879968516332156,false
3356,strong,0.487012987012987,0.041765053128689555,false
3357,strong,0.487012987012987,0.03984651711924447,false
3358,strong,0.5113636363636364,0.03940377804014161,false
3359,strong,0.487012987012987,0.038567493112947715,false
3360,strong,0.564935064935065,0.04781582054309341,false
3361,strong,0.6071428571428571,0.052046438410074614,false
3362,strong,0.6217532467532467,0.04919323101141293,false
3363,strong,0.637987012987013,0.04884887839433294,false
3364,strong,0.6412337662337663,0.04732388823297906,false
3365,strong,0.6948051948051948,0.05381739472648561,false
3366,strong,0.7012987012987013,0.04732388823297906,false
3367,strong,0.6801948051948052,0.0487012987012988,false
3368,strong,0.7402597402597403,0.05125934671389232,false
3369,strong,0.685064935064935,0.04840613931523008,false
3370,strong,0.7711038961038961,0.05563754427390788,false
3371,strong,0.7175324675324676,0.04845533254624168,false
3372,strong,0.7564935064935064,0.04988193624557247,false
3373,strong,0.7824675324675324,0.05150531286894944,false
3374,strong,0.7581168831168831,0.0492424242424242,false
3375,strong,0.7694805194805194,0.0495375836284927,false
3376,strong,0.7678571428571429,0.04747146792601342,false
3377,strong,0.7743506493506493,0.045946477764659543,false
3378,strong,0.797077922077922,0.04879968516332167,false
3379,strong,0.775974025974026,0.050127902400629476,false
3380,strong,0.7824675324675324,0.054063360881542843,false
3381,strong,0.7694805194805194,0.04914403778040122,false
3382,strong,0.8068181818181818,0.07811885084612336,false
3383,strong,0.7467532467532467,0.035615899252262606,false
3384,strong,0.7711038961038961,0.06001574183392355,false
3385,strong,0.7467532467532467,0.05740850059031877,false
3386,strong,0.6948051948051948,0.03655057064147971,false
3387,strong,0.689935064935065,0.03364817001180631,false
3388,strong,0.6461038961038961,0.03556670602125156,false
3389,strong,0.6818181818181818,0.031828020464384044,false
3390,strong,0.5925324675324676,0.024055489964580845,false
3391,strong,0.625,0.022678079496261216,true
3392,strong,0.4642857142857143,0.01854584809130272,true
3393,strong,0.3262987012987013,0.006395120031483681,true
3394,strong,0.0,0.0,true
3395,nascent,0.2857142857142857,-0.05273780273780282,false
3396,nascent,0.3246753246753247,-0.0808178308178309,false
3397,nascent,0.3246753246753247,-0.0714285714285714,false
3398,nascent,0.3457792207792208,-0.06717269217269217,false
3399,nascent,0.3425324675324675,-0.0724376974376974,false
3400,reporting,0.349025974025974,-0.06910319410319404,false
3401,reporting,0.349025974025974,-0.07788149350649365,false
3402,reporting,0.349025974025974,-0.05596959858323497,false
3403,reporting,0.349025974025974,-0.055916305916305975,false
3404,reporting,0.3587662337662338,-0.05764790764790756,false
3405,reporting,0.349025974025974,-0.06875901875901874,false
3406,reporting,0.34415584415584416,-0.104761904761905,false
3407,reporting,0.3555194805194805,-0.10046897546897526,false
3408,reporting,0.3912337662337662,-0.0602092352092351,false
3409,reporting,0.43344155844155846,-0.026659451659451605,false
3410,reporting,0.43344155844155846,-0.02839105339105319,false
3411,reporting,0.4577922077922078,-0.02334054834054833,false
3412,reporting,0.413961038961039,-0.05191197691197702,false
3413,reporting,0.45616883116883117,-0.012229437229437257,false
3414,reporting,0.4805194805194805,-0.011724386724386804,false
3415,reporting,0.4577922077922078,-0.013492063492063444,false
3416,reporting,0.5016233766233766,-0.038184641445510925,false
3417,reporting,0.560064935064935,-0.02064511575381134,false
3418,reporting,0.564935064935065,-0.032714568040654646,false
3419,reporting,0.5827922077922078,-0.03291655153357276,false
3420,reporting,0.5941558441558441,-0.02832274108869859,false
3421,reporting,0.6266233766233766,-0.042656811273832584,false
3422,reporting,0.672077922077922,-0.017166344294003988,false
3423,reporting,0.6477272727272727,-0.01930781983973484,false
3424,reporting,0.7061688311688312,-0.016302846090079925,false
3425,reporting,0.6477272727272727,-0.02763194252555945,false
3426,reporting,0.7288961038961039,-0.033538270240397794,false
3427,reporting,0.689935064935065,-0.02296905222437129,false
3428,reporting,0.7288961038961039,-0.02369439071566737,false
3429,reporting,0.7548701298701299,-0.023348991434097854,false
3430,reporting,0.7288961038961039,-0.028806300082895975,false
3431,reporting,0.7467532467532467,-0.0254559270516721,false
3432,reporting,0.7435064935064936,-0.025214147554572963,false
3433,reporting,0.762987012987013,-0.015784747167726043,false
3434,reporting,0.7857142857142857,-0.013470571981210155,false
3435,reporting,0.7613636363636364,-0.014783089251174664,false
3436,reporting,0.762987012987013,-0.016993644653219064,false
3437,reporting,0.7564935064935064,-0.008353625541125398,false
3438,reporting,0.7483766233766234,-0.02658279220779247,false
3439,reporting,0.7272727272727273,-0.021509740259740284,false
3440,reporting,0.7061688311688312,-0.03679653679653694,false
3441,reporting,0.6785714285714286,-0.04014475108225091,false
3442,reporting,0.6331168831168831,-0.03591720779220786,false
3443,reporting,0.6444805194805194,-0.024857954545454697,false
3444,reporting,0.6314935064935064,-0.015895562770562588,false
3445,reporting,0.6201298701298701,-0.04711174242424254,false
3446,reporting,0.5438311688311688,-0.04122700216450215,false
3447,reporting,0.5811688311688312,-0.03591720779220775,true
3448,reporting,0.42045454545454547,-0.04308712121212127,true
3449,reporting,0.30357142857142855,-0.02661661255411263,true
3450,strong,0.0,0.0,true
3451,nascent,0.13474025974025974,0.006493506493506496,false
3452,nascent,0.1396103896103896,0.008116883116883106,false
3453,nascent,0.1444805194805195,0.008116883116883106,false
3454,nascent,0.1444805194805195,0.008116883116883106,false
3455,nascent,0.18993506493506493,0.015692640692640702,false
3456,strong,0.18831168831168832,0.01623376623376624,false
3457,strong,0.18831168831168832,0.01623376623376624,false
3458,strong,0.18831168831168832,0.01623376623376624,false
3459,strong,0.18831168831168832,0.058035714285714274,false
3460,strong,0.18993506493506493,0.055600649350649345,false
3461,strong,0.18831168831168832,0.04910714285714285,false
3462,strong,0.2012987012987013,0.04772727272727273,false
3463,strong,0.2012987012987013,0.04772727272727273,false
3464,strong,0.2012987012987013,0.03841991341991344,false
3465,strong,0.2857142857142857,0.07290436835891381,false
3466,strong,0.31006493506493504,0.010754870129870087,false
3467,strong,0.3133116883116883,0.004261363636363591,false
3468,strong,0.31655844155844154,0.004629629629629484,false
3469,reporting,0.31655844155844154,-0.0014554411106136311,false
3470,reporting,0.3181818181818182,-5.073051948051299e-5,false
3471,strong,0.35064935064935066,0.009131493506493504,false
3472,strong,0.3538961038961039,0.013177998472116037,false
3473,strong,0.3685064935064935,0.013914656771799594,false
3474,strong,0.3555194805194805,0.017067392067391995,false
3475,strong,0.41883116883116883,0.013338013338013266,false
3476,strong,0.42207792207792205,0.025974025974025983,false
3477,strong,0.43344155844155846,0.02048964548964549,false
3478,strong,0.43344155844155846,0.018471393471393538,false
3479,reporting,0.40584415584415584,-0.01228501228501222,false
3480,reporting,0.3847402597402597,-0.04216720779220795,false
3481,reporting,0.3814935064935065,-0.02350206611570249,false
3482,reporting,0.387987012987013,-0.016955266955267,false
3483,reporting,0.400974025974026,-0.015440115440115365,false
3484,reporting,0.3912337662337662,-0.026551226551226548,false
3485,reporting,0.4090909090909091,-0.039826839826840044,false
3486,reporting,0.42694805194805197,-0.02904040404040381,false
3487,reporting,0.41883116883116883,-0.03261183261183248,false
3488,reporting,0.42694805194805197,-0.0331529581529581,false
3489,reporting,0.42694805194805197,-0.034884559884559685,false
3490,reporting,0.4366883116883117,-0.04444444444444445,false
3491,reporting,0.4318181818181818,-0.03405483405483417,false
3492,reporting,0.461038961038961,-0.007359307359307399,false
3493,strong,0.5081168831168831,0.01587301587301576,false
3494,strong,0.4837662337662338,0.012481962481962539,false
3495,strong,0.5454545454545454,0.005646527385657851,false
3496,reporting,0.5762987012987013,-0.004411349520045071,false
3497,strong,0.612012987012987,0.014363354037267406,false
3498,strong,0.6314935064935064,0.015784747167725932,false
3499,strong,0.6558441558441559,0.033365570599613203,false
3500,strong,0.7045454545454546,0.035265266648245364,false
3501,strong,0.7288961038961039,0.03965183752417789,false
3502,strong,0.7061688311688312,0.039133738601823675,false
3503,strong,0.75,0.02752832274108885,false
3504,strong,0.711038961038961,0.03567974578612887,false
3505,strong,0.8035714285714286,0.04113705443492688,false
3506,strong,0.7435064935064936,0.030602376347057314,false
3507,strong,0.7873376623376623,0.03474716772589104,false
3508,strong,0.814935064935065,0.03671594363083719,false
3509,strong,0.7905844155844156,0.032882011605415706,false
3510,strong,0.8051948051948052,0.032985631389886416,false
3511,strong,0.797077922077922,0.02835728101685553,false
3512,strong,0.8084415584415584,0.02966979828681937,false
3513,strong,0.827922077922078,0.028737220226582094,false
3514,strong,0.8051948051948052,0.029048079579994224,false
3515,strong,0.810064935064935,0.030084277424702988,false
3516,strong,0.7987012987012987,0.03385416666666685,false
3517,strong,0.8376623376623377,0.06270292207792183,false
3518,strong,0.7792207792207793,0.03043831168831168,false
3519,strong,0.8035714285714286,0.06060606060606044,false
3520,strong,0.7743506493506493,0.055634469696969835,false
3521,strong,0.7272727272727273,0.058238636363636354,false
3522,strong,0.7175324675324676,0.04819399350649345,false
3523,strong,0.6737012987012987,0.02631222943722966,false
3524,strong,0.7045454545454546,0.03730384199134196,false
3525,strong,0.6217532467532467,0.0366950757575758,false
3526,strong,0.6525974025974026,0.035511363636363646,true
3527,strong,0.4935064935064935,0.029964826839826764,true
3528,strong,0.3555194805194805,0.025331439393939337,true
3529,strong,0.0,0.0,true
3530,nascent,0.5,-0.11570875932578051,false
3531,nascent,0.5340909090909091,-0.08838767615363363,false
3532,nascent,0.5698051948051948,-0.09947499309201446,false
3533,nascent,0.6038961038961039,-0.08534816247582211,false
3534,nascent,0.6071428571428571,-0.05989223542415045,false
3535,reporting,0.6834415584415584,-0.039030118817352744,false
3536,reporting,0.6314935064935064,-0.04386570875932572,false
3537,reporting,0.7094155844155844,-0.053018789720917336,false
3538,reporting,0.650974025974026,-0.06193009118541026,false
3539,reporting,0.689935064935065,-0.06265542967670634,false
3540,reporting,0.7142857142857143,-0.06393340701851347,false
3541,reporting,0.6948051948051948,-0.06289720917380515,false
3542,reporting,0.711038961038961,-0.0611702127659578,false
3543,reporting,0.702922077922078,-0.06579856313898858,false
3544,reporting,0.7077922077922078,-0.07097955236253128,false
3545,reporting,0.7256493506493507,-0.0735355070461452,false
3546,reporting,0.7045454545454546,-0.07160127106935643,false
3547,reporting,0.7077922077922078,-0.0721884498480243,false
3548,reporting,0.7012987012987013,-0.06354843073593053,false
3549,reporting,0.6672077922077922,-0.10775162337662358,false
3550,reporting,0.6607142857142857,-0.08806818181818188,false
3551,reporting,0.6363636363636364,-0.10660173160173181,false
3552,reporting,0.6071428571428571,-0.11157332251082241,false
3553,reporting,0.5503246753246753,-0.11870941558441561,false
3554,reporting,0.5503246753246753,-0.1190137987012988,false
3555,reporting,0.5454545454545454,-0.10193452380952361,false
3556,reporting,0.5275974025974026,-0.13964420995671,false
3557,reporting,0.4772727272727273,-0.10778544372294363,false
3558,reporting,0.5048701298701299,-0.11221590909090906,true
3559,reporting,0.3522727272727273,-0.11126893939393945,true
3560,reporting,0.2418831168831169,-0.08830492424242428,true
3561,strong,0.0,0.0,true
3562,nascent,0.5373376623376623,-0.07581168831168827,false
3563,nascent,0.6444805194805194,-0.003409090909090917,false
3564,nascent,0.6623376623376623,0.007792207792207795,false
3565,nascent,0.7175324675324676,0.004220779220779236,false
3566,nascent,0.7288961038961039,0.005844155844155874,false
3567,strong,0.7061688311688312,0.005519480519480702,false
3568,strong,0.7662337662337663,0.006006493506493404,false
3569,strong,0.7142857142857143,0.0071428571428571175,false
3570,strong,0.8003246753246753,0.006980519480519476,false
3571,strong,0.7483766233766234,0.009090909090909038,false
3572,strong,0.7857142857142857,0.00730519480519487,false
3573,strong,0.8116883116883117,0.0071428571428570065,false
3574,strong,0.7873376623376623,0.007954545454545436,false
3575,strong,0.797077922077922,0.006006493506493404,false
3576,strong,0.7954545454545454,0.006980519480519476,false
3577,strong,0.8035714285714286,0.007954545454545436,false
3578,strong,0.8246753246753247,0.010551948051948035,false
3579,strong,0.8035714285714286,0.010714285714285676,false
3580,strong,0.8051948051948052,0.00827922077922083,false
3581,strong,0.797077922077922,0.010227272727272751,false
3582,strong,0.8327922077922078,0.02759740259740273,false
3583,reporting,0.7646103896103896,-0.0001623376623377526,false
3584,strong,0.801948051948052,0.025000000000000133,false
3585,strong,0.7743506493506493,0.023701298701298557,false
3586,strong,0.7256493506493507,0.024350649350649345,false
3587,strong,0.7159090909090909,0.021590909090909216,false
3588,strong,0.6737012987012987,0.005681818181818121,false
3589,strong,0.702922077922078,0.01818181818181841,false
3590,strong,0.6201298701298701,0.01996753246753258,false
3591,strong,0.6461038961038961,0.0035714285714285587,true
3592,strong,0.49188311688311687,0.005194805194805141,true
3593,strong,0.3474025974025974,0.0024350649350649567,true
3594,strong,0.0,0.0,true
3595,nascent,0.3474025974025974,0.0,false
3596,nascent,0.3944805194805195,0.0,false
3597,nascent,0.40584415584415584,0.0,false
3598,nascent,0.4074675324675325,0.0,false
3599,nascent,0.42694805194805197,0.0,false
3600,strong,0.4074675324675325,0.0,false
3601,reporting,0.4074675324675325,-0.0008116883116883189,false
3602,reporting,0.4074675324675325,-0.008116883116883133,false
3603,strong,0.413961038961039,0.022727272727272763,false
3604,strong,0.4496753246753247,0.03300865800865799,false
3605,strong,0.4496753246753247,0.06371753246753248,false
3606,strong,0.44155844155844154,0.06128246753246752,false
3607,strong,0.4594155844155844,0.06980519480519476,false
3608,strong,0.4594155844155844,0.06737012987012986,false
3609,strong,0.48214285714285715,0.07670454545454541,false
3610,strong,0.461038961038961,0.06615259740259738,false
3611,strong,0.4577922077922078,0.06371753246753242,false
3612,strong,0.4366883116883117,0.038961038961038974,false
3613,strong,0.42694805194805197,0.04017857142857145,false
3614,strong,0.5,0.056006493506493504,false
3615,strong,0.5698051948051948,0.0714285714285714,false
3616,strong,0.5876623376623377,0.07386363636363635,false
3617,strong,0.6038961038961039,0.07305194805194803,false
3618,strong,0.6087662337662337,0.07345779220779225,false
3619,strong,0.663961038961039,0.08563311688311692,false
3620,strong,0.6801948051948052,0.0848214285714286,false
3621,strong,0.6542207792207793,0.07873376623376627,false
3622,strong,0.698051948051948,0.07832792207792205,false
3623,strong,0.6590909090909091,0.07508116883116889,false
3624,strong,0.737012987012987,0.08522727272727271,false
3625,strong,0.6883116883116883,0.07832792207792205,false
3626,strong,0.7386363636363636,0.09212662337662347,false
3627,strong,0.7532467532467533,0.09172077922077926,false
3628,strong,0.7402597402597403,0.08400974025974028,false
3629,strong,0.7564935064935064,0.08563311688311681,false
3630,strong,0.698051948051948,0.0450487012987012,false
3631,strong,0.702922077922078,0.04139610389610393,false
3632,strong,0.7142857142857143,0.034496753246753276,false
3633,strong,0.676948051948052,0.022727272727272707,false
3634,strong,0.6834415584415584,0.024350649350649234,false
3635,strong,0.6753246753246753,0.025974025974025983,false
3636,strong,0.663961038961039,0.027191558441558406,false
3637,strong,0.6948051948051948,0.05803571428571419,false
3638,strong,0.7061688311688312,0.07548701298701299,false
3639,strong,0.6801948051948052,0.07386363636363635,false
3640,strong,0.6266233766233766,0.0669642857142857,false
3641,strong,0.6331168831168831,0.06818181818181812,false
3642,strong,0.6152597402597403,0.060064935064935154,false
3643,strong,0.6103896103896104,0.05316558441558439,false
3644,strong,0.5308441558441559,0.03125,false
3645,strong,0.5698051948051948,0.03693181818181812,true
3646,strong,0.4090909090909091,0.0332792207792208,true
3647,strong,0.275974025974026,0.021509740259740284,true
3648,strong,0.0,0.0,true
3649,nascent,0.1396103896103896,-0.006029684601113167,false
3650,nascent,0.1444805194805195,-0.007421150278293126,false
3651,nascent,0.16233766233766234,0.003710575139146549,false
3652,nascent,0.16396103896103897,-0.0011595547309833087,false
3653,nascent,0.21266233766233766,-0.0027829313543599465,false
3654,reporting,0.21103896103896103,-0.0018552875695732884,false
3655,reporting,0.21103896103896103,-0.0018552875695732884,false
3656,reporting,0.21103896103896103,-0.0018552875695732884,false
3657,reporting,0.21103896103896103,-0.0013914656771799871,false
3658,reporting,0.21266233766233766,-0.0013914656771799594,false
3659,reporting,0.21103896103896103,-0.0013914656771799871,false
3660,reporting,0.21103896103896103,-0.0013914656771799871,false
3661,reporting,0.21103896103896103,-0.0013914656771799871,false
3662,reporting,0.21103896103896103,-0.0013914656771799871,false
3663,strong,0.31655844155844154,0.005565862708719838,false
3664,strong,0.3425324675324675,0.0067254174397031186,false
3665,strong,0.3457792207792208,0.0067254174397031186,false
3666,strong,0.3457792207792208,0.006493506493506496,false
3667,strong,0.3457792207792208,0.0069573283858998525,false
3668,strong,0.3474025974025974,0.006957328385899797,false
3669,strong,0.3847402597402597,0.015306122448979498,false
3670,strong,0.3961038961038961,0.019480519480519543,false
3671,strong,0.42207792207792205,0.026901669758812585,false
3672,strong,0.3961038961038961,0.019480519480519543,false
3673,strong,0.4772727272727273,0.017393320964749492,false
3674,strong,0.4594155844155844,0.019248608534322864,false
3675,strong,0.46915584415584416,0.01901669758812613,false
3676,strong,0.46915584415584416,0.018784786641929507,false
3677,strong,0.46915584415584416,0.014378478664192895,false
3678,strong,0.4935064935064935,0.013682745825602971,false
3679,strong,0.474025974025974,0.012987012987012936,false
3680,strong,0.474025974025974,0.013218923933209559,false
3681,strong,0.5,0.018784786641929507,false
3682,strong,0.4772727272727273,0.013218923933209614,false
3683,strong,0.5113636363636364,0.014610389610389685,false
3684,strong,0.5113636363636364,0.014146567717996383,false
3685,strong,0.5032467532467533,0.014146567717996328,false
3686,strong,0.5113636363636364,0.014146567717996383,false
3687,strong,0.5162337662337663,0.015306122448979664,false
3688,strong,0.538961038961039,0.015538033395176232,false
3689,strong,0.5178571428571429,0.015306122448979553,false
3690,strong,0.5178571428571429,0.014842300556586308,false
3691,strong,0.5422077922077922,0.014842300556586308,false
3692,strong,0.5178571428571429,0.015074211502782875,false
3693,strong,0.6006493506493507,0.01576994434137302,false
3694,strong,0.637987012987013,0.016465677179962834,false
3695,strong,0.6525974025974026,0.03944805194805201,false
3696,strong,0.6688311688311688,0.020941558441558428,false
3697,strong,0.6704545454545454,0.015909090909090873,false
3698,strong,0.7272727272727273,0.013961038961038952,false
3699,strong,0.7353896103896104,0.012337662337662314,false
3700,strong,0.7126623376623377,0.012012987012987142,false
3701,strong,0.7727272727272727,0.012499999999999845,false
3702,strong,0.7175324675324676,0.010389610389610393,false
3703,strong,0.8035714285714286,0.010227272727272751,false
3704,strong,0.7467532467532467,0.007467532467532401,false
3705,strong,0.7873376623376623,0.008928571428571508,false
3706,strong,0.8133116883116883,0.008766233766233644,false
3707,strong,0.7873376623376623,0.007954545454545436,false
3708,strong,0.8003246753246753,0.00925324675324668,false
3709,strong,0.7987012987012987,0.010227272727272751,false
3710,strong,0.8051948051948052,0.009577922077922074,false
3711,strong,0.8246753246753247,0.010551948051948035,false
3712,strong,0.801948051948052,0.009090909090909038,false
3713,strong,0.8068181818181818,0.009902597402597357,false
3714,strong,0.797077922077922,0.010227272727272751,false
3715,strong,0.8327922077922078,0.02759740259740273,false
3716,strong,0.7792207792207793,0.014448051948051877,false
3717,strong,0.801948051948052,0.025000000000000133,false
3718,strong,0.7743506493506493,0.023701298701298557,false
3719,strong,0.7256493506493507,0.024350649350649345,false
3720,strong,0.7159090909090909,0.021590909090909216,false
3721,strong,0.6753246753246753,0.007305194805194759,false
3722,strong,0.7012987012987013,0.016558441558441772,false
3723,strong,0.6185064935064936,0.01834415584415605,false
3724,strong,0.6461038961038961,0.0035714285714285587,true
3725,strong,0.49188311688311687,0.005194805194805141,true
3726,strong,0.3474025974025974,0.0024350649350649567,true
3727,strong,0.0,0.0,true
3728,strong,0.3814935064935065,0.09610389610389608,false
3729,strong,0.3814935064935065,0.09626623376623372,false
3730,strong,0.38311688311688313,0.09642857142857142,false
3731,strong,0.400974025974026,0.09983766233766234,false
3732,strong,0.4025974025974026,0.10016233766233762,false
3733,strong,0.42857142857142855,0.10259740259740263,false
3734,strong,0.4025974025974026,0.09853896103896104,false
3735,strong,0.48538961038961037,0.11964285714285716,false
3736,strong,0.4659090909090909,0.11249999999999999,false
3737,strong,0.4772727272727273,0.11542207792207793,false
3738,strong,0.4772727272727273,0.11542207792207793,false
3739,strong,0.4788961038961039,0.11639610389610389,false
3740,strong,0.5016233766233766,0.12045454545454537,false
3741,strong,0.48214285714285715,0.11444805194805185,false
3742,strong,0.48214285714285715,0.11509740259740259,false
3743,strong,0.5081168831168831,0.12029220779220773,false
3744,strong,0.48538961038961037,0.11574675324675326,false
3745,strong,0.5162337662337663,0.12321428571428572,false
3746,strong,0.5162337662337663,0.12321428571428572,false
3747,strong,0.5081168831168831,0.12159090909090908,false
3748,strong,0.5162337662337663,0.12110389610389616,false
3749,strong,0.5194805194805194,0.12061688311688312,false
3750,strong,0.5422077922077922,0.12548701298701304,false
3751,strong,0.5211038961038961,0.11915584415584413,false
3752,strong,0.5211038961038961,0.11883116883116884,false
3753,strong,0.5454545454545454,0.1237012987012987,false
3754,strong,0.5211038961038961,0.11883116883116884,false
3755,strong,0.6038961038961039,0.14464285714285718,false
3756,strong,0.6412337662337663,0.1224747474747474,false
3757,strong,0.6558441558441559,0.1219336219336219,false
3758,strong,0.672077922077922,0.12355699855699864,false
3759,strong,0.6785714285714286,0.125,false
3760,strong,0.7321428571428571,0.1323953823953823,false
3761,strong,0.7402597402597403,0.1298701298701299,false
3762,strong,0.7175324675324676,0.12788600288600283,false
3763,strong,0.7792207792207793,0.13762626262626265,false
3764,strong,0.724025974025974,0.12698412698412698,false
3765,strong,0.810064935064935,0.13816738816738827,false
3766,strong,0.7564935064935064,0.13059163059163048,false
3767,strong,0.7954545454545454,0.13095238095238104,false
3768,strong,0.8214285714285714,0.13455988455988455,false
3769,strong,0.797077922077922,0.1304112554112553,false
3770,strong,0.810064935064935,0.1331168831168832,false
3771,strong,0.8084415584415584,0.13528138528138534,false
3772,strong,0.8116883116883117,0.1305916305916306,false
3773,strong,0.836038961038961,0.13690476190476186,false
3774,strong,0.810064935064935,0.13131313131313127,false
3775,strong,0.8181818181818182,0.13762626262626276,false
3776,strong,0.8035714285714286,0.1298701298701299,false
3777,strong,0.8425324675324676,0.1538600288600288,false
3778,strong,0.7824675324675324,0.11724386724386726,false
3779,strong,0.8068181818181818,0.13744588744588748,false
3780,strong,0.7824675324675324,0.13474025974025972,false
3781,strong,0.7272727272727273,0.12247474747474763,false
3782,strong,0.724025974025974,0.12481962481962483,false
3783,strong,0.6753246753246753,0.10082972582972582,false
3784,strong,0.711038961038961,0.11417748917748916,false
3785,strong,0.6217532467532467,0.0997474747474747,false
3786,strong,0.6542207792207793,0.0997474747474748,true
3787,strong,0.4935064935064935,0.08477633477633467,true
3788,strong,0.3555194805194805,0.0652958152958153,true
3789,strong,0.0,0.0,true
3790,nascent,0.3522727272727273,-0.0526695526695527,false
3791,nascent,0.42045454545454547,0.004040404040404122,false
3792,nascent,0.3961038961038961,-0.021681096681096634,false
3793,nascent,0.400974025974026,-0.04794372294372318,false
3794,nascent,0.4074675324675325,-0.0485209235209233,false
3795,reporting,0.4025974025974026,-0.04884559884559869,false
3796,reporting,0.4074675324675325,-0.05263347763347759,false
3797,reporting,0.40584415584415584,-0.05598845598845581,false
3798,reporting,0.413961038961039,-0.06717171717171716,false
3799,reporting,0.4074675324675325,-0.058405483405483516,false
3800,reporting,0.41233766233766234,-0.05606060606060609,false
3801,reporting,0.4383116883116883,-0.053932178932179,false
3802,reporting,0.413961038961039,-0.057323232323232276,false
3803,reporting,0.4512987012987013,-0.08850931677018625,false
3804,reporting,0.5178571428571429,-0.06285290796160348,false
3805,reporting,0.5275974025974026,-0.07005223037831698,false
3806,reporting,0.5535714285714286,-0.062137330754351905,false
3807,reporting,0.5551948051948052,-0.06728378004973745,false
3808,reporting,0.5909090909090909,-0.07837109698811828,false
3809,reporting,0.6428571428571429,-0.046387123514783135,false
3810,reporting,0.6168831168831169,-0.050151975683890626,false
3811,reporting,0.676948051948052,-0.045523625310859184,false
3812,reporting,0.6266233766233766,-0.04873583862945552,false
3813,reporting,0.698051948051948,-0.06438242608455369,false
3814,reporting,0.6623376623376623,-0.05056645482177391,false
3815,reporting,0.7012987012987013,-0.05129179331306999,false
3816,reporting,0.7272727272727273,-0.050946394031500475,false
3817,reporting,0.702922077922078,-0.05478032605692196,false
3818,reporting,0.711038961038961,-0.0611702127659578,false
3819,reporting,0.7094155844155844,-0.059305056645482135,false
3820,reporting,0.7256493506493507,-0.05312240950538838,false
3821,reporting,0.7451298701298701,-0.05405498756562577,false
3822,reporting,0.7224025974025974,-0.05374412821221364,false
3823,reporting,0.7224025974025974,-0.057578060237634676,false
3824,reporting,0.7191558441558441,-0.045691287878787734,false
3825,reporting,0.698051948051948,-0.0769074675324678,false
3826,reporting,0.6996753246753247,-0.049107142857142905,false
3827,reporting,0.6801948051948052,-0.06277056277056292,false
3828,reporting,0.6525974025974026,-0.06611877705627689,false
3829,reporting,0.6038961038961039,-0.06513798701298701,false
3830,reporting,0.6152597402597403,-0.054078733766233844,false
3831,reporting,0.6103896103896104,-0.03699945887445866,false
3832,reporting,0.5957792207792207,-0.07146239177489189,false
3833,reporting,0.5243506493506493,-0.06070752164502158,false
3834,reporting,0.5551948051948052,-0.06189123376623373,true
3835,reporting,0.4025974025974026,-0.06094426406926412,true
3836,reporting,0.2694805194805195,-0.06070752164502169,true
3837,strong,0.0,0.0,true
3838,nascent,0.23863636363636365,0.02582644628099176,false
3839,nascent,0.2727272727272727,-0.02658279220779225,false
3840,nascent,0.3198051948051948,0.010754870129870087,false
3841,nascent,0.3198051948051948,0.00787638287638276,false
3842,nascent,0.33116883116883117,0.013154948499775998,false
3843,strong,0.3344155844155844,0.0161830357142857,false
3844,strong,0.3522727272727273,0.010754870129870142,false
3845,strong,0.3538961038961039,0.013177998472116037,false
3846,strong,0.3555194805194805,0.0009276437847866026,false
3847,strong,0.35714285714285715,0.018690768690768633,false
3848,strong,0.4155844155844156,0.010091260091260046,false
3849,strong,0.4025974025974026,0.006493506493506551,false
3850,strong,0.45616883116883117,0.0432169182169182,false
3851,strong,0.4659090909090909,0.05093892593892596,false
3852,strong,0.4675324675324675,0.04940329940329946,false
3853,strong,0.487012987012987,0.06010551948051934,false
3854,strong,0.46915584415584416,0.06416027154663517,false
3855,strong,0.4707792207792208,0.0658369408369408,false
3856,strong,0.4707792207792208,0.05436507936507945,false
3857,strong,0.4772727272727273,0.059487734487734534,false
3858,strong,0.5064935064935064,0.05757575757575728,false
3859,strong,0.5113636363636364,0.05537518037518058,false
3860,strong,0.5032467532467533,0.05180375180375196,false
3861,strong,0.5097402597402597,0.04963924963924965,false
3862,strong,0.512987012987013,0.05115440115440134,false
3863,strong,0.5340909090909091,0.052958152958152926,false
3864,strong,0.5162337662337663,0.05036075036075027,false
3865,strong,0.512987012987013,0.04458874458874457,false
3866,strong,0.5373376623376623,0.04509379509379502,false
3867,strong,0.512987012987013,0.04170274170274174,false
3868,strong,0.5844155844155844,0.044607566346696825,false
3869,strong,0.6233766233766234,0.04266657255787698,false
3870,strong,0.6396103896103896,0.04196075663467003,false
3871,strong,0.6542207792207793,0.03851201989499875,false
3872,strong,0.6607142857142857,0.038235700469743006,false
3873,strong,0.711038961038961,0.041758773141751804,false
3874,strong,0.7207792207792207,0.0315349544072947,false
3875,strong,0.698051948051948,0.031016855484940486,false
3876,strong,0.7548701298701299,0.032398452611218764,false
3877,strong,0.702922077922078,0.02756286266924579,false
3878,strong,0.797077922077922,0.03464354794142033,false
3879,strong,0.7467532467532467,0.03384912959381048,false
3880,strong,0.7857142857142857,0.0331237911025144,false
3881,strong,0.8084415584415584,0.030222437137330638,false
3882,strong,0.7922077922077922,0.034505388228792344,false
3883,strong,0.8003246753246753,0.028115501519756503,false
3884,strong,0.7954545454545454,0.02673390439347889,false
3885,strong,0.8051948051948052,0.026423045040066206,false
3886,strong,0.823051948051948,0.02386709035645218,false
3887,strong,0.8051948051948052,0.029048079579994224,false
3888,strong,0.8051948051948052,0.025214147554573185,false
3889,strong,0.8003246753246753,0.03547754329004349,false
3890,strong,0.7905844155844156,0.015624999999999778,false
3891,strong,0.7792207792207793,0.03043831168831168,false
3892,strong,0.7548701298701299,0.011904761904761751,false
3893,strong,0.724025974025974,0.005309794372294507,false
3894,reporting,0.6688311688311688,-0.000202922077922163,false
3895,reporting,0.6688311688311688,-0.000507305194805352,false
3896,strong,0.6590909090909091,0.011701839826840033,false
3897,reporting,0.6525974025974026,-0.014644209956710008,false
3898,reporting,0.5714285714285714,-0.013629599567099526,false
3899,reporting,0.599025974025974,-0.018060064935064957,true
3900,strong,0.49188311688311687,0.028341450216450126,true
3901,strong,0.349025974025974,0.01883793290043284,true
3902,strong,0.0,0.0,true
3903,nascent,0.5275974025974026,-0.07161955691367461,false
3904,nascent,0.5811688311688312,-0.04134835752482802,false
3905,nascent,0.5827922077922078,-0.04354469060351418,false
3906,nascent,0.6558441558441559,-0.0222498090145149,false
3907,nascent,0.7175324675324676,0.017379679144385096,false
3908,strong,0.6996753246753247,0.021581359816653878,false
3909,strong,0.7564935064935064,0.021390374331550666,false
3910,strong,0.7077922077922078,0.023395721925133617,false
3911,strong,0.7954545454545454,0.02492360580595876,false
3912,strong,0.7402597402597403,0.02043544690603516,false
3913,strong,0.7824675324675324,0.02377769289533982,false
3914,strong,0.8133116883116883,0.021963330786860302,false
3915,strong,0.788961038961039,0.021199388846447786,false
3916,strong,0.7987012987012987,0.016424751718869257,false
3917,strong,0.8003246753246753,0.01728418640183338,false
3918,strong,0.8051948051948052,0.014705882352941124,false
3919,strong,0.8262987012987013,0.01632925897631765,false
3920,strong,0.801948051948052,0.013941940412528608,false
3921,strong,0.8084415584415584,0.014896867838044225,false
3922,strong,0.7987012987012987,0.01661573720397247,false
3923,strong,0.8376623376623377,0.05366692131398021,false
3924,reporting,0.7516233766233766,-0.002769289533995245,false
3925,strong,0.801948051948052,0.054430863254392725,false
3926,strong,0.7775974025974026,0.05490832696715042,false
3927,strong,0.724025974025974,0.05032467532467544,false
3928,strong,0.7207792207792207,0.05175706646294875,false
3929,strong,0.6737012987012987,0.01995798319327735,false
3930,strong,0.7077922077922078,0.0543353705118409,false
3931,strong,0.6217532467532467,0.05309396485867057,false
3932,strong,0.6542207792207793,0.053762414056531815,true
3933,strong,0.4935064935064935,0.044499618029029686,true
3934,strong,0.3555194805194805,0.04526355996944231,true
3935,strong,0.0,0.0,true
3936,nascent,0.2792207792207792,-0.03901176948051949,false
3937,nascent,0.3116883116883117,-0.02982954545454547,false
3938,nascent,0.3198051948051948,-0.020912910618793024,false
3939,nascent,0.32305194805194803,-0.031539888682745876,false
3940,nascent,0.32305194805194803,-0.015400140400140483,false
3941,reporting,0.3961038961038961,-0.009389259389259441,false
3942,strong,0.4237012987012987,0.02759740259740262,false
3943,strong,0.4431818181818182,0.030229905229905207,false
3944,strong,0.4431818181818182,0.028211653211653254,false
3945,strong,0.4448051948051948,0.026676026676026754,false
3946,strong,0.44805194805194803,0.02114448051948037,false
3947,strong,0.4448051948051948,0.03980962219598583,false
3948,strong,0.4448051948051948,0.03986291486291482,false
3949,strong,0.4496753246753247,0.033261183261183325,false
3950,strong,0.45292207792207795,0.03513708513708519,false
3951,strong,0.47564935064935066,0.026731601731601495,false
3952,strong,0.461038961038961,0.0050505050505052496,false
3953,strong,0.45292207792207795,0.0014790764790766353,false
3954,strong,0.46266233766233766,0.0025613275613275976,false
3955,reporting,0.4594155844155844,-0.002417027417027262,false
3956,reporting,0.4724025974025974,-0.008730158730158755,false
3957,reporting,0.4642857142857143,-0.0015873015873016927,false
3958,reporting,0.4642857142857143,-0.004112554112554123,false
3959,reporting,0.47564935064935066,-0.01659451659451666,false
3960,reporting,0.4659090909090909,-0.005375180375180366,false
3961,reporting,0.5373376623376623,-0.0024703557312252267,false
3962,strong,0.5844155844155844,0.0037055335968380065,false
3963,strong,0.599025974025974,0.0013763410502544149,false
3964,strong,0.6201298701298701,0.004421110804089579,false
3965,reporting,0.6185064935064936,-0.003972091738049133,false
3966,reporting,0.6542207792207793,-0.015059408676429964,false
3967,strong,0.7045454545454546,0.015301188173528546,false
3968,strong,0.6866883116883117,0.019653219121304133,false
3969,strong,0.7305194805194806,0.00804780326056942,false
3970,strong,0.6915584415584416,0.016199226305609438,false
3971,strong,0.7727272727272727,0.010292898590770982,false
3972,strong,0.7191558441558441,0.006251726996407858,false
3973,strong,0.7581168831168831,0.005526388505111779,false
3974,strong,0.7922077922077922,0.013988670903564482,false
3975,strong,0.7662337662337663,0.008531362254766361,false
3976,strong,0.7873376623376623,0.015128488532743511,false
3977,strong,0.7792207792207793,0.010500138159712735,false
3978,strong,0.7905844155844156,0.011812655429676577,false
3979,strong,0.810064935064935,0.01088007736943919,false
3980,strong,0.7873376623376623,0.011190936722851319,false
3981,strong,0.7938311688311688,0.01385051119093672,false
3982,strong,0.7824675324675324,0.017620400432900585,false
3983,reporting,0.7743506493506493,-0.000608766233766489,false
3984,strong,0.762987012987013,0.014204545454545414,false
3985,reporting,0.7386363636363636,-0.0043290043290045155,false
3986,reporting,0.711038961038961,-0.007677218614718484,false
3987,strong,0.6704545454545454,0.0014204545454544748,false
3988,reporting,0.6655844155844156,-0.0037540584415585165,false
3989,strong,0.6672077922077922,0.01981872294372322,false
3990,reporting,0.6477272727272727,-0.01951433982683992,false
3991,strong,0.6152597402597403,0.03020156926406936,false
3992,strong,0.6477272727272727,0.030641233766233733,true
3993,strong,0.48863636363636365,0.025094696969696906,true
3994,strong,0.3538961038961039,0.0237080627705627,true
3995,strong,0.0,0.0,true
3996,strong,0.6331168831168831,0.11435786435786421,false
3997,strong,0.6477272727272727,0.1138167388167387,false
3998,strong,0.6704545454545454,0.121933621933622,false
3999,strong,0.6753246753246753,0.12175324675324672,false
4000,strong,0.7288961038961039,0.12914862914862912,false
4001,strong,0.737012987012987,0.12662337662337664,false
4002,strong,0.7142857142857143,0.12463924963924955,false
4003,strong,0.7727272727272727,0.1311327561327561,false
4004,strong,0.7175324675324676,0.12049062049062054,false
4005,strong,0.8035714285714286,0.13167388167388183,false
4006,strong,0.75,0.12409812409812404,false
4007,strong,0.788961038961039,0.1244588744588746,false
4008,strong,0.814935064935065,0.1280663780663781,false
4009,strong,0.7905844155844156,0.12391774891774887,false
4010,strong,0.8035714285714286,0.12662337662337675,false
4011,strong,0.797077922077922,0.12391774891774898,false
4012,strong,0.8068181818181818,0.12572150072150068,false
4013,strong,0.827922077922078,0.12878787878787878,false
4014,strong,0.8035714285714286,0.12481962481962483,false
4015,strong,0.810064935064935,0.12950937950937957,false
4016,strong,0.797077922077922,0.12337662337662336,false
4017,strong,0.836038961038961,0.14736652236652226,false
4018,strong,0.7792207792207793,0.1139971139971141,false
4019,strong,0.801948051948052,0.13257575757575768,false
4020,strong,0.7775974025974026,0.1298701298701299,false
4021,strong,0.7272727272727273,0.12247474747474763,false
4022,strong,0.724025974025974,0.12481962481962483,false
4023,strong,0.6753246753246753,0.10082972582972582,false
4024,strong,0.711038961038961,0.11417748917748916,false
4025,strong,0.6217532467532467,0.0997474747474747,false
4026,strong,0.6542207792207793,0.0997474747474748,true
4027,strong,0.4935064935064935,0.08477633477633467,true
4028,strong,0.3555194805194805,0.0652958152958153,true
4029,strong,0.0,0.0,true
4030,nascent,0.09090909090909091,-0.036255411255411235,false
4031,nascent,0.10714285714285714,-0.05898268398268401,false
4032,nascent,0.10714285714285714,-0.05753968253968254,false
4033,nascent,0.10714285714285714,-0.05753968253968254,false
4034,nascent,0.10714285714285714,-0.05970418470418472,false
4035,reporting,0.1396103896103896,-0.03336940836940838,false
4036,reporting,0.1525974025974026,-0.031331168831168876,false
4037,reporting,0.1525974025974026,-0.032467532467532506,false
4038,reporting,0.1525974025974026,-0.03441558441558443,false
4039,reporting,0.1525974025974026,-0.03538961038961039,false
4040,reporting,0.1525974025974026,-0.03262987012987015,false
4041,reporting,0.2077922077922078,-0.0535714285714286,false
4042,reporting,0.2077922077922078,-0.07240259740259741,false
4043,reporting,0.2077922077922078,-0.07711038961038957,false
4044,reporting,0.2077922077922078,-0.07759740259740261,false
4045,reporting,0.2077922077922078,-0.07743506493506497,false
4046,reporting,0.2077922077922078,-0.07889610389610391,false
4047,reporting,0.22727272727272727,-0.07386363636363638,false
4048,reporting,0.2288961038961039,-0.0735389610389611,false
4049,reporting,0.25487012987012986,-0.07110389610389606,false
4050,reporting,0.2288961038961039,-0.07516233766233768,false
4051,reporting,0.2288961038961039,-0.1368506493506493,false
4052,reporting,0.2288961038961039,-0.12451298701298699,false
4053,reporting,0.237012987012987,-0.12483766233766236,false
4054,reporting,0.237012987012987,-0.12483766233766236,false
4055,reporting,0.23863636363636365,-0.12386363636363634,false
4056,reporting,0.23863636363636365,-0.14253246753246762,false
4057,reporting,0.23863636363636365,-0.12905844155844165,false
4058,reporting,0.23863636363636365,-0.12840909090909092,false
4059,reporting,0.26461038961038963,-0.12321428571428572,false
4060,reporting,0.2418831168831169,-0.1277597402597402,false
4061,reporting,0.24512987012987014,-0.1478896103896104,false
4062,reporting,0.24512987012987014,-0.1478896103896104,false
4063,reporting,0.237012987012987,-0.149512987012987,false
4064,reporting,0.24512987012987014,-0.14999999999999997,false
4065,reporting,0.2483766233766234,-0.15048701298701292,false
4066,dissolved,0.2483766233766234,-0.16834415584415582,false
4067,dissolved,0.2483766233766234,-0.15357142857142855,false
4068,dissolved,0.2483766233766234,-0.15389610389610384,false
4069,dissolved,0.2727272727272727,-0.149025974025974,false
4070,dissolved,0.24675324675324675,-0.15551948051948047,false
4071,dissolved,0.19805194805194806,-0.2612012987012987,false
4072,nascent,0.11688311688311688,-0.010281385281385266,false
4073,nascent,0.16558441558441558,-0.0005411255411255644,false
4074,nascent,0.16071428571428573,-0.003968253968253954,false
4075,nascent,0.16071428571428573,-0.003968253968253954,false
4076,nascent,0.16071428571428573,-0.006132756132756129,false
4077,strong,0.1737012987012987,0.0007215007215007063,false
4078,strong,0.2077922077922078,0.023863636363636337,false
4079,strong,0.20616883116883117,0.02110389610389607,false
4080,strong,0.22564935064935066,0.038636363636363635,false
4081,strong,0.2353896103896104,0.04740259740259742,false
4082,strong,0.2353896103896104,0.05016233766233766,false
4083,strong,0.3327922077922078,0.0714285714285714,false
4084,strong,0.3555194805194805,0.0753246753246753,false
4085,strong,0.3587662337662338,0.07386363636363641,false
4086,strong,0.3587662337662338,0.07337662337662337,false
4087,strong,0.3587662337662338,0.07353896103896101,false
4088,strong,0.36038961038961037,0.07370129870129866,false
4089,strong,0.3782467532467532,0.07711038961038957,false
4090,strong,0.37987012987012986,0.07743506493506486,false
4091,strong,0.42045454545454547,0.09448051948051955,false
4092,strong,0.3961038961038961,0.09204545454545454,false
4093,strong,0.4805194805194805,0.1147727272727273,false
4094,strong,0.4659090909090909,0.11249999999999999,false
4095,strong,0.47564935064935066,0.11379870129870129,false
4096,strong,0.47564935064935066,0.11379870129870129,false
4097,strong,0.4724025974025974,0.10990259740259739,false
4098,strong,0.49188311688311687,0.1107142857142856,false
4099,strong,0.474025974025974,0.10633116883116872,false
4100,strong,0.474025974025974,0.10698051948051945,false
4101,strong,0.5,0.11217532467532465,false
4102,strong,0.4772727272727273,0.10762987012987019,false
4103,strong,0.5048701298701299,0.11185064935064937,false
4104,strong,0.5048701298701299,0.11185064935064937,false
4105,strong,0.4967532467532468,0.11022727272727278,false
4106,strong,0.5048701298701299,0.1097402597402598,false
4107,strong,0.5081168831168831,0.10925324675324677,false
4108,strong,0.5308441558441559,0.11412337662337668,false
4109,strong,0.5097402597402597,0.10779220779220777,false
4110,strong,0.5097402597402597,0.10746753246753249,false
4111,strong,0.5340909090909091,0.11233766233766235,false
4112,strong,0.5097402597402597,0.10746753246753249,false
4113,strong,0.5909090909090909,0.1316558441558442,false
4114,nascent,0.18831168831168832,0.03474025974025974,false
4115,nascent,0.18831168831168832,0.03474025974025974,false
4116,nascent,0.19318181818181818,0.030303030303030304,false
4117,nascent,0.2824675324675325,0.06965761511216059,false
4118,nascent,0.3327922077922078,0.03348214285714285,false
4119,strong,0.336038961038961,0.026988636363636298,false
4120,strong,0.336038961038961,0.02411014911014897,false
4121,strong,0.336038961038961,0.018025078369905856,false
4122,strong,0.3392857142857143,0.021053165584415612,false
4123,reporting,0.32792207792207795,-0.013595779220779203,false
4124,reporting,0.29383116883116883,-0.046886936592819006,false
4125,reporting,0.30844155844155846,-0.04615027829313545,false
4126,reporting,0.3262987012987013,-0.012153387153387207,false
4127,strong,0.44155844155844154,0.03606528606528597,false
4128,strong,0.4318181818181818,0.035714285714285754,false
4129,reporting,0.39935064935064934,-0.013601263601263625,false
4130,reporting,0.3977272727272727,-0.017242892242892216,false
4131,reporting,0.3977272727272727,-0.020401895401895354,false
4132,strong,0.4383116883116883,0.011404220779220653,false
4133,strong,0.42857142857142855,0.02357585596221956,false
4134,strong,0.42857142857142855,0.023629148629148555,false
4135,strong,0.42857142857142855,0.0121572871572872,false
4136,strong,0.4659090909090909,0.048124098124098125,false
4137,strong,0.5113636363636364,0.062445887445887194,false
4138,strong,0.4772727272727273,0.021284271284271516,false
4139,strong,0.49512987012987014,0.04368686868686883,false
4140,strong,0.4772727272727273,0.017171717171717227,false
4141,strong,0.4805194805194805,0.018686868686868863,false
4142,strong,0.5032467532467533,0.02211399711399714,false
4143,strong,0.48214285714285715,0.016269841269841157,false
4144,strong,0.48214285714285715,0.013744588744588726,false
4145,strong,0.5064935064935064,0.014249639249639123,false
4146,strong,0.48214285714285715,0.0108585858585859,false
4147,strong,0.560064935064935,0.02025691699604748,false
4148,strong,0.5974025974025974,0.016692546583850998,false
4149,strong,0.6168831168831169,0.01923348390739732,false
4150,strong,0.650974025974026,0.035265266648245475,false
4151,strong,0.6753246753246753,0.052846090080132635,false
4152,strong,0.7272727272727273,0.05799253937551807,false
4153,strong,0.7321428571428571,0.042898590770931055,false
4154,strong,0.7126623376623377,0.045627245095330116,false
4155,strong,0.7727272727272727,0.05025559546836156,false
4156,strong,0.7175324675324676,0.04217325227963542,false
4157,strong,0.801948051948052,0.03951367781155024,false
4158,strong,0.75,0.037095882840563754,false
4159,strong,0.788961038961039,0.036370544349267675,false
4160,strong,0.814935064935065,0.03671594363083719,false
4161,strong,0.7905844155844156,0.032882011605415706,false
4162,strong,0.801948051948052,0.02973887814313314,false
4163,strong,0.7987012987012987,0.029980657640232167,false
4164,strong,0.8068181818181818,0.028046421663442733,false
4165,strong,0.8295454545454546,0.030360596849958732,false
4166,strong,0.8051948051948052,0.029048079579994224,false
4167,strong,0.810064935064935,0.030084277424702988,false
4168,strong,0.7987012987012987,0.03385416666666685,false
4169,strong,0.8344155844155844,0.059456168831168554,false
4170,strong,0.7792207792207793,0.03043831168831168,false
4171,strong,0.801948051948052,0.0589826839826838,false
4172,strong,0.7792207792207793,0.06050459956709975,false
4173,strong,0.7272727272727273,0.058238636363636354,false
4174,strong,0.724025974025974,0.05468749999999989,false
4175,strong,0.6753246753246753,0.0279356060606063,false
4176,strong,0.711038961038961,0.0437973484848484,false
4177,strong,0.6217532467532467,0.0366950757575758,false
4178,strong,0.6542207792207793,0.037134740259740284,true
4179,strong,0.4935064935064935,0.029964826839826764,true
4180,strong,0.3555194805194805,0.025331439393939337,true
4181,strong,0.0,0.0,true
4182,nascent,0.2159090909090909,0.039772727272727265,false
4183,nascent,0.2159090909090909,0.039772727272727265,false
4184,nascent,0.21103896103896103,0.041396103896103875,false
4185,nascent,0.2159090909090909,0.039772727272727265,false
4186,nascent,0.2159090909090909,0.039772727272727265,false
4187,strong,0.21753246753246752,0.03327922077922077,false
4188,strong,0.21915584415584416,0.03084415584415584,false
4189,strong,0.2224025974025974,0.04464285714285715,false
4190,strong,0.2353896103896104,0.054788961038961026,false
4191,strong,0.22564935064935066,0.04626623376623376,false
4192,strong,0.26136363636363635,0.04383116883116883,false
4193,strong,0.2564935064935065,0.02962662337662339,false
4194,strong,0.2711038961038961,0.02840909090909094,false
4195,strong,0.28733766233766234,0.028814935064935043,false
4196,strong,0.2905844155844156,0.029626623376623418,false
4197,strong,0.3116883116883117,0.030519480519480557,false
4198,strong,0.32142857142857145,0.029220779220779203,false
4199,strong,0.3262987012987013,0.0383116883116883,false
4200,strong,0.3522727272727273,0.03798701298701296,false
4201,strong,0.3327922077922078,0.03344155844155844,false
4202,strong,0.3847402597402597,0.051298701298701344,false
4203,strong,0.36688311688311687,0.052922077922077926,false
4204,strong,0.3814935064935065,0.04837662337662335,false
4205,strong,0.4025974025974026,0.045454545454545525,false
4206,strong,0.4090909090909091,0.0626623376623377,false
4207,strong,0.42694805194805197,0.06331168831168832,false
4208,strong,0.42207792207792205,0.0626623376623377,false
4209,strong,0.4366883116883117,0.06331168831168832,false
4210,strong,0.4366883116883117,0.048701298701298745,false
4211,strong,0.4318181818181818,0.056493506493506485,false
4212,strong,0.4318181818181818,0.05844155844155846,false
4213,strong,0.42045454545454547,0.04935064935064942,false
4214,strong,0.4025974025974026,0.04610389610389609,false
4215,strong,0.4237012987012987,0.04837662337662335,false
4216,strong,0.413961038961039,0.047727272727272785,false
4217,strong,0.4025974025974026,0.04675324675324677,false
4218,strong,0.3555194805194805,0.03116883116883118,false
4219,strong,0.35714285714285715,0.03084415584415584,false
4220,strong,0.3522727272727273,0.03149350649350657,false
4221,strong,0.37012987012987014,0.01883116883116881,false
4222,strong,0.32305194805194803,0.013311688311688274,false
4223,strong,0.3522727272727273,0.01558441558441559,true
4224,strong,0.20616883116883117,0.0035714285714285587,true
4225,strong,0.13636363636363635,0.00032467532467533866,true
4226,strong,0.0,0.0,true
4227,nascent,0.11363636363636363,0.013392857142857137,false
4228,nascent,0.1185064935064935,0.013798701298701296,false
4229,nascent,0.12337662337662338,0.011769480519480527,false
4230,nascent,0.12337662337662338,0.00811688311688312,false
4231,nascent,0.1444805194805195,0.0008116883116883189,false
4232,strong,0.18506493506493507,0.037743506493506496,false
4233,strong,0.21103896103896103,0.0604707792207792,false
4234,strong,0.21103896103896103,0.058441558441558406,false
4235,strong,0.21103896103896103,0.058441558441558406,false
4236,strong,0.21266233766233766,0.059050324675324645,false
4237,strong,0.21103896103896103,0.058441558441558406,false
4238,strong,0.21103896103896103,0.058441558441558406,false
4239,strong,0.21103896103896103,0.058441558441558406,false
4240,strong,0.2305194805194805,0.07548701298701296,false
4241,strong,0.34415584415584416,0.11586850649350652,false
4242,strong,0.36688311688311687,0.1193181818181818,false
4243,strong,0.3717532467532468,0.11708603896103903,false
4244,strong,0.37337662337662336,0.11931818181818182,false
4245,strong,0.37337662337662336,0.11911525974025977,false
4246,strong,0.37662337662337664,0.12518037518037517,false
4247,strong,0.3944805194805195,0.12932900432900435,false
4248,strong,0.3944805194805195,0.1280663780663781,false
4249,strong,0.37987012987012986,0.1006493506493506,false
4250,strong,0.3912337662337662,0.12662337662337658,false
4251,strong,0.4724025974025974,0.14484126984126977,false
4252,strong,0.45454545454545453,0.1358225108225108,false
4253,strong,0.4594155844155844,0.1332972582972583,false
4254,strong,0.4594155844155844,0.13474025974025972,false
4255,strong,0.4366883116883117,0.11453823953823955,false
4256,strong,0.48538961038961037,0.14357864357864358,false
4257,strong,0.47564935064935066,0.14015151515151525,false
4258,strong,0.47564935064935066,0.13943001443001446,false
4259,strong,0.48863636363636365,0.12987012987012986,false
4260,strong,0.4788961038961039,0.13437950937950938,false
4261,strong,0.512987012987013,0.14700577200577197,false
4262,strong,0.512987012987013,0.14430014430014426,false
4263,strong,0.5048701298701299,0.1423160173160174,false
4264,strong,0.512987012987013,0.14411976911976915,false
4265,strong,0.5162337662337663,0.14484126984126988,false
4266,strong,0.5373376623376623,0.14826839826839822,false
4267,strong,0.5162337662337663,0.13997113997113997,false
4268,strong,0.5162337662337663,0.1397907647907648,false
4269,strong,0.5422077922077922,0.14303751803751813,false
4270,strong,0.5178571428571429,0.13888888888888895,false
4271,strong,0.6006493506493507,0.15836940836940844,false
4272,strong,0.637987012987013,0.1719155844155844,false
4273,strong,0.650974025974026,0.15746753246753248,false
4274,strong,0.6672077922077922,0.1421078921078921,false
4275,strong,0.6737012987012987,0.13961038961038963,false
4276,strong,0.7272727272727273,0.14610389610389618,false
4277,strong,0.7353896103896104,0.1383616383616384,false
4278,strong,0.7126623376623377,0.13136863136863142,false
4279,strong,0.7711038961038961,0.1376123876123876,false
4280,strong,0.7159090909090909,0.12737262737262744,false
4281,strong,0.801948051948052,0.14535464535464526,false
4282,strong,0.7483766233766234,0.13411588411588404,false
4283,strong,0.7873376623376623,0.13661338661338662,false
4284,strong,0.8133116883116883,0.13074425574425563,false
4285,strong,0.788961038961039,0.13099400599400612,false
4286,strong,0.801948051948052,0.13199300699300698,false
4287,strong,0.7954545454545454,0.09172077922077893,false
4288,strong,0.8051948051948052,0.09206864564007422,false
4289,strong,0.8214285714285714,0.08743042671614099,false
4290,strong,0.8035714285714286,0.08974953617810766,false
4291,strong,0.8051948051948052,0.08719851576994453,false
4292,strong,0.7954545454545454,0.08685064935064923,false
4293,strong,0.8311688311688312,0.0983302411873842,false
4294,strong,0.7662337662337663,0.0696892393320967,false
4295,strong,0.8035714285714286,0.09346011131725429,false
4296,strong,0.775974025974026,0.08661873840445278,false
4297,strong,0.7272727272727273,0.08441558441558439,false
4298,strong,0.7175324675324676,0.07676252319109478,false
4299,strong,0.6753246753246753,0.06899350649350666,false
4300,strong,0.7045454545454546,0.06748608534322831,false
4301,strong,0.6217532467532467,0.06470315398886828,false
4302,strong,0.6477272727272727,0.05681818181818188,true
4303,strong,0.4935064935064935,0.05473098330241183,true
4304,strong,0.349025974025974,0.03142393320964748,true
4305,strong,0.0,0.0,true
4306,nascent,0.24512987012987014,-0.18350399600399603,false
4307,nascent,0.2597402597402597,-0.18593906093906087,false
4308,nascent,0.2597402597402597,-0.16329966329966328,false
4309,nascent,0.26461038961038963,-0.16053391053391047,false
4310,nascent,0.26785714285714285,-0.18217893217893222,false
4311,reporting,0.2418831168831169,-0.17599641737572766,false
4312,reporting,0.24675324675324675,-0.1926406926406927,false
4313,reporting,0.2532467532467532,-0.18831168831168837,false
4314,reporting,0.24512987012987014,-0.17907873376623368,false
4315,reporting,0.29383116883116883,-0.1464082792207792,false
4316,reporting,0.31006493506493504,-0.13021448248720985,false
4317,reporting,0.3133116883116883,-0.1460055096418732,false
4318,reporting,0.31655844155844154,-0.12868949232585591,false
4319,reporting,0.31655844155844154,-0.130608028335301,false
4320,reporting,0.3425324675324675,-0.12942739079102722,false
4321,reporting,0.3181818181818182,-0.13026367571822112,false
4322,reporting,0.3555194805194805,-0.16159976387249103,false
4323,reporting,0.3814935064935065,-0.17360291223927599,false
4324,reporting,0.3912337662337662,-0.18132624950806758,false
4325,reporting,0.4090909090909091,-0.18004722550177094,false
4326,reporting,0.41233766233766234,-0.18157221566312487,false
4327,reporting,0.43993506493506496,-0.2010527351436442,false
4328,reporting,0.4724025974025974,-0.18157221566312487,false
4329,reporting,0.4496753246753247,-0.18181818181818177,false
4330,reporting,0.5113636363636364,-0.1776367571822116,false
4331,reporting,0.45616883116883117,-0.1804899645808738,false
4332,reporting,0.5227272727272727,-0.19273907910271548,false
4333,reporting,0.48214285714285715,-0.18693427784336875,false
4334,reporting,0.5243506493506493,-0.18226092089728463,false
4335,reporting,0.5340909090909091,-0.19687131050767392,false
4336,reporting,0.5211038961038961,-0.1877705627705628,false
4337,reporting,0.5324675324675324,-0.1874754033844943,false
4338,reporting,0.5357142857142857,-0.18467138921684378,false
4339,reporting,0.5438311688311688,-0.18457300275482103,false
4340,reporting,0.5568181818181818,-0.1914600550964186,false
4341,reporting,0.5357142857142857,-0.1901318378591108,false
4342,reporting,0.5324675324675324,-0.19593663911845716,false
4343,reporting,0.5308441558441559,-0.18949232585596232,false
4344,reporting,0.5146103896103896,-0.21408894136166878,false
4345,reporting,0.551948051948052,-0.15918929555293215,false
4346,reporting,0.5292207792207793,-0.18186737504919326,false
4347,reporting,0.5097402597402597,-0.17960448642266824,false
4348,reporting,0.5275974025974026,-0.13065722156631243,false
4349,reporting,0.5292207792207793,-0.1270661157024794,false
4350,reporting,0.474025974025974,-0.1365112160566705,false
4351,reporting,0.5373376623376623,-0.11265249901613539,false
4352,reporting,0.4659090909090909,-0.10256788665879585,false
4353,reporting,0.5,-0.10232192050373878,true
4354,reporting,0.3474025974025974,-0.0983372687918142,true
4355,reporting,0.2727272727272727,-0.04717630853994492,true
4356,strong,0.0,0.0,true
4357,nascent,0.1525974025974026,-0.0055194805194805074,false
4358,nascent,0.15746753246753248,-0.005519480519480563,false
4359,nascent,0.1590909090909091,-0.006980519480519504,false
4360,nascent,0.16233766233766234,-0.005438311688311714,false
4361,nascent,0.2077922077922078,-0.0024350649350649567,false
4362,reporting,0.20616883116883117,-0.006087662337662336,false
4363,reporting,0.20616883116883117,-0.006655844155844165,false
4364,reporting,0.20616883116883117,-0.010308441558441545,false
4365,reporting,0.17694805194805194,-0.03920454545454549,false
4366,reporting,0.17857142857142858,-0.039691558441558444,false
4367,reporting,0.17694805194805194,-0.04066558441558443,false
4368,reporting,0.18181818181818182,-0.03628246753246753,false
4369,reporting,0.18181818181818182,-0.03595779220779219,false
4370,reporting,0.20292207792207792,-0.019561688311688336,false
4371,reporting,0.31006493506493504,-0.009415584415584377,false
4372,reporting,0.336038961038961,-0.007548701298701388,false
4373,reporting,0.3392857142857143,-0.008198051948051899,false
4374,reporting,0.3344155844155844,-0.01033057851239666,false
4375,reporting,0.33116883116883117,-0.01062573789846516,false
4376,strong,0.36038961038961037,0.014167650531286935,false
4377,strong,0.37987012987012986,0.02004517221908525,false
4378,strong,0.3847402597402597,0.025365259740259716,false
4379,strong,0.4107142857142857,0.02617694805194809,false
4380,strong,0.3847402597402597,0.02299783549783546,false
4381,strong,0.4659090909090909,0.02712391774891776,false
4382,strong,0.45454545454545453,0.029626623376623473,false
4383,strong,0.4659090909090909,0.024283008658008642,false
4384,strong,0.4642857142857143,0.022862554112554112,false
4385,strong,0.4659090909090909,0.03727522477522471,false
4386,strong,0.48538961038961037,0.03971028971028978,false
4387,strong,0.4659090909090909,0.04286916786916789,false
4388,strong,0.46915584415584416,0.04401154401154406,false
4389,strong,0.49512987012987014,0.045093795093795075,false
4390,strong,0.4724025974025974,0.054523063143752826,false
4391,strong,0.5097402597402597,0.07034632034632027,false
4392,strong,0.5097402597402597,0.06818181818181812,false
4393,strong,0.5016233766233766,0.07741477272727282,false
4394,strong,0.4805194805194805,0.04028003246753248,false
4395,strong,0.48214285714285715,0.04186343959071226,false
4396,strong,0.5064935064935064,0.04717630853994492,false
4397,strong,0.5016233766233766,0.056375442739079185,false
4398,strong,0.5146103896103896,0.0674439197166471,false
4399,strong,0.538961038961039,0.06700118063754423,false
4400,strong,0.5146103896103896,0.06616489571035034,false
4401,strong,0.5925324675324676,0.07541322314049603,false
4402,strong,0.6331168831168831,0.0780204643841006,false
4403,strong,0.6444805194805194,0.07192050373868564,false
4404,strong,0.6607142857142857,0.07157615112160565,false
4405,strong,0.6655844155844156,0.0716745375836284,false
4406,strong,0.7224025974025974,0.08141479732388823,false
4407,strong,0.7321428571428571,0.07816804407713485,false
4408,strong,0.7094155844155844,0.07792207792207795,false
4409,strong,0.7694805194805194,0.08048012593467146,false
4410,strong,0.7142857142857143,0.07762691853600934,false
4411,strong,0.7938311688311688,0.07836481700118059,false
4412,strong,0.7451298701298701,0.07605273514364419,false
4413,strong,0.7857142857142857,0.07910271546635173,false
4414,strong,0.8116883116883117,0.0807260920897287,false
4415,strong,0.7873376623376623,0.07846320346320346,false
4416,strong,0.7987012987012987,0.07875836284927196,false
4417,strong,0.7987012987012987,0.07831562377016921,false
4418,strong,0.8035714285714286,0.0751672569854388,false
4419,strong,0.8262987012987013,0.07802046438410093,false
4420,strong,0.801948051948052,0.07610192837465546,false
4421,strong,0.8084415584415584,0.08003738685556883,false
4422,strong,0.7954545454545454,0.0751180637544272,false
4423,strong,0.8344155844155844,0.10571625344352598,false
4424,strong,0.775974025974026,0.06483667847304186,false
4425,strong,0.8003246753246753,0.08923652105470281,false
4426,strong,0.775974025974026,0.08662927981109803,false
4427,strong,0.724025974025974,0.06577134986225897,false
4428,strong,0.724025974025974,0.06773907910271537,false
4429,strong,0.6753246753246753,0.06478748524203082,false
4430,strong,0.711038961038961,0.0610487996851633,false
4431,strong,0.6201298701298701,0.051652892561983355,false
4432,strong,0.6525974025974026,0.05027548209366384,true
4433,strong,0.4935064935064935,0.04776662731208192,true
4434,strong,0.3555194805194805,0.035615899252262884,true
4435,strong,0.0,0.0,true
4436,nascent,0.19155844155844157,0.028679653679653694,false
4437,nascent,0.29383116883116883,0.08102125147579695,false
4438,nascent,0.31655844155844154,0.017248376623376582,false
4439,nascent,0.3181818181818182,0.009131493506493449,false
4440,nascent,0.3181818181818182,0.0062530062530061215,false
4441,strong,0.3181818181818182,0.00016793551276300667,false
4442,strong,0.3198051948051948,0.0015726461038961248,false
4443,reporting,0.33766233766233766,-0.003855519480519487,false
4444,reporting,0.3392857142857143,-0.0014323911382735366,false
4445,reporting,0.3522727272727273,-0.0023191094619666175,false
4446,strong,0.3392857142857143,0.000833625833625784,false
4447,reporting,0.3977272727272727,-0.007765882765882859,false
4448,strong,0.39935064935064934,0.0032467532467532756,false
4449,strong,0.413961038961039,0.0010091260091260046,false
4450,strong,0.4155844155844156,0.0006142506142506887,false
4451,reporting,0.4172077922077922,-0.0009213759213758665,false
4452,reporting,0.42207792207792205,-0.004829545454545614,false
4453,strong,0.42045454545454547,0.015458972845336483,false
4454,strong,0.42045454545454547,0.015512265512265477,false
4455,strong,0.41883116883116883,0.002417027417027484,false
4456,strong,0.42207792207792205,0.004292929292929293,false
4457,reporting,0.4448051948051948,-0.004112554112554345,false
4458,strong,0.4577922077922078,0.0018037518037520295,false
4459,reporting,0.4512987012987013,-0.00014430014430000249,false
4460,reporting,0.45616883116883117,-0.003932178932178898,false
4461,reporting,0.4318181818181818,-0.030014430014429827,false
4462,reporting,0.4383116883116883,-0.042821067821067815,false
4463,reporting,0.43344155844155846,-0.03243145743145753,false
4464,reporting,0.43344155844155846,-0.034956709956709964,false
4465,reporting,0.4577922077922078,-0.03445165945165951,false
4466,reporting,0.43344155844155846,-0.03784271284271279,false
4467,reporting,0.5227272727272727,-0.017080745341614856,false
4468,strong,0.5827922077922078,0.0020821569734613687,false
4469,strong,0.599025974025974,0.0013763410502544149,false
4470,reporting,0.6152597402597403,-0.0004490190660402238,false
4471,strong,0.6493506493506493,0.026872064106106652,false
4472,strong,0.7012987012987013,0.03201851340149209,false
4473,strong,0.7191558441558441,0.029911577783918064,false
4474,strong,0.698051948051948,0.031016855484940486,false
4475,strong,0.7548701298701299,0.032398452611218764,false
4476,strong,0.7061688311688312,0.030809615915999067,false
4477,strong,0.7840909090909091,0.021656534954407336,false
4478,strong,0.7337662337662337,0.020862116606797487,false
4479,strong,0.7711038961038961,0.01851340149212477,false
4480,strong,0.7954545454545454,0.017235424150317646,false
4481,strong,0.7711038961038961,0.013401492124896164,false
4482,strong,0.7775974025974026,0.005388228792483796,false
4483,strong,0.7824675324675324,0.0137468914064659,false
4484,strong,0.7938311688311688,0.015059408676429742,false
4485,strong,0.801948051948052,0.0027631942525561115,false
4486,strong,0.7792207792207793,0.003074053605968241,false
4487,reporting,0.7775974025974026,-0.0023832550428294352,false
4488,strong,0.775974025974026,0.011126893939394145,false
4489,reporting,0.7711038961038961,-0.0038555194805197646,false
4490,strong,0.7662337662337663,0.01745129870129869,false
4491,strong,0.7451298701298701,0.0021645021645019247,false
4492,reporting,0.7159090909090909,-0.0028070887445885706,false
4493,strong,0.676948051948052,0.007913961038961026,false
4494,reporting,0.6672077922077922,-0.0021306818181818787,false
4495,strong,0.6688311688311688,0.02144209956709975,false
4496,strong,0.698051948051948,0.030810335497835406,false
4497,strong,0.6168831168831169,0.031824945887446,false
4498,strong,0.6444805194805194,0.027394480519480457,true
4499,strong,0.49188311688311687,0.028341450216450126,true
4500,strong,0.3555194805194805,0.025331439393939337,true
4501,strong,0.0,0.0,true
4502,nascent,0.26785714285714285,-0.09196781479390176,false
4503,nascent,0.3133116883116883,-0.04606331168831168,false
4504,nascent,0.31493506493506496,-0.06960227272727265,false
4505,nascent,0.31493506493506496,-0.0468073593073593,false
4506,nascent,0.4090909090909091,-0.02969426406926401,false
4507,reporting,0.3912337662337662,-0.033685064935064846,false
4508,reporting,0.4042207792207792,-0.03740530303030304,false
4509,reporting,0.4042207792207792,-0.03720238095238099,false
4510,reporting,0.4074675324675325,-0.021166333666333692,false
4511,reporting,0.42207792207792205,-0.023601398601398538,false
4512,reporting,0.40584415584415584,-0.017195767195767153,false
4513,reporting,0.40584415584415584,-0.019300144300144262,false
4514,reporting,0.4318181818181818,-0.018217893217893244,false
4515,reporting,0.4090909090909091,-0.008788625167935438,false
4516,reporting,0.4383116883116883,-0.0010822510822511289,false
4517,strong,0.4431818181818182,0.0016233766233765823,false
4518,strong,0.4383116883116883,0.0141030844155845,false
4519,strong,0.44642857142857145,0.006189123376623418,false
4520,strong,0.4496753246753247,0.00939590712317978,false
4521,strong,0.4675324675324675,0.008215269578906004,false
4522,strong,0.44805194805194803,0.0028040141676505814,false
4523,strong,0.44805194805194803,0.0008854781582054994,false
4524,strong,0.4724025974025974,0.00044273907910263866,false
4525,reporting,0.44805194805194803,-0.00039354584809125903,false
4526,strong,0.5211038961038961,0.003984651711924525,false
4527,strong,0.5746753246753247,0.01957890594254219,false
4528,strong,0.5941558441558441,0.02159582841401031,false
4529,strong,0.6185064935064936,0.029368358913813508,false
4530,strong,0.6217532467532467,0.02784336875245952,false
4531,strong,0.6785714285714286,0.037583628492719456,false
4532,strong,0.6931818181818182,0.03920700511609598,false
4533,strong,0.6655844155844156,0.03409090909090917,false
4534,strong,0.7094155844155844,0.02041519086973642,false
4535,strong,0.672077922077922,0.03541912632821709,false
4536,strong,0.7581168831168831,0.04265053128689489,false
4537,strong,0.7012987012987013,0.032221566312475414,false
4538,strong,0.7386363636363636,0.03202479338842967,false
4539,strong,0.7483766233766234,0.017414403778040377,false
4540,strong,0.7353896103896104,0.02651515151515149,false
4541,strong,0.7548701298701299,0.03492719401810318,false
4542,strong,0.7516233766233766,0.031237701692247155,false
4543,strong,0.7613636363636364,0.03295946477764655,false
4544,strong,0.7662337662337663,0.017955529319165886,false
4545,strong,0.7581168831168831,0.03227075954348657,false
4546,strong,0.762987012987013,0.03458284140102341,false
4547,strong,0.7532467532467533,0.03291027154663506,false
4548,strong,0.7418831168831169,0.01318378591105851,false
4549,strong,0.7175324675324676,0.006395120031483459,false
4550,reporting,0.7077922077922078,-0.0032959464777647662,false
4551,reporting,0.6834415584415584,-0.005903187721369552,false
4552,strong,0.6785714285714286,0.02031680440771355,false
4553,strong,0.6801948051948052,0.023907910271546595,false
4554,strong,0.6282467532467533,0.017709563164108766,false
4555,strong,0.6558441558441559,0.005853994490358172,false
4556,strong,0.5827922077922078,0.014315230224321018,false
4557,strong,0.612012987012987,0.009691066509248225,true
4558,strong,0.4577922077922078,0.012052341597796223,true
4559,reporting,0.3181818181818182,-0.0017217630853994526,true
4560,strong,0.0,0.0,true
4561,nascent,0.14935064935064934,-0.008766233766233755,false
4562,nascent,0.15422077922077923,-0.00876623376623381,false
4563,nascent,0.1590909090909091,-0.006980519480519504,false
4564,nascent,0.1590909090909091,-0.008685064935064962,false
4565,nascent,0.18019480519480519,-0.030032467532467577,false
4566,reporting,0.17857142857142858,-0.03368506493506493,false
4567,reporting,0.18019480519480519,-0.03262987012987015,false
4568,reporting,0.18019480519480519,-0.03628246753246753,false
4569,reporting,0.18019480519480519,-0.035957792207792244,false
4570,reporting,0.18019480519480519,-0.038068181818181834,false
4571,reporting,0.18181818181818182,-0.03579545454545455,false
4572,reporting,0.1590909090909091,-0.05900974025974026,false
4573,reporting,0.1590909090909091,-0.05868506493506492,false
4574,reporting,0.1590909090909091,-0.06339285714285717,false
4575,reporting,0.2775974025974026,-0.0418831168831168,false
4576,reporting,0.30357142857142855,-0.040016233766233866,false
4577,reporting,0.30357142857142855,-0.04391233766233765,false
4578,reporting,0.30357142857142855,-0.0411747343565525,false
4579,reporting,0.33116883116883117,-0.01062573789846516,false
4580,reporting,0.33116883116883117,-0.015053128689492268,false
4581,reporting,0.349025974025974,-0.01079898362507059,false
4582,reporting,0.35064935064935066,-0.008725649350649345,false
4583,reporting,0.36363636363636365,-0.020900974025973962,false
4584,reporting,0.35064935064935066,-0.011093073593073599,false
4585,reporting,0.4074675324675325,-0.03131764069264065,false
4586,reporting,0.4025974025974026,-0.022321428571428437,false
4587,reporting,0.4107142857142857,-0.030911796536796543,false
4588,reporting,0.4107142857142857,-0.03070887445887449,false
4589,reporting,0.413961038961039,-0.014672827172827196,false
4590,reporting,0.4301948051948052,-0.015484515484515404,false
4591,reporting,0.41233766233766234,-0.010702260702260658,false
4592,reporting,0.41233766233766234,-0.012806637806637766,false
4593,reporting,0.43993506493506496,-0.01010101010101011,false
4594,strong,0.4577922077922078,0.03991267353336325,false
4595,strong,0.5016233766233766,0.06222943722943719,false
4596,strong,0.5064935064935064,0.06493506493506485,false
4597,strong,0.49837662337662336,0.07416801948051954,false
4598,strong,0.5048701298701299,0.06463068181818188,false
4599,strong,0.5113636363636364,0.07108421881149146,false
4600,strong,0.5324675324675324,0.0731503345139709,false
4601,strong,0.5097402597402597,0.06449232585596226,false
4602,strong,0.5064935064935064,0.059327036599763905,false
4603,strong,0.5357142857142857,0.06375442739079096,false
4604,strong,0.5081168831168831,0.059671389216843784,false
4605,strong,0.5876623376623377,0.07054309327036612,false
4606,strong,0.6217532467532467,0.06665682802046424,false
4607,strong,0.6396103896103896,0.06705037386855583,false
4608,strong,0.6558441558441559,0.06670602125147584,false
4609,strong,0.6607142857142857,0.06680440771349849,false
4610,strong,0.7175324675324676,0.07654466745375843,false
4611,strong,0.7305194805194806,0.07654466745375832,false
4612,strong,0.7094155844155844,0.07792207792207795,false
4613,strong,0.7678571428571429,0.07885674931129494,false
4614,strong,0.676948051948052,0.040289256198347,false
4615,strong,0.788961038961039,0.07349468713105078,false
4616,strong,0.737012987012987,0.06793585202676111,false
4617,strong,0.7808441558441559,0.07423258559622192,false
4618,strong,0.8068181818181818,0.07585596221959878,false
4619,strong,0.7467532467532467,0.037878787878787845,false
4620,strong,0.7581168831168831,0.038173947264856345,false
4621,strong,0.7613636363636364,0.04097796143250687,false
4622,strong,0.7808441558441559,0.052439984258166095,false
4623,strong,0.801948051948052,0.053669815033451584,false
4624,strong,0.7792207792207793,0.05337465564738275,false
4625,strong,0.7824675324675324,0.054063360881542843,false
4626,strong,0.7727272727272727,0.05239079102715449,false
4627,strong,0.7613636363636364,0.03266430539157794,false
4628,strong,0.7727272727272727,0.06158992522628859,false
4629,strong,0.75,0.03891184573002748,false
4630,strong,0.7224025974025974,0.03305785123966942,false
4631,strong,0.6753246753246753,0.017070051160960276,false
4632,strong,0.6672077922077922,0.010920897284533604,false
4633,strong,0.672077922077922,0.06154073199527754,false
4634,strong,0.650974025974026,0.0009838646202282586,false
4635,reporting,0.564935064935065,-0.0035419126328217754,false
4636,strong,0.6412337662337663,0.03891184573002748,true
4637,strong,0.487012987012987,0.041273120818575426,true
4638,strong,0.3425324675324675,0.022628886265249892,true
4639,strong,0.0,0.0,true
4640,nascent,0.1525974025974026,-0.0055194805194805074,false
4641,nascent,0.15746753246753248,-0.005519480519480563,false
4642,nascent,0.16233766233766234,-0.003733766233766256,false
4643,nascent,0.16233766233766234,-0.005438311688311714,false
4644,nascent,0.2077922077922078,-0.0024350649350649567,false
4645,reporting,0.20616883116883117,-0.006087662337662336,false
4646,reporting,0.20616883116883117,-0.006655844155844165,false
4647,reporting,0.20616883116883117,-0.010308441558441545,false
4648,reporting,0.20616883116883117,-0.009983766233766261,false
4649,reporting,0.20616883116883117,-0.012094155844155852,false
4650,reporting,0.20941558441558442,-0.008198051948051954,false
4651,reporting,0.20941558441558442,-0.008685064935064934,false
4652,reporting,0.20941558441558442,-0.008360389610389596,false
4653,reporting,0.20941558441558442,-0.01306818181818184,false
4654,reporting,0.3051948051948052,-0.014285714285714235,false
4655,reporting,0.33116883116883117,-0.012418831168831246,false
4656,reporting,0.3344155844155844,-0.013068181818181812,false
4657,reporting,0.3344155844155844,-0.01033057851239666,false
4658,reporting,0.30357142857142855,-0.03822314049586778,false
4659,reporting,0.3051948051948052,-0.04102715466351825,false
4660,reporting,0.3538961038961039,-0.005928853754940733,false
4661,reporting,0.3555194805194805,-0.003855519480519487,false
4662,reporting,0.3814935064935065,-0.0030438311688311126,false
4663,reporting,0.3555194805194805,-0.006222943722943741,false
4664,reporting,0.43506493506493504,-0.003720238095238082,false
4665,strong,0.42694805194805197,0.0020292207792209083,false
4666,reporting,0.43993506493506496,-0.0016910173160172848,false
4667,reporting,0.4383116883116883,-0.0031114718614718706,false
4668,strong,0.44155844155844154,0.012924575424575369,false
4669,strong,0.4594155844155844,0.013736263736263798,false
4670,strong,0.44155844155844154,0.018518518518518545,false
4671,strong,0.44155844155844154,0.016414141414141437,false
4672,strong,0.46915584415584416,0.019119769119769092,false
4673,strong,0.44642857142857145,0.0285490371697269,false
4674,strong,0.47564935064935066,0.03625541125541121,false
4675,strong,0.48214285714285715,0.040584415584415556,false
4676,strong,0.47564935064935066,0.051440746753246835,false
4677,strong,0.4837662337662338,0.043526785714285754,false
4678,strong,0.487012987012987,0.04673356946084212,false
4679,strong,0.5064935064935064,0.04717630853994492,false
4680,strong,0.4902597402597403,0.04501180637544283,false
4681,strong,0.48863636363636365,0.04146989374262111,false
4682,strong,0.512987012987013,0.04102715466351825,false
4683,strong,0.4902597402597403,0.04181424635970099,false
4684,strong,0.5681818181818182,0.05106257378984669,false
4685,strong,0.6103896103896104,0.05529319165682789,false
4686,strong,0.6233766233766234,0.05081660763478957,false
4687,strong,0.6412337662337663,0.052095631641086215,false
4688,strong,0.6444805194805194,0.050570641479732226,false
4689,strong,0.6964285714285714,0.05544077134986225,false
4690,strong,0.7045454545454546,0.05057064147973234,false
4691,strong,0.6737012987012987,0.04220779220779225,false
4692,strong,0.7386363636363636,0.04963597009051568,false
4693,strong,0.6834415584415584,0.04678276269185344,false
4694,strong,0.7694805194805194,0.05401416765053124,false
4695,strong,0.724025974025974,0.05494883903974812,false
4696,strong,0.7613636363636364,0.05475206611570238,false
4697,strong,0.788961038961039,0.05799881936245599,false
4698,strong,0.7646103896103896,0.05573593073593075,false
4699,strong,0.7727272727272727,0.052784336875245974,false
4700,strong,0.775974025974026,0.0555883510428965,false
4701,strong,0.7808441558441559,0.052439984258166095,false
4702,strong,0.8035714285714286,0.05529319165682822,false
4703,strong,0.7792207792207793,0.05337465564738275,false
4704,strong,0.7824675324675324,0.054063360881542843,false
4705,strong,0.7727272727272727,0.05239079102715449,false
4706,strong,0.762987012987013,0.03428768201495458,false
4707,strong,0.7467532467532467,0.035615899252262606,false
4708,strong,0.7272727272727273,0.016184573002754776,false
4709,strong,0.7467532467532467,0.05740850059031877,false
4710,strong,0.698051948051948,0.03979732388823298,false
4711,strong,0.6915584415584416,0.03527154663518295,false
4712,strong,0.6428571428571429,0.032319952774498395,false
4713,strong,0.6785714285714286,0.02858126721763088,false
4714,strong,0.5876623376623377,0.01918536009445093,false
4715,strong,0.625,0.022678079496261216,true
4716,strong,0.4642857142857143,0.01854584809130272,true
4717,strong,0.3262987012987013,0.006395120031483681,true
4718,strong,0.0,0.0,true
4719,nascent,0.14123376623376624,0.03841991341991342,false
4720,nascent,0.1590909090909091,0.03814935064935064,false
4721,nascent,0.16396103896103897,0.03327922077922077,false
4722,nascent,0.16558441558441558,0.03436147186147184,false
4723,nascent,0.18993506493506493,0.040584415584415584,false
4724,strong,0.18831168831168832,0.040043290043290075,false
4725,strong,0.18831168831168832,0.04437229437229437,false
4726,strong,0.18831168831168832,0.04437229437229437,false
4727,strong,0.18831168831168832,0.04437229437229437,false
4728,strong,0.18993506493506493,0.043290043290043295,false
4729,strong,0.18831168831168832,0.04274891774891776,false
4730,strong,0.18831168831168832,0.04274891774891776,false
4731,strong,0.18831168831168832,0.04274891774891776,false
4732,strong,0.18831168831168832,0.04274891774891776,false
4733,strong,0.28084415584415584,0.06358225108225105,false
4734,strong,0.3068181818181818,0.06601731601731603,false
4735,strong,0.3068181818181818,0.06601731601731603,false
4736,strong,0.3068181818181818,0.06574675324675325,false
4737,strong,0.3068181818181818,0.0654761904761905,false
4738,strong,0.31655844155844154,0.07278138528138528,false
4739,strong,0.3344155844155844,0.07224025974025972,false
4740,strong,0.336038961038961,0.07224025974025972,false
4741,strong,0.3652597402597403,0.07792207792207795,false
4742,strong,0.3392857142857143,0.07440476190476192,false
4743,strong,0.4448051948051948,0.12283549783549785,false
4744,strong,0.42857142857142855,0.11147186147186144,false
4745,strong,0.4383116883116883,0.11309523809523808,false
4746,strong,0.4383116883116883,0.11309523809523808,false
4747,strong,0.43993506493506496,0.1136363636363637,false
4748,strong,0.45616883116883117,0.12148268398268391,false
4749,strong,0.43993506493506496,0.11363636363636365,false
4750,strong,0.4383116883116883,0.11228354978354976,false
4751,strong,0.4659090909090909,0.1117424242424242,false
4752,strong,0.44155844155844154,0.11228354978354976,false
4753,strong,0.4772727272727273,0.125,false
4754,strong,0.4772727272727273,0.11498917748917753,false
4755,strong,0.4707792207792208,0.1158008658008658,false
4756,strong,0.4788961038961039,0.1155303030303031,false
4757,strong,0.48214285714285715,0.1155303030303031,false
4758,strong,0.5048701298701299,0.12364718614718623,false
4759,strong,0.4837662337662338,0.1160714285714286,false
4760,strong,0.4837662337662338,0.11525974025974028,false
4761,strong,0.5081168831168831,0.1141774891774891,false
4762,strong,0.4837662337662338,0.11525974025974028,false
4763,strong,0.5681818181818182,0.14096320346320346,false
4764,strong,0.6266233766233766,0.1626082251082251,false
4765,strong,0.650974025974026,0.06457431457431462,false
4766,strong,0.6672077922077922,0.013149350649350633,false
4767,strong,0.672077922077922,0.00649350649350644,false
4768,strong,0.7272727272727273,0.008441558441558361,false
4769,strong,0.737012987012987,0.00551948051948048,false
4770,strong,0.7142857142857143,0.0037337662337662003,false
4771,reporting,0.7678571428571429,-0.0012987012987012436,false
4772,reporting,0.7142857142857143,-0.0035714285714284477,false
4773,reporting,0.8003246753246753,-0.003084415584415634,false
4774,reporting,0.7467532467532467,-0.0029220779220779924,false
4775,reporting,0.7857142857142857,-0.0029220779220779924,false
4776,reporting,0.8116883116883117,-0.003409090909090917,false
4777,reporting,0.7905844155844156,-0.00048701298701303575,false
4778,reporting,0.801948051948052,-0.0012987012987013546,false
4779,reporting,0.797077922077922,-0.0037337662337663113,false
4780,reporting,0.8068181818181818,-0.0014610389610389962,false
4781,reporting,0.823051948051948,-0.004707792207792272,false
4782,reporting,0.8035714285714286,-0.001136363636363491,false
4783,reporting,0.810064935064935,-0.0012987012987012436,false
4784,strong,0.8003246753246753,0.001136363636363713,false
4785,strong,0.8344155844155844,0.00194805194805181,false
4786,strong,0.7792207792207793,0.003896103896103953,false
4787,strong,0.8035714285714286,0.006168831168831268,false
4788,strong,0.7775974025974026,0.0051948051948051965,false
4789,strong,0.7256493506493507,0.006168831168831046,false
4790,strong,0.724025974025974,0.008116883116883078,false
4791,strong,0.6737012987012987,0.0009740259740260715,false
4792,strong,0.711038961038961,0.009415584415584433,false
4793,strong,0.6217532467532467,0.005681818181818121,false
4794,strong,0.6525974025974026,0.0001623376623377526,true
4795,strong,0.49188311688311687,0.005844155844155929,true
4796,strong,0.3555194805194805,0.004220779220779292,true
4797,strong,0.0,0.0,true
4798,nascent,0.10876623376623376,-0.03687384044526901,false
4799,nascent,0.11363636363636363,-0.03826530612244898,false
4800,nascent,0.1185064935064935,-0.04012059369202228,false
4801,nascent,0.1331168831168831,-0.03200371057513918,false
4802,nascent,0.18181818181818182,-0.03362708719851579,false
4803,reporting,0.18019480519480519,-0.03269944341372913,false
4804,reporting,0.18019480519480519,-0.03269944341372913,false
4805,reporting,0.18019480519480519,-0.03269944341372913,false
4806,reporting,0.18019480519480519,-0.03223562152133583,false
4807,reporting,0.18181818181818182,-0.0322356215213358,false
4808,reporting,0.18019480519480519,-0.03223562152133583,false
4809,reporting,0.18019480519480519,-0.03223562152133583,false
4810,reporting,0.18019480519480519,-0.03223562152133583,false
4811,reporting,0.18019480519480519,-0.03223562152133583,false
4812,reporting,0.23214285714285715,-0.07884972170686455,false
4813,reporting,0.25811688311688313,-0.07769016697588127,false
4814,reporting,0.26136363636363635,-0.07769016697588133,false
4815,reporting,0.26136363636363635,-0.07792207792207795,false
4816,reporting,0.26136363636363635,-0.07745825602968459,false
4817,reporting,0.262987012987013,-0.07745825602968459,false
4818,reporting,0.3003246753246753,-0.06910946196660489,false
4819,reporting,0.3116883116883117,-0.0649350649350649,false
4820,reporting,0.3116883116883117,-0.08348794063079779,false
4821,reporting,0.3116883116883117,-0.0649350649350649,false
4822,reporting,0.39285714285714285,-0.06702226345083495,false
4823,reporting,0.37012987012987014,-0.07003710575139138,false
4824,reporting,0.38311688311688313,-0.0670222634508349,false
4825,reporting,0.3847402597402597,-0.06563079777365494,false
4826,reporting,0.3814935064935065,-0.07328385899814477,false
4827,reporting,0.4042207792207792,-0.07560296846011133,false
4828,reporting,0.38961038961038963,-0.07142857142857145,false
4829,reporting,0.38961038961038963,-0.07119666048237483,false
4830,reporting,0.4025974025974026,-0.07861781076066787,false
4831,reporting,0.39285714285714285,-0.07119666048237483,false
4832,reporting,0.4172077922077922,-0.07954545454545447,false
4833,reporting,0.42045454545454547,-0.0767625231910945,false
4834,reporting,0.41233766233766234,-0.07676252319109461,false
4835,reporting,0.42045454545454547,-0.0767625231910945,false
4836,reporting,0.4237012987012987,-0.07722634508348791,false
4837,reporting,0.4448051948051948,-0.07861781076066793,false
4838,reporting,0.4253246753246753,-0.07722634508348802,false
4839,reporting,0.4253246753246753,-0.07769016697588127,false
4840,reporting,0.4496753246753247,-0.07769016697588127,false
4841,reporting,0.4237012987012987,-0.07908163265306134,false
4842,reporting,0.49837662337662336,-0.08650278293135427,false
4843,reporting,0.5340909090909091,-0.0874304267161411,false
4844,reporting,0.5487012987012987,-0.06444805194805192,false
4845,reporting,0.564935064935065,-0.08295454545454539,false
4846,reporting,0.5665584415584416,-0.08798701298701295,false
4847,reporting,0.6233766233766234,-0.08993506493506498,false
4848,reporting,0.6331168831168831,-0.08993506493506498,false
4849,reporting,0.6087662337662337,-0.09188311688311679,false
4850,reporting,0.6688311688311688,-0.09139610389610409,false
4851,reporting,0.6136363636363636,-0.09350649350649354,false
4852,reporting,0.6996753246753247,-0.09366883116883118,false
4853,reporting,0.6444805194805194,-0.09480519480519489,false
4854,reporting,0.685064935064935,-0.09334415584415579,false
4855,reporting,0.711038961038961,-0.09350649350649365,false
4856,reporting,0.6818181818181818,-0.09756493506493513,false
4857,reporting,0.6931818181818182,-0.09788961038961042,false
4858,reporting,0.6915584415584416,-0.09691558441558434,false
4859,reporting,0.6996753246753247,-0.0959415584415585,false
4860,reporting,0.7191558441558441,-0.09496753246753253,false
4861,reporting,0.6964285714285714,-0.09642857142857153,false
4862,reporting,0.6996753246753247,-0.09724025974025974,false
4863,reporting,0.6915584415584416,-0.0952922077922077,false
4864,reporting,0.6818181818181818,-0.12337662337662325,false
4865,reporting,0.7061688311688312,-0.05860389610389616,false
4866,reporting,0.6948051948051948,-0.08214285714285707,false
4867,reporting,0.6688311688311688,-0.08181818181818201,false
4868,reporting,0.6298701298701299,-0.0714285714285714,false
4869,reporting,0.6233766233766234,-0.07094155844155836,false
4870,reporting,0.6217532467532467,-0.046266233766233844,false
4871,reporting,0.6444805194805194,-0.04025974025974011,false
4872,reporting,0.5633116883116883,-0.03685064935064919,false
4873,reporting,0.5892857142857143,-0.05324675324675321,true
4874,reporting,0.43344155844155846,-0.053246753246753264,true
4875,reporting,0.3003246753246753,-0.044642857142857095,true
4876,strong,0.0,0.0,true
4877,nascent,0.1396103896103896,0.010204081632653045,false
4878,nascent,0.1672077922077922,0.03223562152133577,false
4879,nascent,0.2288961038961039,0.05890538033395179,false
4880,nascent,0.22727272727272727,0.05890538033395176,false
4881,nascent,0.2435064935064935,0.07282003710575138,false
4882,strong,0.2435064935064935,0.06609461966604824,false
4883,strong,0.2435064935064935,0.0644712430426716,false
4884,strong,0.24512987012987014,0.05867346938775511,false
4885,strong,0.2435064935064935,0.056586270871985145,false
4886,strong,0.2435064935064935,0.056586270871985145,false
4887,strong,0.2435064935064935,0.056354359925788494,false
4888,strong,0.2435064935064935,0.05194805194805194,false
4889,strong,0.32792207792207795,0.05820964749536178,false
4890,strong,0.3538961038961039,0.0609925788497217,false
4891,strong,0.35714285714285715,0.05171614100185529,false
4892,strong,0.35714285714285715,0.05287569573283862,false
4893,strong,0.3587662337662338,0.0535714285714286,false
4894,strong,0.36038961038961037,0.04777365491651203,false
4895,strong,0.3782467532467532,0.06838474025974023,false
4896,strong,0.39285714285714285,0.0801542207792208,false
4897,strong,0.41883116883116883,0.08441558441558444,false
4898,strong,0.3944805194805195,0.08319805194805197,false
4899,strong,0.474025974025974,0.0896915584415584,false
4900,strong,0.4642857142857143,0.0901875901875902,false
4901,strong,0.474025974025974,0.06655844155844154,false
4902,strong,0.474025974025974,0.062409812409812415,false
4903,strong,0.47564935064935066,0.06655844155844154,false
4904,strong,0.4967532467532468,0.07413419913419916,false
4905,strong,0.4805194805194805,0.07016594516594515,false
4906,strong,0.4805194805194805,0.06800144300144301,false
4907,strong,0.5064935064935064,0.07449494949494945,false
4908,strong,0.4837662337662338,0.06511544011544007,false
4909,strong,0.5146103896103896,0.07070707070707072,false
4910,strong,0.5162337662337663,0.06331168831168832,false
4911,strong,0.5081168831168831,0.06204906204906202,false
4912,strong,0.5162337662337663,0.06421356421356422,false
4913,strong,0.5194805194805194,0.06565656565656564,false
4914,strong,0.5422077922077922,0.07106782106782106,false
4915,strong,0.5211038961038961,0.06096681096681089,false
4916,strong,0.5211038961038961,0.05735930735930733,false
4917,strong,0.547077922077922,0.05591630591630592,false
4918,strong,0.5227272727272727,0.05429292929292917,false
4919,strong,0.6006493506493507,0.0665584415584416,false
4920,strong,0.637987012987013,0.06150793650793651,false
4921,strong,0.6525974025974026,0.0652958152958153,false
4922,strong,0.6737012987012987,0.06980519480519476,false
4923,strong,0.6785714285714286,0.06926406926406925,false
4924,strong,0.7321428571428571,0.07593795093795086,false
4925,strong,0.7402597402597403,0.06367243867243877,false
4926,strong,0.7207792207792207,0.07341269841269837,false
4927,strong,0.7792207792207793,0.07413419913419916,false
4928,strong,0.724025974025974,0.07034632034632049,false
4929,strong,0.810064935064935,0.07377344877344882,false
4930,strong,0.7564935064935064,0.0714285714285714,false
4931,strong,0.7954545454545454,0.06547619047619035,false
4932,strong,0.8214285714285714,0.06078643578643572,false
4933,strong,0.797077922077922,0.0553751803751803,false
4934,strong,0.8084415584415584,0.04870129870129858,false
4935,strong,0.8084415584415584,0.053391053391053434,false
4936,strong,0.8133116883116883,0.04707792207792216,false
4937,strong,0.836038961038961,0.04942279942279937,false
4938,strong,0.8116883116883117,0.04166666666666663,false
4939,strong,0.8181818181818182,0.04274891774891765,false
4940,strong,0.8051948051948052,0.039321789321789424,false
4941,strong,0.8441558441558441,0.0553751803751803,false
4942,strong,0.7824675324675324,0.0357142857142857,false
4943,strong,0.8068181818181818,0.04401154401154406,false
4944,strong,0.7824675324675324,0.044011544011543835,false
4945,strong,0.7272727272727273,0.038419913419913465,false
4946,strong,0.724025974025974,0.03715728715728717,false
4947,strong,0.6753246753246753,0.02831890331890341,false
4948,strong,0.711038961038961,0.03499278499278502,false
4949,strong,0.6217532467532467,0.026875901875901942,false
4950,strong,0.6542207792207793,0.0290404040404042,true
4951,strong,0.4935064935064935,0.025432900432900474,true
4952,strong,0.3555194805194805,0.02525252525252525,true
4953,strong,0.0,0.0,true
4954,nascent,0.17532467532467533,0.010714285714285732,false
4955,nascent,0.17532467532467533,0.011688311688311692,false
4956,nascent,0.17532467532467533,0.012662337662337653,false
4957,nascent,0.19480519480519481,0.025324675324675305,false
4958,nascent,0.21753246753246752,0.04104823747680891,false
4959,strong,0.19642857142857142,0.03632305194805194,false
4960,strong,0.19480519480519481,0.035511363636363646,false
4961,strong,0.19155844155844157,0.03307629870129872,false
4962,strong,0.19155844155844157,0.03267045454545453,false
4963,strong,0.21753246753246752,0.05215097402597399,false
4964,strong,0.3344155844155844,0.10004058441558439,false
4965,strong,0.35714285714285715,0.10227272727272729,false
4966,strong,0.35714285714285715,0.0984172077922078,false
4967,strong,0.35714285714285715,0.06189123376623379,false
4968,strong,0.35714285714285715,0.060673701298701255,false
4969,strong,0.3587662337662338,0.06128246753246752,false
4970,strong,0.37662337662337664,0.0579004329004329,false
4971,strong,0.3814935064935065,0.06078643578643578,false
4972,strong,0.3944805194805195,0.05609668109668109,false
4973,strong,0.3847402597402597,0.05952380952380948,false
4974,strong,0.4707792207792208,0.07106782106782106,false
4975,strong,0.45454545454545453,0.06691919191919193,false
4976,strong,0.4659090909090909,0.07413419913419911,false
4977,strong,0.4659090909090909,0.0723304473304473,false
4978,strong,0.46915584415584416,0.06980519480519476,false
4979,strong,0.48863636363636365,0.07052669552669555,false
4980,strong,0.46915584415584416,0.07467532467532467,false
4981,strong,0.46915584415584416,0.03643578643578643,false
4982,strong,0.49837662337662336,0.04329004329004327,false
4983,strong,0.47564935064935066,0.03264790764790765,false
4984,strong,0.5097402597402597,0.04455266955266951,false
4985,strong,0.5097402597402597,0.04130591630591629,false
4986,strong,0.5016233766233766,0.03463203463203457,false
4987,strong,0.512987012987013,0.03625541125541126,false
4988,strong,0.5162337662337663,0.05162337662337657,false
4989,strong,0.538961038961039,0.05438311688311687,false
4990,strong,0.5178571428571429,0.04951298701298712,false
4991,strong,0.5178571428571429,0.048214285714285765,false
4992,strong,0.5422077922077922,0.05097402597402595,false
4993,strong,0.5178571428571429,0.04740259740259739,false
4994,strong,0.5957792207792207,0.05064935064935061,false
4995,strong,0.6363636363636364,0.04399350649350653,false
4996,strong,0.650974025974026,0.03928571428571426,false
4997,strong,0.6672077922077922,0.03685064935064941,false
4998,strong,0.672077922077922,0.037987012987013014,false
4999,strong,0.7256493506493507,0.038961038961039085,false
5000,strong,0.7337662337662337,0.03035714285714275,false
5001,strong,0.711038961038961,0.027922077922077904,false
5002,strong,0.7743506493506493,0.03603896103896109,false
5003,strong,0.7175324675324676,0.0293831168831169,false
5004,strong,0.8051948051948052,0.030844155844155785,false
5005,strong,0.7516233766233766,0.03116883116883118,false
5006,strong,0.7922077922077922,0.04796340023612744,false
5007,strong,0.8181818181818182,0.046192443919716775,false
5008,strong,0.7938311688311688,0.04235537190082639,false
5009,strong,0.8051948051948052,0.040289256198347334,false
5010,strong,0.8051948051948052,0.041469893742621,false
5011,strong,0.810064935064935,0.037485242030696586,false
5012,strong,0.8327922077922078,0.038961038961039085,false
5013,strong,0.8084415584415584,0.03468122786304595,false
5014,strong,0.814935064935065,0.03276269185360092,false
5015,strong,0.801948051948052,0.02759740259740262,false
5016,strong,0.8409090909090909,0.045159386068477025,false
5017,strong,0.7792207792207793,0.026564344746162982,false
5018,strong,0.7987012987012987,0.03276269185360092,false
5019,strong,0.7792207792207793,0.038370720188901974,false
5020,strong,0.7272727272727273,0.03586186540732006,false
5021,strong,0.724025974025974,0.03423848878394342,false
5022,strong,0.6753246753246753,0.02036599763872493,false
5023,strong,0.711038961038961,0.032467532467532534,false
5024,strong,0.6217532467532467,0.025531286894923122,false
5025,strong,0.6542207792207793,0.02744982290436837,true
5026,strong,0.4935064935064935,0.025826446280991733,true
5027,strong,0.3555194805194805,0.024350649350649345,true
5028,strong,0.0,0.0,true
5029,nascent,0.1525974025974026,0.038149350649350655,false
5030,nascent,0.15746753246753248,0.038149350649350655,false
5031,nascent,0.16233766233766234,0.03293135435992578,false
5032,nascent,0.16233766233766234,0.027365491651205914,false
5033,nascent,0.18506493506493507,0.015074211502782958,false
5034,strong,0.18344155844155843,0.01507421150278293,false
5035,strong,0.18344155844155843,0.012755102040816313,false
5036,strong,0.18181818181818182,0.004406307977736557,false
5037,strong,0.18344155844155843,0.004406307977736529,false
5038,strong,0.20941558441558442,0.022959183673469385,false
5039,strong,0.2077922077922078,0.020871985157699446,false
5040,strong,0.2077922077922078,0.020871985157699446,false
5041,strong,0.2077922077922078,0.020640074211502796,false
5042,strong,0.2077922077922078,0.01623376623376624,false
5043,strong,0.2905844155844156,0.020871985157699446,false
5044,strong,0.31655844155844154,0.023654916512059365,false
5045,strong,0.32142857142857145,0.01600185528756959,false
5046,strong,0.32142857142857145,0.017161410018552925,false
5047,strong,0.3198051948051948,0.01461038961038963,false
5048,strong,0.32142857142857145,0.008812615955473113,false
5049,strong,0.3392857142857143,0.02942370129870131,false
5050,strong,0.3409090909090909,0.028206168831168832,false
5051,strong,0.3685064935064935,0.034090909090909116,false
5052,strong,0.3425324675324675,0.03125,false
5053,strong,0.4172077922077922,0.03287337662337658,false
5054,strong,0.41883116883116883,0.044733044733044736,false
5055,strong,0.44805194805194803,0.040584415584415556,false
5056,strong,0.4577922077922078,0.046176046176046204,false
5057,strong,0.4577922077922078,0.04870129870129869,false
5058,strong,0.4788961038961039,0.05627705627705626,false
5059,strong,0.4594155844155844,0.04906204906204903,false
5060,strong,0.4594155844155844,0.04689754689754688,false
5061,strong,0.48538961038961037,0.05339105339105338,false
5062,strong,0.4675324675324675,0.048881673881673804,false
5063,strong,0.4935064935064935,0.049603174603174593,false
5064,strong,0.49512987012987014,0.042207792207792194,false
5065,strong,0.48863636363636365,0.04256854256854259,false
5066,strong,0.4967532467532468,0.044733044733044736,false
5067,strong,0.5,0.046176046176046204,false
5068,strong,0.5227272727272727,0.051587301587301515,false
5069,strong,0.5016233766233766,0.04148629148629146,false
5070,strong,0.5016233766233766,0.0378787878787879,false
5071,strong,0.525974025974026,0.03481240981240985,false
5072,strong,0.5032467532467533,0.03481240981240974,false
5073,strong,0.5811688311688312,0.04707792207792216,false
5074,strong,0.6103896103896104,0.03391053391053389,false
5075,strong,0.625,0.037698412698412676,false
5076,strong,0.6493506493506493,0.045454545454545414,false
5077,strong,0.650974025974026,0.04166666666666663,false
5078,strong,0.7094155844155844,0.05321067821067815,false
5079,strong,0.7175324675324676,0.04094516594516606,false
5080,strong,0.6948051948051948,0.04743867243867239,false
5081,strong,0.7516233766233766,0.04653679653679654,false
5082,strong,0.6996753246753247,0.045995670995671145,false
5083,strong,0.788961038961039,0.052669552669552755,false
5084,strong,0.7483766233766234,0.06331168831168832,false
5085,strong,0.7873376623376623,0.05735930735930728,false
5086,strong,0.8181818181818182,0.05753968253968256,false
5087,strong,0.788961038961039,0.04725829725829722,false
5088,strong,0.8051948051948052,0.045454545454545414,false
5089,strong,0.7954545454545454,0.04040404040404044,false
5090,strong,0.8084415584415584,0.04220779220779225,false
5091,strong,0.8262987012987013,0.03968253968253965,false
5092,strong,0.8035714285714286,0.03354978354978355,false
5093,strong,0.8084415584415584,0.03300865800865782,false
5094,strong,0.7987012987012987,0.03282828282828287,false
5095,strong,0.836038961038961,0.04725829725829722,false
5096,strong,0.7775974025974026,0.030844155844155896,false
5097,strong,0.801948051948052,0.039141414141414255,false
5098,strong,0.7727272727272727,0.03427128427128412,false
5099,strong,0.7272727272727273,0.038419913419913465,false
5100,strong,0.7175324675324676,0.030663780663780726,false
5101,strong,0.6753246753246753,0.02831890331890341,false
5102,strong,0.7045454545454546,0.02849927849927858,false
5103,strong,0.6217532467532467,0.026875901875901942,false
5104,strong,0.6477272727272727,0.02254689754689765,true
5105,strong,0.4935064935064935,0.025432900432900474,true
5106,strong,0.349025974025974,0.018759018759018753,true
5107,strong,0.0,0.0,true
5108,nascent,0.15097402597402598,0.03553391053391056,false
5109,nascent,0.15584415584415584,0.03625541125541125,false
5110,nascent,0.16071428571428573,0.03701298701298704,false
5111,nascent,0.16233766233766234,0.039935064935064934,false
5112,nascent,0.18668831168831168,0.03555194805194806,false
5113,strong,0.18668831168831168,0.024170274170274175,false
5114,strong,0.18668831168831168,0.023629148629148666,false
5115,strong,0.18668831168831168,0.019480519480519487,false
5116,strong,0.18668831168831168,0.019660894660894684,false
5117,strong,0.18668831168831168,0.018759018759018753,false
5118,strong,0.18668831168831168,0.017135642135642115,false
5119,strong,0.18831168831168832,0.017676767676767707,false
5120,reporting,0.16071428571428573,-0.007215007215007202,false
5121,reporting,0.16071428571428573,-0.0050505050505050275,false
5122,reporting,0.22727272727272727,-0.00721500721500723,false
5123,reporting,0.25487012987012986,-0.0067886658795749955,false
5124,reporting,0.25811688311688313,-0.01667650531286896,false
5125,reporting,0.25811688311688313,-0.02567886658795754,false
5126,strong,0.30194805194805197,0.009740259740259716,false
5127,strong,0.336038961038961,0.03881345926800467,false
5128,strong,0.3555194805194805,0.0417650531286895,false
5129,strong,0.35714285714285715,0.04087957497048411,false
5130,strong,0.3847402597402597,0.05708874458874452,false
5131,strong,0.3587662337662338,0.05127164502164505,false
5132,strong,0.41233766233766234,0.03111471861471865,false
5133,strong,0.413961038961039,0.026515151515151547,false
5134,strong,0.4253246753246753,0.036471861471861544,false
5135,strong,0.4253246753246753,0.02759740259740262,false
5136,strong,0.4253246753246753,0.02510822510822508,false
5137,strong,0.42857142857142855,0.017748917748917736,false
5138,strong,0.43506493506493504,0.03506493506493502,false
5139,strong,0.43506493506493504,0.03387445887445889,false
5140,strong,0.46266233766233766,0.03852813852813852,false
5141,strong,0.43993506493506496,0.03300865800865804,false
5142,strong,0.461038961038961,0.02738095238095234,false
5143,strong,0.4805194805194805,0.04134199134199129,false
5144,strong,0.4707792207792208,0.039610389610389596,false
5145,strong,0.4805194805194805,0.039718614718614764,false
5146,strong,0.4837662337662338,0.03950216450216443,false
5147,strong,0.4902597402597403,0.02954545454545454,false
5148,strong,0.48538961038961037,0.039177489177489144,false
5149,strong,0.48538961038961037,0.03950216450216443,false
5150,strong,0.5081168831168831,0.038095238095238015,false
5151,strong,0.4837662337662338,0.03474025974025968,false
5152,reporting,0.5324675324675324,-0.006841372912801513,false
5153,reporting,0.5892857142857143,-0.00023191094619656738,false
5154,strong,0.6038961038961039,0.004679144385026701,false
5155,reporting,0.6185064935064936,-0.00401069518716568,false
5156,reporting,0.6217532467532467,-0.004583651642475206,false
5157,reporting,0.6607142857142857,-0.017379679144385096,false
5158,reporting,0.6866883116883117,-0.0134644766997708,false
5159,reporting,0.663961038961039,-0.01413292589763182,false
5160,reporting,0.7207792207792207,-0.014323911382735033,false
5161,reporting,0.6672077922077922,-0.017188693659281884,false
5162,reporting,0.7483766233766234,-0.022154316271963292,false
5163,reporting,0.6948051948051948,-0.025019098548510366,false
5164,reporting,0.7337662337662337,-0.02492360580595887,false
5165,reporting,0.7207792207792207,-0.07056913674560727,false
5166,reporting,0.7077922077922078,-0.05996944232238344,false
5167,reporting,0.7516233766233766,-0.030653170359052795,false
5168,strong,0.7840909090909091,0.0010504201680671121,false
5169,strong,0.7938311688311688,0.0033422459893046597,false
5170,strong,0.814935064935065,0.0049656226126812975,false
5171,strong,0.7938311688311688,0.005825057295645419,false
5172,strong,0.8051948051948052,0.01165011459129106,false
5173,strong,0.7840909090909091,0.00200534759358284,false
5174,reporting,0.7743506493506493,-0.00964476699770811,false
5175,strong,0.7711038961038961,0.016711229946524186,false
5176,reporting,0.7467532467532467,-0.0007639419404125158,false
5177,strong,0.724025974025974,0.0013368983957218195,false
5178,reporting,0.663961038961039,-0.009740259740259605,false
5179,strong,0.672077922077922,0.0030557677616500634,false
5180,strong,0.6607142857142857,0.00697097020626436,false
5181,reporting,0.6477272727272727,-0.005729564553094146,false
5182,strong,0.5698051948051948,0.0011459129106186072,false
5183,strong,0.6071428571428571,0.006684491978609652,true
5184,reporting,0.44642857142857145,-0.002578304048892366,true
5185,reporting,0.30844155844155846,-0.001814362108479739,true
5186,strong,0.0,0.0,true
5187,nascent,0.16883116883116883,0.023191094619666064,false
5188,nascent,0.1737012987012987,0.021799628942486077,false
5189,nascent,0.17857142857142858,0.01994434137291279,false
5190,nascent,0.18019480519480519,0.015074211502782903,false
5191,nascent,0.2288961038961039,0.013450834879406293,false
5192,strong,0.22727272727272727,0.01437847866419295,false
5193,strong,0.22727272727272727,0.01437847866419295,false
5194,strong,0.22727272727272727,0.01437847866419295,false
5195,strong,0.22727272727272727,0.014842300556586252,false
5196,strong,0.2288961038961039,0.01484230055658628,false
5197,strong,0.22727272727272727,0.014842300556586252,false
5198,strong,0.22727272727272727,0.014842300556586252,false
5199,strong,0.22727272727272727,0.014842300556586252,false
5200,strong,0.22727272727272727,0.014842300556586252,false
5201,strong,0.3327922077922078,0.021799628942486104,false
5202,strong,0.35714285714285715,0.021335807050092748,false
5203,strong,0.36038961038961037,0.021335807050092692,false
5204,strong,0.362012987012987,0.022727272727272707,false
5205,strong,0.362012987012987,0.023191094619666064,false
5206,strong,0.36363636363636365,0.023191094619666064,false
5207,strong,0.3814935064935065,0.012059369202226278,false
5208,strong,0.38311688311688313,0.006493506493506551,false
5209,strong,0.4090909090909091,0.01391465677179965,false
5210,strong,0.38311688311688313,0.006493506493506551,false
5211,strong,0.4642857142857143,0.004406307977736501,false
5212,strong,0.44642857142857145,0.006261595547309928,false
5213,strong,0.45616883116883117,0.006029684601113139,false
5214,strong,0.45616883116883117,0.005797773654916516,false
5215,strong,0.4577922077922078,0.0030148423005565417,false
5216,strong,0.4902597402597403,0.010435992578849751,false
5217,strong,0.4707792207792208,0.009740259740259716,false
5218,strong,0.4707792207792208,0.009972170686456339,false
5219,strong,0.4837662337662338,0.002551020408163296,false
5220,strong,0.474025974025974,0.009972170686456339,false
5221,strong,0.5081168831168831,0.011363636363636409,false
5222,strong,0.5081168831168831,0.010899814471243108,false
5223,strong,0.5,0.010899814471243052,false
5224,strong,0.5081168831168831,0.010899814471243108,false
5225,strong,0.512987012987013,0.012059369202226389,false
5226,strong,0.5357142857142857,0.012291280148422956,false
5227,strong,0.5146103896103896,0.012059369202226278,false
5228,strong,0.5146103896103896,0.011595547309833032,false
5229,strong,0.538961038961039,0.011595547309833032,false
5230,strong,0.5146103896103896,0.0118274582560296,false
5231,strong,0.6006493506493507,0.01576994434137302,false
5232,strong,0.637987012987013,0.016465677179962834,false
5233,strong,0.6525974025974026,0.03944805194805201,false
5234,strong,0.6688311688311688,0.020941558441558428,false
5235,strong,0.6753246753246753,0.020779220779220786,false
5236,strong,0.7272727272727273,0.013961038961038952,false
5237,strong,0.7353896103896104,0.012337662337662314,false
5238,strong,0.7126623376623377,0.012012987012987142,false
5239,strong,0.7711038961038961,0.010876623376623207,false
5240,strong,0.7191558441558441,0.01201298701298692,false
5241,strong,0.8068181818181818,0.013474025974025916,false
5242,strong,0.7532467532467533,0.013961038961038952,false
5243,strong,0.7922077922077922,0.013798701298701421,false
5244,strong,0.8181818181818182,0.013636363636363558,false
5245,strong,0.7938311688311688,0.014448051948051877,false
5246,strong,0.8051948051948052,0.014123376623376593,false
5247,strong,0.801948051948052,0.013474025974026027,false
5248,strong,0.8084415584415584,0.012824675324675239,false
5249,strong,0.827922077922078,0.01379870129870131,false
5250,strong,0.8068181818181818,0.01396103896103884,false
5251,strong,0.810064935064935,0.013149350649350633,false
5252,strong,0.8003246753246753,0.013474025974026027,false
5253,reporting,0.788961038961039,-0.016233766233766045,false
5254,reporting,0.7646103896103896,-0.0001623376623377526,false
5255,reporting,0.7548701298701299,-0.02207792207792192,false
5256,reporting,0.7288961038961039,-0.021753246753246858,false
5257,reporting,0.676948051948052,-0.024350649350649345,false
5258,reporting,0.6688311688311688,-0.025487012987012947,false
5259,reporting,0.6672077922077922,-0.0008116883116883189,false
5260,reporting,0.6542207792207793,-0.03051948051948028,false
5261,reporting,0.573051948051948,-0.027110389610389474,false
5262,strong,0.6477272727272727,0.0051948051948051965,true
5263,strong,0.4935064935064935,0.006818181818181779,true
5264,strong,0.3474025974025974,0.0024350649350649567,true
5265,strong,0.0,0.0,true
5266,nascent,0.11525974025974026,-0.00844155844155843,false
5267,nascent,0.12175324675324675,-0.0006493506493506496,false
5268,nascent,0.16883116883116883,0.017694805194805208,false
5269,nascent,0.1672077922077922,0.004689754689754688,false
5270,nascent,0.17207792207792208,0.009018759018759065,false
5271,strong,0.17207792207792208,0.004870129870129886,false
5272,strong,0.17207792207792208,0.005050505050505083,false
5273,strong,0.1737012987012987,0.005772005772005762,false
5274,strong,0.18993506493506493,0.020382395382395363,false
5275,strong,0.17694805194805194,0.006313131313131326,false
5276,strong,0.17694805194805194,0.00901875901875901,false
5277,strong,0.18993506493506493,0.024170274170274175,false
5278,strong,0.2727272727272727,0.03823953823953821,false
5279,strong,0.30357142857142855,0.041912632821723694,false
5280,strong,0.3068181818181818,0.03202479338842973,false
5281,strong,0.30194805194805197,0.018152302243211293,false
5282,strong,0.30194805194805197,0.009740259740259716,false
5283,strong,0.30357142857142855,0.00634592680047219,false
5284,strong,0.3262987012987013,0.012544273907910297,false
5285,strong,0.32792207792207795,0.011658795749704909,false
5286,strong,0.3538961038961039,0.02624458874458868,false
5287,strong,0.32792207792207795,0.02042748917748921,false
5288,strong,0.41233766233766234,0.03111471861471865,false
5289,strong,0.39935064935064934,0.011904761904761918,false
5290,strong,0.413961038961039,0.02510822510822519,false
5291,strong,0.413961038961039,0.016233766233766267,false
5292,strong,0.4155844155844156,0.015367965367965364,false
5293,strong,0.4366883116883117,0.02586580086580087,false
5294,strong,0.4172077922077922,0.017207792207792172,false
5295,strong,0.4172077922077922,0.01601731601731604,false
5296,strong,0.4301948051948052,0.006060606060606044,false
5297,strong,0.4237012987012987,0.016774891774891776,false
5298,strong,0.45454545454545453,0.020887445887445844,false
5299,strong,0.45454545454545453,0.015367965367965308,false
5300,strong,0.44642857142857145,0.015259740259740251,false
5301,strong,0.45454545454545453,0.013744588744588782,false
5302,strong,0.4577922077922078,0.013528138528138445,false
5303,strong,0.4805194805194805,0.01980519480519477,false
5304,strong,0.4594155844155844,0.013203463203463162,false
5305,strong,0.4594155844155844,0.013528138528138445,false
5306,strong,0.4724025974025974,0.002380952380952317,false
5307,strong,0.461038961038961,0.01201298701298692,false
5308,strong,0.5438311688311688,0.00452226345083484,false
5309,reporting,0.5811688311688312,-0.008348794063079645,false
5310,reporting,0.5925324675324676,-0.006684491978609652,false
5311,reporting,0.6071428571428571,-0.015374331550802145,false
5312,reporting,0.612012987012987,-0.014323911382734922,false
5313,reporting,0.6655844155844156,-0.012509549274255183,false
5314,reporting,0.6753246753246753,-0.024828113063407153,false
5315,reporting,0.6525974025974026,-0.025496562261268174,false
5316,reporting,0.6996753246753247,-0.0354278074866311,false
5317,reporting,0.6574675324675324,-0.02692895339954171,false
5318,reporting,0.7435064935064936,-0.027024446142093095,false
5319,reporting,0.6915584415584416,-0.02826585179526353,false
5320,reporting,0.7272727272727273,-0.03141711229946531,false
5321,reporting,0.7564935064935064,-0.034854851031321576,false
5322,reporting,0.7288961038961039,-0.03886554621848726,false
5323,reporting,0.7402597402597403,-0.04201680672268915,false
5324,reporting,0.7435064935064936,-0.03953399541634839,false
5325,reporting,0.7516233766233766,-0.03886554621848748,false
5326,reporting,0.7694805194805194,-0.04048892284186423,false
5327,reporting,0.7483766233766234,-0.039629488158899995,false
5328,reporting,0.7516233766233766,-0.04192131398013754,false
5329,reporting,0.7418831168831169,-0.0402024446142093,false
5330,reporting,0.7288961038961039,-0.055099312452253524,false
5331,reporting,0.711038961038961,-0.04335370511841086,false
5332,reporting,0.7012987012987013,-0.04621848739495793,false
5333,reporting,0.672077922077922,-0.050611153552330146,false
5334,reporting,0.625,-0.04870129870129858,false
5335,reporting,0.6136363636363636,-0.05538579067990834,false
5336,reporting,0.6201298701298701,-0.03361344537815125,false
5337,reporting,0.6022727272727273,-0.05118411000763956,false
5338,reporting,0.5194805194805194,-0.04917876241405672,false
5339,reporting,0.5454545454545454,-0.05500381970970203,true
5340,reporting,0.4155844155844156,-0.033422459893048206,true
5341,reporting,0.2727272727272727,-0.03752864782276549,true
5342,strong,0.0,0.0,true
5343,nascent,0.14285714285714285,0.042613636363636354,false
5344,nascent,0.14772727272727273,0.04301948051948053,false
5345,nascent,0.1737012987012987,0.06209415584415584,false
5346,nascent,0.19967532467532467,0.08441558441558442,false
5347,nascent,0.2532467532467532,0.10957792207792205,false
5348,strong,0.2483766233766234,0.10105519480519481,false
5349,strong,0.2483766233766234,0.09780844155844157,false
5350,strong,0.2483766233766234,0.09577922077922077,false
5351,strong,0.2483766233766234,0.09577922077922077,false
5352,strong,0.25,0.09638798701298698,false
5353,strong,0.2483766233766234,0.09577922077922077,false
5354,strong,0.2483766233766234,0.09577922077922077,false
5355,strong,0.2483766233766234,0.09577922077922077,false
5356,strong,0.2483766233766234,0.09334415584415584,false
5357,strong,0.349025974025974,0.12073863636363638,false
5358,strong,0.3717532467532468,0.12418831168831171,false
5359,strong,0.375,0.12033279220779225,false
5360,strong,0.375,0.12094155844155846,false
5361,strong,0.375,0.12073863636363641,false
5362,strong,0.37662337662337664,0.12518037518037517,false
5363,strong,0.3944805194805195,0.12932900432900435,false
5364,strong,0.3961038961038961,0.12968975468975474,false
5365,strong,0.42207792207792205,0.1428571428571428,false
5366,strong,0.3961038961038961,0.1314935064935065,false
5367,strong,0.48538961038961037,0.15782828282828276,false
5368,strong,0.46266233766233766,0.14393939393939392,false
5369,strong,0.474025974025974,0.14790764790764793,false
5370,strong,0.474025974025974,0.14935064935064934,false
5371,strong,0.474025974025974,0.1518759018759019,false
5372,strong,0.4935064935064935,0.15169552669552672,false
5373,strong,0.47564935064935066,0.14015151515151525,false
5374,strong,0.47564935064935066,0.13943001443001446,false
5375,strong,0.5016233766233766,0.14285714285714285,false
5376,strong,0.4788961038961039,0.13437950937950938,false
5377,strong,0.512987012987013,0.14700577200577197,false
5378,strong,0.512987012987013,0.14430014430014426,false
5379,strong,0.5048701298701299,0.1423160173160174,false
5380,strong,0.512987012987013,0.14411976911976915,false
5381,strong,0.5162337662337663,0.14484126984126988,false
5382,strong,0.538961038961039,0.14989177489177485,false
5383,strong,0.5178571428571429,0.1415945165945166,false
5384,strong,0.5178571428571429,0.14141414141414144,false
5385,strong,0.5422077922077922,0.14303751803751813,false
5386,strong,0.5178571428571429,0.13888888888888895,false
5387,strong,0.6006493506493507,0.15836940836940844,false
5388,strong,0.637987012987013,0.1719155844155844,false
5389,strong,0.6525974025974026,0.15909090909090912,false
5390,strong,0.6688311688311688,0.14373126873126862,false
5391,strong,0.6753246753246753,0.14123376623376627,false
5392,strong,0.7288961038961039,0.14772727272727282,false
5393,strong,0.737012987012987,0.13998501498501503,false
5394,strong,0.7142857142857143,0.13299200799200805,false
5395,strong,0.7727272727272727,0.13923576423576423,false
5396,strong,0.7207792207792207,0.13224275724275725,false
5397,strong,0.8068181818181818,0.15022477522477506,false
5398,strong,0.7532467532467533,0.13898601398601396,false
5399,strong,0.7922077922077922,0.14148351648351654,false
5400,strong,0.8181818181818182,0.13561438561438555,false
5401,strong,0.7938311688311688,0.13586413586413593,false
5402,strong,0.8068181818181818,0.13686313686313678,false
5403,strong,0.8003246753246753,0.09659090909090884,false
5404,strong,0.810064935064935,0.09693877551020402,false
5405,strong,0.827922077922078,0.09392393320964754,false
5406,strong,0.8084415584415584,0.09461966604823746,false
5407,strong,0.8133116883116883,0.09531539888682761,false
5408,strong,0.8003246753246753,0.09172077922077915,false
5409,strong,0.8409090909090909,0.10807050092764392,false
5410,strong,0.7792207792207793,0.08267625231910969,false
5411,strong,0.8035714285714286,0.09346011131725429,false
5412,strong,0.7792207792207793,0.08986549165120605,false
5413,strong,0.7272727272727273,0.08441558441558439,false
5414,strong,0.724025974025974,0.08325602968460122,false
5415,strong,0.6753246753246753,0.06899350649350666,false
5416,strong,0.711038961038961,0.07397959183673475,false
5417,strong,0.6217532467532467,0.06470315398886828,false
5418,strong,0.6542207792207793,0.06331168831168843,true
5419,strong,0.4935064935064935,0.05473098330241183,true
5420,strong,0.3555194805194805,0.03791743970315398,true
5421,strong,0.0,0.0,true
5422,nascent,0.362012987012987,0.06270292207792205,false
5423,nascent,0.36688311688311687,0.05783279220779214,false
5424,nascent,0.36688311688311687,0.05495430495430481,false
5425,nascent,0.36688311688311687,0.048869234214061696,false
5426,nascent,0.3555194805194805,0.03728693181818182,false
5427,strong,0.37337662337662336,0.03185876623376621,false
5428,strong,0.375,0.03428189457601216,false
5429,strong,0.387987012987013,0.03339517625231908,false
5430,strong,0.37662337662337664,0.03817128817128812,false
5431,strong,0.44642857142857145,0.040935415935415886,false
5432,strong,0.44642857142857145,0.05032467532467538,false
5433,strong,0.45454545454545453,0.04159354159354156,false
5434,strong,0.45454545454545453,0.03957528957528961,false
5435,strong,0.45616883116883117,0.03803966303966311,false
5436,strong,0.4772727272727273,0.05036525974025963,false
5437,strong,0.461038961038961,0.05604338842975204,false
5438,strong,0.4724025974025974,0.06746031746031739,false
5439,strong,0.4724025974025974,0.05598845598845603,false
5440,strong,0.47564935064935066,0.057864357864357896,false
5441,strong,0.5097402597402597,0.060822510822510556,false
5442,strong,0.5097402597402597,0.05375180375180394,false
5443,strong,0.5016233766233766,0.050180375180375325,false
5444,strong,0.5113636363636364,0.05126262626262629,false
5445,strong,0.5146103896103896,0.05277777777777798,false
5446,strong,0.5357142857142857,0.054581529581529564,false
5447,strong,0.5162337662337663,0.05036075036075027,false
5448,strong,0.5162337662337663,0.04783549783549784,false
5449,strong,0.5405844155844156,0.048340548340548295,false
5450,strong,0.5162337662337663,0.04494949494949502,false
5451,strong,0.5941558441558441,0.05434782608695654,false
5452,strong,0.6331168831168831,0.052406832298136696,false
5453,strong,0.6477272727272727,0.050077639751553105,false
5454,strong,0.663961038961039,0.048252279635258466,false
5455,strong,0.6704545454545454,0.04797596021000272,false
5456,strong,0.724025974025974,0.054745786128764795,false
5457,strong,0.7337662337662337,0.04452196739430769,false
5458,strong,0.711038961038961,0.04400386847195348,false
5459,strong,0.7694805194805194,0.04700884222160828,false
5460,strong,0.6866883116883117,0.011329096435479524,false
5461,strong,0.7873376623376623,0.02490328820116061,false
5462,strong,0.7418831168831169,0.028978999723680676,false
5463,strong,0.7792207792207793,0.02663028460900796,false
5464,strong,0.8116883116883117,0.03346919038408391,false
5465,strong,0.7905844155844156,0.032882011605415706,false
5466,strong,0.801948051948052,0.02973887814313314,false
5467,strong,0.7938311688311688,0.025110527770102253,false
5468,strong,0.801948051948052,0.02317629179331293,false
5469,strong,0.8246753246753247,0.02549046697982882,false
5470,strong,0.8068181818181818,0.03067145620337075,false
5471,strong,0.8035714285714286,0.023590770931196547,false
5472,strong,0.7954545454545454,0.030607413419913576,false
5473,strong,0.8311688311688312,0.05620941558441539,false
5474,strong,0.775974025974026,0.027191558441558406,false
5475,strong,0.8035714285714286,0.06060606060606044,false
5476,strong,0.7743506493506493,0.055634469696969835,false
5477,strong,0.7159090909090909,0.046875,false
5478,strong,0.7224025974025974,0.05306412337662325,false
5479,strong,0.6737012987012987,0.02631222943722966,false
5480,strong,0.711038961038961,0.0437973484848484,false
5481,strong,0.6217532467532467,0.0366950757575758,false
5482,strong,0.6525974025974026,0.035511363636363646,true
5483,strong,0.4935064935064935,0.029964826839826764,true
5484,strong,0.3555194805194805,0.025331439393939337,true
5485,strong,0.0,0.0,true
5486,nascent,0.3181818181818182,-0.02656434474616287,false
5487,nascent,0.3181818181818182,-0.02361275088547815,false
5488,nascent,0.3198051948051948,-0.02641676505312862,false
5489,nascent,0.3392857142857143,-0.020539243365330306,false
5490,nascent,0.3457792207792208,-0.013595779220779203,false
5491,reporting,0.375,-0.009537337662337608,false
5492,strong,0.362012987012987,0.00027056277056275446,false
5493,strong,0.43993506493506496,0.0011498917748918314,false
5494,strong,0.4318181818181818,0.006899350649350766,false
5495,reporting,0.44155844155844154,-6.76406926407025e-5,false
5496,reporting,0.43993506493506496,-0.0014880952380952328,false
5497,strong,0.43993506493506496,0.011301198801198786,false
5498,strong,0.4594155844155844,0.013736263736263798,false
5499,strong,0.44642857142857145,0.02338864838864846,false
5500,strong,0.44642857142857145,0.02128427128427135,false
5501,strong,0.4707792207792208,0.02074314574314573,false
5502,strong,0.44805194805194803,0.03017241379310348,false
5503,strong,0.48214285714285715,0.0427489177489177,false
5504,strong,0.4837662337662338,0.042207792207792194,false
5505,strong,0.47564935064935066,0.051440746753246835,false
5506,strong,0.4837662337662338,0.043526785714285754,false
5507,strong,0.487012987012987,0.04673356946084212,false
5508,strong,0.5097402597402597,0.0504230617866982,false
5509,strong,0.48863636363636365,0.04338842975206619,false
5510,strong,0.48863636363636365,0.04146989374262111,false
5511,strong,0.512987012987013,0.04102715466351825,false
5512,strong,0.48863636363636365,0.04019086973632435,false
5513,strong,0.5714285714285714,0.05430932703659985,false
5514,strong,0.6103896103896104,0.05529319165682789,false
5515,strong,0.6444805194805194,0.07192050373868564,false
5516,strong,0.672077922077922,0.082939787485242,false
5517,strong,0.676948051948052,0.08303817394726476,false
5518,strong,0.7305194805194806,0.08953168044077142,false
5519,strong,0.7386363636363636,0.0846615505706414,false
5520,strong,0.7159090909090909,0.0844155844155845,false
5521,strong,0.775974025974026,0.08697363242817802,false
5522,strong,0.7207792207792207,0.08412042502951578,false
5523,strong,0.801948051948052,0.08648170011806378,false
5524,strong,0.7467532467532467,0.07767611176702083,false
5525,strong,0.7873376623376623,0.08072609208972836,false
5526,strong,0.8165584415584416,0.08559622195985861,false
5527,strong,0.7922077922077922,0.08333333333333337,false
5528,strong,0.8035714285714286,0.08362849271940187,false
5529,strong,0.8003246753246753,0.07993900039354584,false
5530,strong,0.8068181818181818,0.07841401023219197,false
5531,strong,0.8262987012987013,0.07802046438410093,false
5532,strong,0.8051948051948052,0.07934868162140873,false
5533,strong,0.8084415584415584,0.08003738685556883,false
5534,strong,0.8003246753246753,0.07998819362455711,false
5535,strong,0.836038961038961,0.10733963006690261,false
5536,strong,0.7808441558441559,0.06970680834317178,false
5537,strong,0.8051948051948052,0.09410665092483272,false
5538,strong,0.775974025974026,0.08662927981109803,false
5539,strong,0.7256493506493507,0.0673947264856356,false
5540,strong,0.7175324675324676,0.06124557260920893,false
5541,strong,0.6737012987012987,0.06316410861865418,false
5542,strong,0.7077922077922078,0.057802046438410026,false
5543,strong,0.6217532467532467,0.05327626918535999,false
5544,strong,0.6542207792207793,0.051898858717040475,true
5545,strong,0.49188311688311687,0.046143250688705284,true
5546,strong,0.35064935064935066,0.030745769382133026,true
5547,strong,0.0,0.0,true
5548,nascent,0.1038961038961039,-0.030303030303030304,false
5549,nascent,0.10876623376623376,-0.021645021645021634,false
5550,nascent,0.11363636363636363,-0.016639610389610385,false
5551,nascent,0.11525974025974026,-0.027922077922077904,false
5552,nascent,0.16883116883116883,-0.005681818181818177,false
5553,reporting,0.17694805194805194,-0.004058441558441539,false
5554,strong,0.21428571428571427,0.02299783549783549,false
5555,strong,0.21428571428571427,0.016774891774891748,false
5556,strong,0.21428571428571427,0.01650432900432902,false
5557,strong,0.2159090909090909,0.017045454545454558,false
5558,strong,0.21428571428571427,0.01650432900432902,false
5559,strong,0.23376623376623376,0.03273809523809523,false
5560,strong,0.2435064935064935,0.040854978354978366,false
5561,strong,0.2435064935064935,0.04004329004329005,false
5562,strong,0.35064935064935066,0.06060606060606061,false
5563,strong,0.37337662337662336,0.06655844155844154,false
5564,strong,0.37662337662337664,0.06791125541125548,false
5565,strong,0.37662337662337664,0.06304112554112556,false
5566,strong,0.37662337662337664,0.06277056277056281,false
5567,strong,0.3782467532467532,0.06331168831168832,false
5568,strong,0.3961038961038961,0.06304112554112551,false
5569,strong,0.3977272727272727,0.06331168831168826,false
5570,strong,0.4253246753246753,0.07115800865800864,false
5571,strong,0.39935064935064934,0.062229437229437246,false
5572,strong,0.48538961038961037,0.08360389610389601,false
5573,strong,0.46266233766233766,0.07007575757575751,false
5574,strong,0.4724025974025974,0.07034632034632038,false
5575,strong,0.4724025974025974,0.07061688311688313,false
5576,strong,0.4724025974025974,0.0692640692640692,false
5577,strong,0.49188311688311687,0.0760281385281385,false
5578,strong,0.474025974025974,0.0692640692640693,false
5579,strong,0.4788961038961039,0.07332251082251079,false
5580,strong,0.5048701298701299,0.07656926406926406,false
5581,strong,0.48214285714285715,0.06466450216450215,false
5582,strong,0.5162337662337663,0.07251082251082258,false
5583,strong,0.5162337662337663,0.06737012987012986,false
5584,strong,0.5081168831168831,0.06682900432900435,false
5585,strong,0.5162337662337663,0.06601731601731603,false
5586,strong,0.5194805194805194,0.06764069264069256,false
5587,strong,0.538961038961039,0.06845238095238104,false
5588,strong,0.5178571428571429,0.06277056277056287,false
5589,strong,0.5178571428571429,0.062229437229437246,false
5590,strong,0.5422077922077922,0.06358225108225113,false
5591,strong,0.5178571428571429,0.06087662337662342,false
5592,strong,0.6006493506493507,0.08116883116883111,false
5593,strong,0.6412337662337663,0.08414502164502169,false
5594,strong,0.6558441558441559,0.08225108225108235,false
5595,strong,0.672077922077922,0.08306277056277056,false
5596,strong,0.6785714285714286,0.08441558441558439,false
5597,strong,0.7321428571428571,0.09199134199134196,false
5598,strong,0.7386363636363636,0.0803571428571429,false
5599,strong,0.7159090909090909,0.07900432900432908,false
5600,strong,0.7743506493506493,0.08062770562770549,false
5601,strong,0.7224025974025974,0.0803571428571428,false
5602,strong,0.810064935064935,0.09090909090909083,false
5603,strong,0.7564935064935064,0.08901515151515138,false
5604,strong,0.7954545454545454,0.09090909090909083,false
5605,strong,0.8214285714285714,0.0938852813852813,false
5606,strong,0.797077922077922,0.09009740259740273,false
5607,strong,0.810064935064935,0.09253246753246747,false
5608,strong,0.8035714285714286,0.08793290043290047,false
5609,strong,0.8133116883116883,0.09172077922077926,false
5610,strong,0.8327922077922078,0.09117965367965375,false
5611,strong,0.810064935064935,0.09063852813852802,false
5612,strong,0.814935064935065,0.09090909090909083,false
5613,strong,0.8051948051948052,0.09117965367965375,false
5614,strong,0.8409090909090909,0.10389610389610393,false
5615,strong,0.7824675324675324,0.09307359307359298,false
5616,strong,0.8068181818181818,0.10362554112554101,false
5617,strong,0.7792207792207793,0.10389610389610382,false
5618,strong,0.7272727272727273,0.09794372294372289,false
5619,strong,0.724025974025974,0.09902597402597402,false
5620,strong,0.6753246753246753,0.08306277056277056,false
5621,strong,0.711038961038961,0.10308441558441561,false
5622,strong,0.6217532467532467,0.08766233766233766,false
5623,strong,0.6542207792207793,0.09307359307359309,true
5624,strong,0.4935064935064935,0.0800865800865801,true
5625,strong,0.3555194805194805,0.05330086580086579,true
5626,strong,0.0,0.0,true
5627,nascent,0.5275974025974026,-0.03506493506493502,false
5628,nascent,0.6428571428571429,0.0230519480519481,false
5629,nascent,0.6314935064935064,-0.0012987012987013546,false
5630,nascent,0.7061688311688312,0.02759740259740262,false
5631,nascent,0.7288961038961039,0.02110389610389618,false
5632,strong,0.7061688311688312,0.01753246753246751,false
5633,strong,0.762987012987013,0.023376623376623273,false
5634,strong,0.7159090909090909,0.021428571428571463,false
5635,strong,0.8003246753246753,0.026298701298701266,false
5636,strong,0.7451298701298701,0.020779220779220786,false
5637,strong,0.7840909090909091,0.02012987012987011,false
5638,strong,0.810064935064935,0.018831168831168865,false
5639,strong,0.7857142857142857,0.01850649350649347,false
5640,strong,0.8003246753246753,0.019805194805194826,false
5641,strong,0.8003246753246753,0.028246753246753187,false
5642,strong,0.8051948051948052,0.02207792207792214,false
5643,strong,0.8262987012987013,0.02922077922077926,false
5644,strong,0.801948051948052,0.026948051948051943,false
5645,strong,0.810064935064935,0.030519480519480502,false
5646,strong,0.797077922077922,0.029870129870129825,false
5647,strong,0.836038961038961,0.053896103896103886,false
5648,strong,0.762987012987013,0.02857142857142858,false
5649,strong,0.797077922077922,0.04123376623376629,false
5650,strong,0.7743506493506493,0.04415584415584417,false
5651,strong,0.7272727272727273,0.049350649350649256,false
5652,strong,0.724025974025974,0.047402597402597335,false
5653,strong,0.6753246753246753,0.028896103896103975,false
5654,strong,0.7094155844155844,0.051948051948051965,false
5655,strong,0.6217532467532467,0.04610389610389609,false
5656,strong,0.6542207792207793,0.05259740259740264,true
5657,strong,0.4935064935064935,0.039610389610389596,true
5658,strong,0.3555194805194805,0.03116883116883118,true
5659,strong,0.0,0.0,true
5660,nascent,0.1461038961038961,0.03066378066378067,false
5661,nascent,0.1525974025974026,0.033008658008658,false
5662,nascent,0.15746753246753248,0.03376623376623379,false
5663,nascent,0.15746753246753248,0.03506493506493508,false
5664,nascent,0.18344155844155843,0.03230519480519481,false
5665,strong,0.18181818181818182,0.019300144300144317,false
5666,strong,0.18181818181818182,0.01875901875901881,false
5667,strong,0.18181818181818182,0.01461038961038963,false
5668,strong,0.20616883116883117,0.03914141414141417,false
5669,strong,0.2077922077922078,0.03986291486291488,false
5670,strong,0.20616883116883117,0.0366161616161616,false
5671,strong,0.20616883116883117,0.03553391053391056,false
5672,strong,0.20616883116883117,0.03823953823953824,false
5673,strong,0.20616883116883117,0.040404040404040414,false
5674,strong,0.2792207792207792,0.04473304473304471,false
5675,strong,0.30194805194805197,0.04028925619834711,false
5676,strong,0.32792207792207795,0.053128689492325853,false
5677,strong,0.32792207792207795,0.044126328217237276,false
5678,strong,0.32792207792207795,0.0357142857142857,false
5679,strong,0.3327922077922078,0.03556670602125145,false
5680,strong,0.349025974025974,0.035271546635183004,false
5681,strong,0.3522727272727273,0.036009445100354254,false
5682,strong,0.3782467532467532,0.050595238095238027,false
5683,strong,0.35064935064935066,0.04315476190476192,false
5684,strong,0.41883116883116883,0.037608225108225146,false
5685,strong,0.43993506493506496,0.05248917748917753,false
5686,strong,0.4642857142857143,0.07543290043290052,false
5687,strong,0.4642857142857143,0.0665584415584416,false
5688,strong,0.46266233766233766,0.062445887445887416,false
5689,strong,0.4805194805194805,0.0696969696969697,false
5690,strong,0.46266233766233766,0.06266233766233764,false
5691,strong,0.4659090909090909,0.06471861471861473,false
5692,strong,0.49512987012987014,0.070995670995671,false
5693,strong,0.4724025974025974,0.06547619047619047,false
5694,strong,0.5064935064935064,0.07283549783549775,false
5695,strong,0.5064935064935064,0.06731601731601722,false
5696,strong,0.49837662337662336,0.06720779220779216,false
5697,strong,0.5064935064935064,0.06569264069264069,false
5698,strong,0.5146103896103896,0.07034632034632027,false
5699,strong,0.5373376623376623,0.0766233766233766,false
5700,strong,0.5162337662337663,0.07002164502164504,false
5701,strong,0.5162337662337663,0.07034632034632032,false
5702,strong,0.5405844155844156,0.07056277056277055,false
5703,strong,0.5227272727272727,0.0737012987012986,false
5704,strong,0.6055194805194806,0.06621057513914663,false
5705,strong,0.6428571428571429,0.053339517625232036,false
5706,strong,0.6574675324675324,0.05825057295645519,false
5707,strong,0.6737012987012987,0.05118411000763945,false
5708,strong,0.6785714285714286,0.05223453017570667,false
5709,strong,0.7256493506493507,0.04755538579067986,false
5710,strong,0.737012987012987,0.03686019862490453,false
5711,strong,0.7126623376623377,0.03456837280366687,false
5712,strong,0.7727272727272727,0.03762414056531693,false
5713,strong,0.7207792207792207,0.03638273491214661,false
5714,strong,0.8051948051948052,0.034663865546218586,false
5715,strong,0.7272727272727273,0.007448433919022168,false
5716,strong,0.7662337662337663,0.007543926661573663,false
5717,strong,0.8181818181818182,0.026833460656990216,false
5718,strong,0.7938311688311688,0.02606951871657759,false
5719,strong,0.8068181818181818,0.024541634835752335,false
5720,strong,0.8035714285714286,0.020530939648586655,false
5721,strong,0.810064935064935,0.019576012223070927,false
5722,strong,0.8311688311688312,0.021199388846447564,false
5723,strong,0.8051948051948052,0.017188693659281884,false
5724,strong,0.8133116883116883,0.01976699770817414,false
5725,strong,0.8003246753246753,0.018239113827349107,false
5726,strong,0.8392857142857143,0.05529029793735685,false
5727,strong,0.7792207792207793,0.024828113063407375,false
5728,strong,0.801948051948052,0.054430863254392725,false
5729,strong,0.7775974025974026,0.05490832696715042,false
5730,strong,0.7256493506493507,0.051948051948052076,false
5731,strong,0.724025974025974,0.05500381970970203,false
5732,strong,0.6753246753246753,0.02158135981665399,false
5733,strong,0.711038961038961,0.05758212375859417,false
5734,strong,0.6217532467532467,0.05309396485867057,false
5735,strong,0.6525974025974026,0.05213903743315518,true
5736,strong,0.49188311688311687,0.04287624140565305,true
5737,strong,0.3555194805194805,0.04526355996944231,true
5738,strong,0.0,0.0,true
5739,nascent,0.3392857142857143,0.02127183161665913,false
5740,nascent,0.3409090909090909,0.022676542207792194,false
5741,nascent,0.3587662337662338,0.017248376623376638,false
5742,nascent,0.36038961038961037,0.019671504965622533,false
5743,nascent,0.3587662337662338,0.004174397031539878,false
5744,strong,0.3587662337662338,0.02031414531414527,false
5745,strong,0.4448051948051948,0.03931203931203925,false
5746,strong,0.43344155844155846,0.03733766233766239,false
5747,strong,0.44155844155844154,0.02860652860652857,false
5748,strong,0.44155844155844154,0.026588276588276616,false
5749,strong,0.4431818181818182,0.025052650052650116,false
5750,strong,0.4642857142857143,0.037378246753246636,false
5751,strong,0.4431818181818182,0.03818624557260919,false
5752,strong,0.4448051948051948,0.03986291486291482,false
5753,strong,0.4577922077922078,0.04137806637806646,false
5754,strong,0.44805194805194803,0.030266955266955275,false
5755,strong,0.4805194805194805,0.03160173160173135,false
5756,strong,0.4805194805194805,0.024531024531024737,false
5757,strong,0.4724025974025974,0.020959595959596067,false
5758,strong,0.4805194805194805,0.020418470418470447,false
5759,strong,0.5032467532467533,0.041414141414141625,false
5760,strong,0.5357142857142857,0.054581529581529564,false
5761,strong,0.5146103896103896,0.048737373737373635,false
5762,strong,0.5146103896103896,0.046212121212121204,false
5763,strong,0.538961038961039,0.04671717171717166,false
5764,strong,0.5146103896103896,0.04332611832611838,false
5765,strong,0.5941558441558441,0.05434782608695654,false
5766,strong,0.6314935064935064,0.05078345567476006,false
5767,strong,0.6461038961038961,0.04845426312817647,false
5768,strong,0.6672077922077922,0.05149903288201174,false
5769,strong,0.6704545454545454,0.04797596021000272,false
5770,strong,0.7256493506493507,0.05636916275214143,false
5771,strong,0.7353896103896104,0.04614534401768433,false
5772,strong,0.7126623376623377,0.045627245095330116,false
5773,strong,0.7727272727272727,0.05025559546836156,false
5774,strong,0.7207792207792207,0.045420005526388585,false
5775,strong,0.8068181818181818,0.04438380768168004,false
5776,strong,0.7532467532467533,0.04034263608731703,false
5777,strong,0.7922077922077922,0.03961729759602095,false
5778,strong,0.8181818181818182,0.039962696877590465,false
5779,strong,0.7938311688311688,0.03612876485216887,false
5780,strong,0.8051948051948052,0.032985631389886416,false
5781,strong,0.8003246753246753,0.031604034263608805,false
5782,strong,0.8084415584415584,0.02966979828681937,false
5783,strong,0.8311688311688312,0.03198397347333537,false
5784,strong,0.8068181818181818,0.03067145620337075,false
5785,strong,0.8133116883116883,0.03333103067145626,false
5786,strong,0.8003246753246753,0.03547754329004349,false
5787,strong,0.8392857142857143,0.06432629870129847,false
5788,strong,0.7792207792207793,0.03043831168831168,false
5789,strong,0.8035714285714286,0.06060606060606044,false
5790,strong,0.7792207792207793,0.06050459956709975,false
5791,strong,0.7272727272727273,0.058238636363636354,false
5792,strong,0.724025974025974,0.05468749999999989,false
5793,strong,0.6753246753246753,0.0279356060606063,false
5794,strong,0.711038961038961,0.0437973484848484,false
5795,strong,0.6217532467532467,0.0366950757575758,false
5796,strong,0.6542207792207793,0.037134740259740284,true
5797,strong,0.4935064935064935,0.029964826839826764,true
5798,strong,0.3555194805194805,0.025331439393939337,true
5799,strong,0.0,0.0,true
5800,nascent,0.13474025974025974,-0.008441558441558417,false
5801,self_exclusion,0.1590909090909091,-0.01542207792207792,false
5802,self_exclusion,0.1590909090909091,-0.021915584415584388,false
5803,self_exclusion,0.1590909090909091,-0.032196969696969696,false
5804,self_exclusion,0.1590909090909091,-0.03841991341991344,false
5805,self_exclusion,0.1590909090909091,-0.038690476190476164,false
5806,self_exclusion,0.1590909090909091,-0.039772727272727265,false
5807,self_exclusion,0.1590909090909091,-0.038690476190476164,false
5808,self_exclusion,0.1590909090909091,-0.04193722943722944,false
5809,self_exclusion,0.1590909090909091,-0.04356060606060605,false
5810,self_exclusion,0.1590909090909091,-0.04437229437229437,false
5811,self_exclusion,0.25,-0.04004329004329005,false
5812,self_exclusion,0.28733766233766234,-0.019480519480519487,false
5813,self_exclusion,0.28733766233766234,-0.021374458874458824,false
5814,self_exclusion,0.28733766233766234,-0.026244588744588737,false
5815,self_exclusion,0.28733766233766234,-0.02651515151515149,false
5816,self_exclusion,0.28733766233766234,-0.027597402597402565,false
5817,self_exclusion,0.3068181818181818,-0.026244588744588793,false
5818,self_exclusion,0.30844155844155846,-0.025974025974025983,false
5819,self_exclusion,0.32142857142857145,-0.03273809523809523,false
5820,self_exclusion,0.30844155844155846,-0.02867965367965364,false
5821,self_exclusion,0.3392857142857143,-0.06250000000000006,false
5822,self_exclusion,0.3457792207792208,-0.04680735930735935,false
5823,self_exclusion,0.3555194805194805,-0.04653679653679649,false
5824,self_exclusion,0.3538961038961039,-0.04788961038961037,false
5825,self_exclusion,0.3555194805194805,-0.04761904761904767,false
5826,self_exclusion,0.35714285714285715,-0.058712121212121215,false
5827,self_exclusion,0.35714285714285715,-0.04761904761904756,false
5828,self_exclusion,0.35714285714285715,-0.048430735930735935,false
5829,self_exclusion,0.37012987012987014,-0.05817099567099571,false
5830,self_exclusion,0.36038961038961037,-0.05708874458874463,false
5831,self_exclusion,0.3652597402597403,-0.0784632034632034,false
5832,self_exclusion,0.387987012987013,-0.06087662337662342,false
5833,self_exclusion,0.37987012987012986,-0.06141774891774887,false
5834,self_exclusion,0.387987012987013,-0.062229437229437246,false
5835,self_exclusion,0.3847402597402597,-0.06709956709956716,false
5836,self_exclusion,0.3944805194805195,-0.07602813852813844,false
5837,self_exclusion,0.39285714285714285,-0.06222943722943719,false
5838,self_exclusion,0.39285714285714285,-0.06277056277056281,false
5839,reporting,0.42045454545454547,-0.05817099567099565,false
5840,self_exclusion,0.3977272727272727,-0.05925324675324678,false
5841,reporting,0.4318181818181818,-0.08766233766233772,false
5842,reporting,0.48863636363636365,-0.06845238095238093,false
5843,reporting,0.5032467532467533,-0.07034632034632027,false
5844,reporting,0.5178571428571429,-0.07115800865800859,false
5845,reporting,0.5227272727272727,-0.07142857142857151,false
5846,reporting,0.5503246753246753,-0.08982683982683981,false
5847,reporting,0.5795454545454546,-0.07873376623376616,false
5848,reporting,0.5535714285714286,-0.08333333333333326,false
5849,reporting,0.6136363636363636,-0.0800865800865802,false
5850,reporting,0.5584415584415584,-0.08360389610389618,false
5851,reporting,0.6233766233766234,-0.09577922077922085,false
5852,reporting,0.5698051948051948,-0.0976731601731603,false
5853,reporting,0.6055194805194806,-0.09902597402597402,false
5854,reporting,0.6298701298701299,-0.09767316017316019,false
5855,reporting,0.6055194805194806,-0.10146103896103875,false
5856,reporting,0.6168831168831169,-0.10064935064935066,false
5857,reporting,0.6136363636363636,-0.10200216450216448,false
5858,reporting,0.6217532467532467,-0.09983766233766234,false
5859,reporting,0.6396103896103896,-0.10200216450216437,false
5860,reporting,0.6201298701298701,-0.09929653679653694,false
5861,reporting,0.6217532467532467,-0.1022727272727274,false
5862,reporting,0.6201298701298701,-0.0938852813852814,false
5863,reporting,0.6087662337662337,-0.12824675324675328,false
5864,reporting,0.5974025974025974,-0.09199134199134207,false
5865,reporting,0.573051948051948,-0.13014069264069272,false
5866,reporting,0.547077922077922,-0.1282467532467534,false
5867,reporting,0.49512987012987014,-0.13419913419913426,false
5868,reporting,0.4935064935064935,-0.1314935064935065,false
5869,reporting,0.48538961038961037,-0.1068722943722944,false
5870,reporting,0.4724025974025974,-0.13555194805194803,false
5871,reporting,0.4237012987012987,-0.11038961038961037,false
5872,reporting,0.4366883116883117,-0.12445887445887449,true
5873,self_exclusion,0.3003246753246753,-0.11309523809523808,true
5874,self_exclusion,0.20941558441558442,-0.0928030303030303,true
5875,self_exclusion,0.0,0.0,true
5876,nascent,0.11363636363636363,-0.016639610389610385,false
5877,nascent,0.1461038961038961,0.002922077922077937,false
5878,nascent,0.18668831168831168,0.012175324675324672,false
5879,nascent,0.19967532467532467,0.018668831168831196,false
5880,nascent,0.19967532467532467,0.008387445887445888,false
5881,strong,0.237012987012987,0.03950216450216448,false
5882,strong,0.237012987012987,0.039231601731601756,false
5883,strong,0.23863636363636365,0.03977272727272729,false
5884,strong,0.237012987012987,0.039231601731601756,false
5885,strong,0.237012987012987,0.03598484848484848,false
5886,strong,0.237012987012987,0.03436147186147187,false
5887,strong,0.237012987012987,0.03354978354978355,false
5888,strong,0.3392857142857143,0.049242424242424254,false
5889,strong,0.336038961038961,0.029220779220779203,false
5890,strong,0.3392857142857143,0.03057359307359314,false
5891,strong,0.3685064935064935,0.05492424242424243,false
5892,strong,0.3685064935064935,0.054653679653679677,false
5893,strong,0.37012987012987014,0.05519480519480524,false
5894,strong,0.387987012987013,0.054924242424242375,false
5895,strong,0.38961038961038963,0.055194805194805185,false
5896,strong,0.4155844155844156,0.06141774891774893,false
5897,strong,0.38961038961038963,0.05248917748917753,false
5898,strong,0.4707792207792208,0.06899350649350644,false
5899,strong,0.4594155844155844,0.06682900432900424,false
5900,strong,0.4675324675324675,0.06547619047619052,false
5901,strong,0.4675324675324675,0.06574675324675328,false
5902,strong,0.46915584415584416,0.06601731601731597,false
5903,strong,0.49188311688311687,0.0760281385281385,false
5904,strong,0.4724025974025974,0.06764069264069267,false
5905,strong,0.4724025974025974,0.0668290043290043,false
5906,strong,0.5,0.07169913419913415,false
5907,strong,0.4772727272727273,0.05979437229437229,false
5908,strong,0.5113636363636364,0.06764069264069267,false
5909,strong,0.512987012987013,0.06412337662337658,false
5910,strong,0.5048701298701299,0.06358225108225118,false
5911,strong,0.5113636363636364,0.06114718614718612,false
5912,strong,0.5146103896103896,0.06277056277056275,false
5913,strong,0.5405844155844156,0.07007575757575768,false
5914,strong,0.5162337662337663,0.06114718614718623,false
5915,strong,0.5162337662337663,0.06060606060606061,false
5916,strong,0.5422077922077922,0.06358225108225113,false
5917,strong,0.5178571428571429,0.06087662337662342,false
5918,strong,0.6038961038961039,0.08441558441558439,false
5919,strong,0.6396103896103896,0.08252164502164505,false
5920,strong,0.6542207792207793,0.08062770562770571,false
5921,strong,0.6688311688311688,0.07981601731601728,false
5922,strong,0.6737012987012987,0.07954545454545447,false
5923,strong,0.7321428571428571,0.09199134199134196,false
5924,strong,0.737012987012987,0.07873376623376627,false
5925,strong,0.7159090909090909,0.07900432900432908,false
5926,strong,0.7711038961038961,0.07738095238095222,false
5927,strong,0.7175324675324676,0.07548701298701299,false
5928,strong,0.8035714285714286,0.08441558441558439,false
5929,strong,0.7532467532467533,0.08576839826839822,false
5930,strong,0.7922077922077922,0.08766233766233766,false
5931,strong,0.8181818181818182,0.09063852813852813,false
5932,strong,0.7938311688311688,0.08685064935064946,false
5933,strong,0.801948051948052,0.08441558441558439,false
5934,strong,0.801948051948052,0.08630952380952384,false
5935,strong,0.8068181818181818,0.08522727272727271,false
5936,strong,0.8311688311688312,0.08955627705627722,false
5937,strong,0.8068181818181818,0.08739177489177474,false
5938,strong,0.8133116883116883,0.08928571428571419,false
5939,strong,0.801948051948052,0.08793290043290047,false
5940,strong,0.8392857142857143,0.10227272727272729,false
5941,strong,0.7792207792207793,0.08982683982683981,false
5942,strong,0.801948051948052,0.09875541125541121,false
5943,strong,0.7775974025974026,0.10227272727272718,false
5944,strong,0.7272727272727273,0.09794372294372289,false
5945,strong,0.724025974025974,0.09902597402597402,false
5946,strong,0.6704545454545454,0.07819264069264065,false
5947,strong,0.6996753246753247,0.09172077922077926,false
5948,strong,0.6217532467532467,0.08766233766233766,false
5949,strong,0.6542207792207793,0.09307359307359309,true
5950,strong,0.4935064935064935,0.0800865800865801,true
5951,strong,0.3555194805194805,0.05330086580086579,true
5952,strong,0.0,0.0,true
5953,nascent,0.18993506493506493,-0.07172373081463992,false
5954,nascent,0.23214285714285715,-0.042650531286894944,false
5955,nascent,0.2775974025974026,-0.006198347107438051,false
5956,nascent,0.2775974025974026,-0.01461038961038963,false
5957,nascent,0.2792207792207792,-0.018004722550177155,false
5958,reporting,0.3003246753246753,-0.013429752066115686,false
5959,reporting,0.30194805194805197,-0.014315230224321074,false
5960,strong,0.3474025974025974,0.019751082251082186,false
5961,strong,0.33116883116883117,0.02367424242424243,false
5962,strong,0.4383116883116883,0.05708874458874463,false
5963,strong,0.43344155844155846,0.045995670995671034,false
5964,strong,0.44642857142857145,0.05757575757575767,false
5965,strong,0.44642857142857145,0.048701298701298745,false
5966,strong,0.44642857142857145,0.046212121212121204,false
5967,strong,0.461038961038961,0.050216450216450215,false
5968,strong,0.44155844155844154,0.04155844155844152,false
5969,strong,0.44155844155844154,0.040367965367965386,false
5970,strong,0.4675324675324675,0.04339826839826838,false
5971,strong,0.4448051948051948,0.0378787878787879,false
5972,strong,0.45292207792207795,0.01926406926406926,false
5973,strong,0.4594155844155844,0.020238095238095166,false
5974,strong,0.4512987012987013,0.02012987012987011,false
5975,strong,0.4594155844155844,0.01861471861471864,false
5976,strong,0.46266233766233766,0.018398268398268303,false
5977,strong,0.48538961038961037,0.024675324675324628,false
5978,strong,0.4577922077922078,0.01158008658008658,false
5979,strong,0.4577922077922078,0.011904761904761862,false
5980,strong,0.48214285714285715,0.012121212121212088,false
5981,strong,0.4594155844155844,0.010389610389610282,false
5982,reporting,0.5162337662337663,-0.02307513914656767,false
5983,reporting,0.5681818181818182,-0.021335807050092637,false
5984,strong,0.6185064935064936,0.01928953399541633,false
5985,strong,0.6347402597402597,0.012223071046600475,false
5986,strong,0.6363636363636364,0.010026737967914423,false
5987,strong,0.6915584415584416,0.0134644766997708,false
5988,reporting,0.6996753246753247,-0.0004774637127578085,false
5989,reporting,0.676948051948052,-0.0011459129106188293,false
5990,reporting,0.7337662337662337,-0.0013368983957220415,false
5991,strong,0.6931818181818182,0.008785332314744099,false
5992,strong,0.7775974025974026,0.007066462948815966,false
5993,strong,0.724025974025974,0.004201680672268893,false
5994,strong,0.7613636363636364,0.00267379679144375,false
5995,strong,0.7922077922077922,0.000859434682964233,false
5996,strong,0.7678571428571429,9.549274255171714e-5,false
5997,strong,0.7824675324675324,0.00019098548510299018,false
5998,strong,0.7905844155844156,0.007543926661573663,false
5999,strong,0.797077922077922,0.006588999236057935,false
6000,strong,0.814935064935065,0.0049656226126812975,false
6001,strong,0.7954545454545454,0.007448433919022057,false
6002,strong,0.7987012987012987,0.00515660809778451,false
6003,strong,0.788961038961039,0.006875477463712754,false
6004,reporting,0.7775974025974026,-0.006398013750954834,false
6005,strong,0.7662337662337663,0.011841100076394384,false
6006,reporting,0.7435064935064936,-0.00401069518716568,false
6007,reporting,0.7142857142857143,-0.008403361344537896,false
6008,reporting,0.6672077922077922,-0.006493506493506329,false
6009,reporting,0.6574675324675324,-0.011554621848739566,false
6010,reporting,0.6461038961038961,-0.007639419404125269,false
6011,reporting,0.6444805194805194,-0.008976317799847422,false
6012,reporting,0.560064935064935,-0.008594346829641109,false
6013,reporting,0.5844155844155844,-0.016042780748663055,true
6014,reporting,0.43506493506493504,-0.013941940412528775,true
6015,strong,0.336038961038961,0.025783040488922826,true
6016,strong,0.0,0.0,true
6017,nascent,0.560064935064935,-0.0025974025974025983,false
6018,nascent,0.650974025974026,0.03116883116883118,false
6019,nascent,0.6558441558441559,0.0230519480519481,false
6020,nascent,0.6948051948051948,0.016233766233766156,false
6021,nascent,0.7207792207792207,0.012987012987012991,false
6022,strong,0.7094155844155844,0.020779220779220675,false
6023,strong,0.7532467532467533,0.013636363636363558,false
6024,strong,0.7175324675324676,0.0230519480519481,false
6025,strong,0.7938311688311688,0.019805194805194715,false
6026,strong,0.7435064935064936,0.01915584415584426,false
6027,strong,0.7824675324675324,0.01850649350649347,false
6028,strong,0.8133116883116883,0.02207792207792214,false
6029,strong,0.788961038961039,0.021753246753246747,false
6030,strong,0.8051948051948052,0.02467532467532474,false
6031,strong,0.7727272727272727,0.0006493506493505663,false
6032,strong,0.8068181818181818,0.023701298701298668,false
6033,strong,0.8295454545454546,0.032467532467532534,false
6034,strong,0.8035714285714286,0.02857142857142858,false
6035,strong,0.8084415584415584,0.028896103896103864,false
6036,strong,0.775974025974026,0.008766233766233755,false
6037,strong,0.7938311688311688,0.011688311688311637,false
6038,strong,0.7516233766233766,0.017207792207792227,false
6039,strong,0.801948051948052,0.0461038961038962,false
6040,strong,0.7792207792207793,0.049025974025974084,false
6041,strong,0.7272727272727273,0.049350649350649256,false
6042,strong,0.724025974025974,0.047402597402597335,false
6043,strong,0.6753246753246753,0.028896103896103975,false
6044,strong,0.698051948051948,0.04058441558441561,false
6045,strong,0.6201298701298701,0.044480519480519454,false
6046,strong,0.6266233766233766,0.025000000000000022,true
6047,strong,0.4935064935064935,0.039610389610389596,true
6048,strong,0.3555194805194805,0.03116883116883118,true
6049,strong,0.0,0.0,true
6050,nascent,0.17694805194805194,0.00046382189239332905,false
6051,nascent,0.16396103896103897,0.003855519480519487,false
6052,nascent,0.16396103896103897,0.004667207792207806,false
6053,nascent,0.16396103896103897,0.005478896103896125,false
6054,nascent,0.16558441558441558,0.006696428571428548,false
6055,strong,0.16558441558441558,0.00020292207792205197,false
6056,strong,0.24512987012987014,0.010754870129870142,false
6057,strong,0.2694805194805195,0.01461038961038963,false
6058,strong,0.2694805194805195,0.010754870129870142,false
6059,reporting,0.2694805194805195,-0.025771103896103875,false
6060,reporting,0.2694805194805195,-0.02698863636363641,false
6061,reporting,0.2694805194805195,-0.02800324675324678,false
6062,reporting,0.288961038961039,-0.029761904761904767,false
6063,reporting,0.2905844155844156,-0.030122655122655106,false
6064,reporting,0.30357142857142855,-0.03481240981240985,false
6065,reporting,0.2905844155844156,-0.034632034632034625,false
6066,reporting,0.3685064935064935,-0.031204906204906235,false
6067,reporting,0.3652597402597403,-0.022366522366522312,false
6068,reporting,0.37662337662337664,-0.015151515151515138,false
6069,reporting,0.375,-0.018578643578643583,false
6070,reporting,0.375,-0.0243506493506494,false
6071,reporting,0.3847402597402597,-0.03336940836940838,false
6072,reporting,0.36038961038961037,-0.034090909090909116,false
6073,reporting,0.36038961038961037,-0.07233044733044736,false
6074,reporting,0.375,-0.0800865800865801,false
6075,reporting,0.3782467532467532,-0.06475468975468979,false
6076,reporting,0.3961038961038961,-0.06908369408369408,false
6077,reporting,0.41233766233766234,-0.05609668109668109,false
6078,reporting,0.40584415584415584,-0.06114718614718623,false
6079,reporting,0.413961038961039,-0.06277056277056275,false
6080,reporting,0.4253246753246753,-0.03928571428571437,false
6081,reporting,0.43344155844155846,-0.051136363636363646,false
6082,reporting,0.4318181818181818,-0.03652597402597396,false
6083,reporting,0.43344155844155846,-0.03620129870129868,false
6084,reporting,0.4431818181818182,-0.04805194805194812,false
6085,reporting,0.43344155844155846,-0.03701298701298705,false
6086,reporting,0.48214285714285715,-0.06298701298701298,false
6087,reporting,0.5357142857142857,-0.056655844155844126,false
6088,reporting,0.5876623376623377,-0.02402597402597406,false
6089,reporting,0.6103896103896104,-0.019967532467532467,false
6090,reporting,0.612012987012987,-0.02207792207792203,false
6091,reporting,0.6801948051948052,-0.006493506493506329,false
6092,strong,0.7191558441558441,0.01574675324675312,false
6093,strong,0.6948051948051948,0.011688311688311637,false
6094,strong,0.7435064935064936,0.0051948051948053076,false
6095,strong,0.7012987012987013,0.013149350649350633,false
6096,strong,0.7824675324675324,0.008116883116882967,false
6097,strong,0.7288961038961039,0.008441558441558472,false
6098,strong,0.7678571428571429,0.023612750885478095,false
6099,strong,0.7808441558441559,0.008854781582054438,false
6100,strong,0.7694805194805194,0.018004722550177044,false
6101,strong,0.7857142857142857,0.02080873671782779,false
6102,strong,0.7857142857142857,0.021989374262101458,false
6103,strong,0.7938311688311688,0.02125147579693032,false
6104,strong,0.7987012987012987,0.004870129870130024,false
6105,strong,0.7905844155844156,0.016824085005903155,false
6106,strong,0.7922077922077922,0.010035419126328216,false
6107,strong,0.788961038961039,0.01461038961038963,false
6108,reporting,0.775974025974026,-0.01977567886658793,false
6109,strong,0.7532467532467533,0.0005903187721369996,false
6110,reporting,0.7451298701298701,-0.02080873671782768,false
6111,reporting,0.7175324675324676,-0.023317591499409707,false
6112,reporting,0.6753246753246753,-0.016086186540731906,false
6113,reporting,0.6607142857142857,-0.029073199527744897,false
6114,strong,0.6655844155844156,0.010625737898465215,false
6115,reporting,0.6477272727272727,-0.030844155844155785,false
6116,reporting,0.564935064935065,-0.031286894923258646,false
6117,reporting,0.5909090909090909,-0.03586186540731995,true
6118,reporting,0.4366883116883117,-0.03099173553719009,true
6119,reporting,0.3003246753246753,-0.03084415584415584,true
6120,strong,0.0,0.0,true
6121,nascent,0.14772727272727273,0.03228715728715731,false
6122,nascent,0.1525974025974026,0.033008658008658,false
6123,nascent,0.15746753246753248,0.03376623376623379,false
6124,nascent,0.15746753246753248,0.03506493506493508,false
6125,nascent,0.17857142857142858,0.02743506493506495,false
6126,strong,0.17857142857142858,0.01605339105339107,false
6127,strong,0.17857142857142858,0.01551226551226556,false
6128,strong,0.17857142857142858,0.011363636363636381,false
6129,strong,0.17857142857142858,0.011544011544011579,false
6130,strong,0.18019480519480519,0.012265512265512257,false
6131,strong,0.18344155844155843,0.013888888888888867,false
6132,strong,0.18344155844155843,0.012806637806637822,false
6133,strong,0.18344155844155843,0.015512265512265505,false
6134,strong,0.18344155844155843,0.01767676767676768,false
6135,strong,0.2775974025974026,0.043109668109668126,false
6136,strong,0.3003246753246753,0.038665879574970474,false
6137,strong,0.3003246753246753,0.025531286894923233,false
6138,strong,0.3003246753246753,0.016528925619834656,false
6139,strong,0.30194805194805197,0.009740259740259716,false
6140,strong,0.30357142857142855,0.00634592680047219,false
6141,strong,0.32142857142857145,0.007674144037780439,false
6142,strong,0.32305194805194803,0.0067886658795749955,false
6143,strong,0.349025974025974,0.021374458874458824,false
6144,strong,0.3425324675324675,0.035037878787878785,false
6145,strong,0.4383116883116883,0.05708874458874463,false
6146,strong,0.44155844155844154,0.05411255411255411,false
6147,strong,0.4512987012987013,0.06244588744588753,false
6148,strong,0.45292207792207795,0.05519480519480524,false
6149,strong,0.45292207792207795,0.0527056277056277,false
6150,strong,0.4496753246753247,0.03885281385281386,false
6151,strong,0.44642857142857145,0.04642857142857143,false
6152,strong,0.44642857142857145,0.0452380952380953,false
6153,strong,0.4724025974025974,0.04826839826839824,false
6154,strong,0.4496753246753247,0.04274891774891776,false
6155,strong,0.4675324675324675,0.033874458874458835,false
6156,strong,0.4642857142857143,0.02510822510822508,false
6157,strong,0.4577922077922078,0.026623376623376604,false
6158,strong,0.4659090909090909,0.025108225108225135,false
6159,strong,0.46915584415584416,0.0248917748917748,false
6160,strong,0.47564935064935066,0.014935064935064912,false
6161,strong,0.4707792207792208,0.02456709956709957,false
6162,strong,0.46915584415584416,0.023268398268398216,false
6163,strong,0.5,0.029978354978354937,false
6164,strong,0.4788961038961039,0.02987012987012977,false
6165,strong,0.5438311688311688,0.00452226345083484,false
6166,strong,0.6006493506493507,0.011131725417439786,false
6167,strong,0.6152597402597403,0.016042780748663055,false
6168,strong,0.6298701298701299,0.007352941176470673,false
6169,strong,0.6298701298701299,0.003533231474407983,false
6170,reporting,0.6753246753246753,-0.002769289533995467,false
6171,reporting,0.6948051948051948,-0.005347593582887722,false
6172,reporting,0.6737012987012987,-0.004392666157372105,false
6173,reporting,0.7305194805194806,-0.004583651642475206,false
6174,reporting,0.6785714285714286,-0.00582505729564553,false
6175,reporting,0.7646103896103896,-0.0059205500381970255,false
6176,strong,0.7337662337662337,0.013941940412528608,false
6177,strong,0.775974025974026,0.01728418640183338,false
6178,strong,0.8068181818181818,0.015469824293353751,false
6179,strong,0.7824675324675324,0.014705882352941235,false
6180,strong,0.801948051948052,0.019671504965622533,false
6181,strong,0.797077922077922,0.014037433155080103,false
6182,strong,0.8035714285714286,0.013082505729564486,false
6183,strong,0.8262987012987013,0.01632925897631765,false
6184,strong,0.801948051948052,0.013941940412528608,false
6185,strong,0.8116883116883117,0.0181436210847975,false
6186,strong,0.7987012987012987,0.01661573720397247,false
6187,strong,0.8376623376623377,0.05366692131398021,false
6188,strong,0.775974025974026,0.0215813598166541,false
6189,strong,0.801948051948052,0.054430863254392725,false
6190,strong,0.7775974025974026,0.05490832696715042,false
6191,strong,0.7224025974025974,0.0487012987012988,false
6192,strong,0.7207792207792207,0.05175706646294875,false
6193,strong,0.672077922077922,0.018334606569900713,false
6194,strong,0.7094155844155844,0.055958747135217535,false
6195,strong,0.6201298701298701,0.051470588235293935,false
6196,strong,0.6542207792207793,0.053762414056531815,true
6197,strong,0.49188311688311687,0.04287624140565305,true
6198,strong,0.33116883116883117,0.020912910618792968,true
6199,strong,0.0,0.0,true
6200,nascent,0.33116883116883117,-0.00954927425515667,false
6201,nascent,0.3327922077922078,-0.021799628942486104,false
6202,nascent,0.33116883116883117,-0.0072832572832573494,false
6203,nascent,0.33116883116883117,-0.0743243243243244,false
6204,nascent,0.32954545454545453,-0.06655844155844154,false
6205,reporting,0.336038961038961,-0.07691295191295194,false
6206,reporting,0.3392857142857143,-0.07568445068445062,false
6207,reporting,0.3652597402597403,-0.052869427869427776,false
6208,reporting,0.37337662337662336,-0.053530844155844304,false
6209,reporting,0.37012987012987014,-0.034865702479338845,false
6210,reporting,0.3717532467532468,-0.03318903318903321,false
6211,reporting,0.38311688311688313,-0.033297258297258214,false
6212,reporting,0.38636363636363635,-0.031421356421356406,false
6213,reporting,0.4107142857142857,-0.03820346320346346,false
6214,reporting,0.42207792207792205,-0.033910533910533724,false
6215,reporting,0.41233766233766234,-0.039105339105338977,false
6216,reporting,0.42207792207792205,-0.038023088023088014,false
6217,reporting,0.4172077922077922,-0.044624819624819456,false
6218,reporting,0.4301948051948052,-0.05093795093795095,false
6219,reporting,0.4155844155844156,-0.05028860028860038,false
6220,reporting,0.38961038961038963,-0.0787878787878788,false
6221,reporting,0.413961038961039,-0.07828282828282834,false
6222,reporting,0.3912337662337662,-0.08005050505050504,false
6223,reporting,0.45454545454545453,-0.08526256352343303,false
6224,reporting,0.5032467532467533,-0.0774632975719931,false
6225,reporting,0.5162337662337663,-0.08141586674195334,false
6226,reporting,0.5698051948051948,-0.04590356452058575,false
6227,reporting,0.6006493506493507,-0.021829234595192037,false
6228,reporting,0.637987012987013,-0.03129317491019623,false
6229,reporting,0.6623376623376623,-0.026906604034263704,false
6230,reporting,0.637987012987013,-0.029048079579994557,false
6231,reporting,0.6737012987012987,-0.04877037855761246,false
6232,reporting,0.6396103896103896,-0.03574882564244253,false
6233,reporting,0.75,-0.012434374136501725,false
6234,reporting,0.6948051948051948,-0.018098922354241487,false
6235,reporting,0.7321428571428571,-0.020447637468914204,false
6236,reporting,0.7613636363636364,-0.016855484940591414,false
6237,reporting,0.737012987012987,-0.020689416966012897,false
6238,reporting,0.7548701298701299,-0.01733904393478891,false
6239,reporting,0.7532467532467533,-0.015473887814313247,false
6240,reporting,0.7613636363636364,-0.01740812379110268,false
6241,reporting,0.7792207792207793,-0.019964078474716596,false
6242,reporting,0.7581168831168831,-0.01802984249792794,false
6243,reporting,0.762987012987013,-0.016993644653219064,false
6244,reporting,0.7597402597402597,-0.005106872294372122,false
6245,reporting,0.7451298701298701,-0.029829545454545747,false
6246,reporting,0.7353896103896104,-0.013392857142857206,false
6247,reporting,0.7142857142857143,-0.02867965367965386,false
6248,reporting,0.685064935064935,-0.03365124458874447,false
6249,reporting,0.6444805194805194,-0.024553571428571508,false
6250,reporting,0.6412337662337663,-0.02810470779220786,false
6251,reporting,0.637987012987013,-0.009402056277056037,false
6252,reporting,0.6282467532467533,-0.03899485930735935,false
6253,reporting,0.5373376623376623,-0.04772050865800859,false
6254,reporting,0.5714285714285714,-0.04565746753246758,true
6255,reporting,0.4107142857142857,-0.05282738095238104,true
6256,reporting,0.275974025974026,-0.054214015151515194,true
6257,strong,0.0,0.0,true
6258,nascent,0.5974025974025974,-0.01574675324675323,false
6259,nascent,0.6444805194805194,-0.003409090909090917,false
6260,nascent,0.6461038961038961,-0.008441558441558472,false
6261,nascent,0.7126623376623377,-0.0006493506493506773,false
6262,nascent,0.7272727272727273,0.004220779220779236,false
6263,strong,0.7077922077922078,0.0071428571428572285,false
6264,strong,0.7678571428571429,0.007629870129870042,false
6265,strong,0.7207792207792207,0.013636363636363558,false
6266,strong,0.8068181818181818,0.013474025974025916,false
6267,strong,0.7532467532467533,0.013961038961038952,false
6268,strong,0.7905844155844156,0.012175324675324783,false
6269,strong,0.8181818181818182,0.013636363636363558,false
6270,strong,0.7938311688311688,0.014448051948051877,false
6271,strong,0.8035714285714286,0.012499999999999956,false
6272,strong,0.8003246753246753,0.01185064935064939,false
6273,strong,0.8084415584415584,0.012824675324675239,false
6274,strong,0.8262987012987013,0.012175324675324672,false
6275,strong,0.8051948051948052,0.012337662337662314,false
6276,strong,0.8068181818181818,0.009902597402597357,false
6277,strong,0.7987012987012987,0.01185064935064939,false
6278,reporting,0.7873376623376623,-0.017857142857142683,false
6279,reporting,0.7646103896103896,-0.0001623376623377526,false
6280,reporting,0.7548701298701299,-0.02207792207792192,false
6281,reporting,0.7272727272727273,-0.023376623376623495,false
6282,reporting,0.6785714285714286,-0.022727272727272707,false
6283,reporting,0.6688311688311688,-0.025487012987012947,false
6284,strong,0.6753246753246753,0.007305194805194759,false
6285,reporting,0.6558441558441559,-0.028896103896103642,false
6286,reporting,0.573051948051948,-0.027110389610389474,false
6287,strong,0.6461038961038961,0.0035714285714285587,true
6288,strong,0.4935064935064935,0.006818181818181779,true
6289,strong,0.3474025974025974,0.0024350649350649567,true
6290,strong,0.0,0.0,true
6291,nascent,0.13636363636363635,0.008116883116883106,false
6292,nascent,0.14123376623376624,0.009740259740259744,false
6293,nascent,0.1461038961038961,0.009740259740259716,false
6294,nascent,0.1461038961038961,0.009740259740259716,false
6295,nascent,0.16558441558441558,-0.008658008658008642,false
6296,reporting,0.16558441558441558,-0.006493506493506496,false
6297,reporting,0.16558441558441558,-0.006493506493506496,false
6298,reporting,0.16558441558441558,-0.006493506493506496,false
6299,strong,0.16558441558441558,0.03530844155844154,false
6300,strong,0.16558441558441558,0.03125,false
6301,strong,0.17045454545454544,0.031249999999999972,false
6302,strong,0.17045454545454544,0.01688311688311686,false
6303,strong,0.17045454545454544,0.01688311688311686,false
6304,strong,0.18344155844155843,0.02056277056277056,false
6305,strong,0.2775974025974026,0.06478748524203073,false
6306,strong,0.3051948051948052,0.005884740259740229,false
6307,reporting,0.30844155844155846,-0.0006087662337662669,false
6308,reporting,0.31006493506493504,-0.001863876863877012,false
6309,strong,0.3344155844155844,0.016401701746529218,false
6310,strong,0.336038961038961,0.017806412337662336,false
6311,strong,0.3555194805194805,0.014001623376623362,false
6312,strong,0.35714285714285715,0.016424751718869313,false
6313,strong,0.38311688311688313,0.028525046382189223,false
6314,strong,0.3587662337662338,0.02031414531414527,false
6315,reporting,0.400974025974026,-0.004519129519129583,false
6316,strong,0.39935064935064934,0.0032467532467532756,false
6317,reporting,0.4090909090909091,-0.0038610038610038533,false
6318,reporting,0.4090909090909091,-0.005879255879255807,false
6319,strong,0.42857142857142855,0.010442260442260487,false
6320,strong,0.4431818181818182,0.01627435064935051,false
6321,strong,0.43993506493506496,0.03493949232585597,false
6322,strong,0.44155844155844154,0.03661616161616155,false
6323,strong,0.45292207792207795,0.0365079365079366,false
6324,strong,0.4431818181818182,0.025396825396825418,false
6325,reporting,0.42857142857142855,-0.020346320346320612,false
6326,reporting,0.43993506493506496,-0.01605339105339082,false
6327,reporting,0.4318181818181818,-0.01962481962481949,false
6328,reporting,0.44155844155844154,-0.018542568542568527,false
6329,reporting,0.44642857142857145,-0.015404040404040198,false
6330,reporting,0.461038961038961,-0.020093795093795108,false
6331,strong,0.4837662337662338,0.017893217893217794,false
6332,strong,0.4837662337662338,0.015367965367965364,false
6333,strong,0.5097402597402597,0.0174963924963924,false
6334,strong,0.48214285714285715,0.0108585858585859,false
6335,reporting,0.5194805194805194,-0.02032749858836813,false
6336,reporting,0.5714285714285714,-0.009281479390174985,false
6337,reporting,0.5876623376623377,-0.009987295313381939,false
6338,reporting,0.6006493506493507,-0.015059408676429853,false
6339,reporting,0.6022727272727273,-0.0202058579718154,false
6340,reporting,0.637987012987013,-0.03129317491019623,false
6341,reporting,0.6818181818181818,-0.007426084553744272,false
6342,reporting,0.6590909090909091,-0.007944183476098488,false
6343,reporting,0.7159090909090909,-0.00656258634982021,false
6344,strong,0.6866883116883117,0.011329096435479524,false
6345,strong,0.7711038961038961,0.008669521967394345,false
6346,strong,0.7175324675324676,0.004628350373031331,false
6347,strong,0.7564935064935064,0.003903011881735141,false
6348,reporting,0.7775974025974026,-0.0006217187068251473,false
6349,strong,0.762987012987013,0.005284609008013086,false
6350,strong,0.7873376623376623,0.015128488532743511,false
6351,strong,0.7775974025974026,0.008876761536336097,false
6352,strong,0.7987012987012987,0.019929538546559655,false
6353,strong,0.8214285714285714,0.022243713733075543,false
6354,strong,0.7938311688311688,0.01768444321635776,false
6355,strong,0.8035714285714286,0.023590770931196547,false
6356,strong,0.788961038961039,0.024113906926407136,false
6357,strong,0.827922077922078,0.052962662337662114,false
6358,strong,0.7678571428571429,0.019074675324675328,false
6359,strong,0.7987012987012987,0.05573593073593053,false
6360,strong,0.7727272727272727,0.0540110930735932,false
6361,strong,0.7175324675324676,0.04849837662337664,false
6362,strong,0.724025974025974,0.05468749999999989,false
6363,strong,0.6655844155844156,0.018195346320346584,false
6364,strong,0.7012987012987013,0.03405708874458868,false
6365,strong,0.6201298701298701,0.035071699134199164,false
6366,strong,0.650974025974026,0.03388798701298701,true
6367,strong,0.49188311688311687,0.028341450216450126,true
6368,strong,0.3555194805194805,0.025331439393939337,true
6369,strong,0.0,0.0,true
6370,nascent,0.16396103896103897,0.049242424242424254,false
6371,nascent,0.17694805194805194,0.047619047619047616,false
6372,nascent,0.17694805194805194,0.047619047619047616,false
6373,nascent,0.17857142857142858,0.04653679653679654,false
6374,nascent,0.17857142857142858,2.7755575615628914e-17,false
6375,reporting,0.17857142857142858,-0.00162337662337661,false
6376,reporting,0.18344155844155843,-0.003246753246753248,false
6377,reporting,0.18344155844155843,-0.01428571428571429,false
6378,reporting,0.2792207792207792,-0.008116883116883133,false
6379,reporting,0.29545454545454547,-0.014935064935064912,false
6380,reporting,0.2987012987012987,-0.021428571428571463,false
6381,reporting,0.2987012987012987,-0.031926406926406914,false
6382,reporting,0.2987012987012987,-0.034090909090909116,false
6383,reporting,0.3003246753246753,-0.02380952380952378,false
6384,reporting,0.3181818181818182,-0.02083333333333337,false
6385,reporting,0.3198051948051948,-0.022186147186147198,false
6386,reporting,0.3457792207792208,-0.02299783549783546,false
6387,reporting,0.3181818181818182,-0.024350649350649345,false
6388,reporting,0.33766233766233766,-0.07711038961038963,false
6389,reporting,0.3409090909090909,-0.07656926406926412,false
6390,reporting,0.3522727272727273,-0.07683982683982687,false
6391,reporting,0.3522727272727273,-0.07927489177489178,false
6392,reporting,0.3522727272727273,-0.08116883116883122,false
6393,reporting,0.3555194805194805,-0.0933441558441559,false
6394,reporting,0.3538961038961039,-0.08658008658008659,false
6395,reporting,0.3555194805194805,-0.09253246753246752,false
6396,reporting,0.4042207792207792,-0.06953463203463206,false
6397,reporting,0.3814935064935065,-0.07359307359307365,false
6398,reporting,0.3977272727272727,-0.08630952380952389,false
6399,reporting,0.42857142857142855,-0.0625,false
6400,reporting,0.42045454545454547,-0.06331168831168832,false
6401,reporting,0.42694805194805197,-0.0649350649350649,false
6402,reporting,0.4301948051948052,-0.06493506493506496,false
6403,reporting,0.4366883116883117,-0.0757575757575758,false
6404,reporting,0.42857142857142855,-0.06331168831168832,false
6405,reporting,0.42857142857142855,-0.06764069264069272,false
6406,reporting,0.45616883116883117,-0.06547619047619052,false
6407,reporting,0.4318181818181818,-0.06006493506493504,false
6408,reporting,0.487012987012987,-0.07711038961038952,false
6409,reporting,0.5405844155844156,-0.06574675324675328,false
6410,reporting,0.5551948051948052,-0.06764069264069261,false
6411,reporting,0.5941558441558441,-0.04761904761904767,false
6412,reporting,0.5957792207792207,-0.04734848484848475,false
6413,reporting,0.6363636363636364,-0.059253246753246946,false
6414,reporting,0.6801948051948052,-0.031926406926407025,false
6415,reporting,0.6737012987012987,-0.018127705627705715,false
6416,reporting,0.7305194805194806,-0.02732683982683981,false
6417,reporting,0.6785714285714286,-0.02651515151515149,false
6418,reporting,0.7581168831168831,-0.031114718614718706,false
6419,reporting,0.7077922077922078,-0.02867965367965364,false
6420,reporting,0.7532467532467533,-0.024080086580086646,false
6421,reporting,0.7840909090909091,-0.02218614718614731,false
6422,reporting,0.7597402597402597,-0.021915584415584388,false
6423,reporting,0.7694805194805194,-0.021645021645021578,false
6424,reporting,0.7678571428571429,-0.02002164502164505,false
6425,reporting,0.775974025974026,-0.019209956709956733,false
6426,reporting,0.7938311688311688,-0.022456709956710008,false
6427,reporting,0.7711038961038961,-0.02164502164502169,false
6428,reporting,0.7678571428571429,-0.02922077922077926,false
6429,reporting,0.7288961038961039,-0.04653679653679654,false
6430,strong,0.7272727272727273,0.06412337662337664,false
6431,strong,0.7207792207792207,0.08387445887445888,false
6432,strong,0.6785714285714286,0.03490259740259749,false
6433,strong,0.6493506493506493,0.02813852813852813,false
6434,strong,0.6038961038961039,0.025432900432900474,false
6435,strong,0.6071428571428571,0.029491341991341957,false
6436,strong,0.5925324675324676,0.04139610389610393,false
6437,strong,0.5762987012987013,0.004599567099567103,false
6438,strong,0.5275974025974026,0.025162337662337664,false
6439,strong,0.5324675324675324,0.008116883116883078,true
6440,strong,0.43344155844155846,0.031655844155844215,true
6441,strong,0.3003246753246753,0.0135281385281385,true
6442,strong,0.0,0.0,true
6443,nascent,0.03571428571428571,-0.07351576994434139,false
6444,nascent,0.040584415584415584,-0.07351576994434138,false
6445,nascent,0.045454545454545456,-0.08464749536178108,false
6446,nascent,0.045454545454545456,-0.08170995670995669,false
6447,nascent,0.06493506493506493,-0.10119047619047622,false
6448,microstate,0.06493506493506493,-0.09974747474747475,false
6449,microstate,0.06493506493506493,-0.09974747474747475,false
6450,microstate,0.06493506493506493,-0.10191197691197693,false
6451,microstate,0.06493506493506493,-0.10804473304473305,false
6452,microstate,0.06493506493506493,-0.11899350649350654,false
6453,microstate,0.06493506493506493,-0.12012987012987017,false
6454,microstate,0.06493506493506493,-0.12207792207792209,false
6455,microstate,0.06493506493506493,-0.12305194805194805,false
6456,microstate,0.06493506493506493,-0.12029220779220781,false
6457,microstate,0.08279220779220779,-0.1785714285714286,false
6458,microstate,0.10064935064935066,-0.17954545454545456,false
6459,microstate,0.10064935064935066,-0.18425324675324672,false
6460,microstate,0.10064935064935066,-0.18474025974025976,false
6461,microstate,0.10064935064935066,-0.18457792207792212,false
6462,microstate,0.10064935064935066,-0.18603896103896106,false
6463,microstate,0.10064935064935066,-0.200487012987013,false
6464,microstate,0.10064935064935066,-0.20178571428571435,false
6465,microstate,0.11363636363636363,-0.21233766233766227,false
6466,microstate,0.10064935064935066,-0.20340909090909093,false
6467,microstate,0.1185064935064935,-0.2472402597402597,false
6468,microstate,0.12175324675324675,-0.23165584415584414,false
6469,microstate,0.12987012987012986,-0.2319805194805195,false
6470,microstate,0.12987012987012986,-0.2319805194805195,false
6471,microstate,0.12987012987012986,-0.23262987012987013,false
6472,microstate,0.1444805194805195,-0.23668831168831178,false
6473,microstate,0.1444805194805195,-0.2232142857142858,false
6474,microstate,0.1396103896103896,-0.22743506493506496,false
6475,microstate,0.1525974025974026,-0.23522727272727276,false
6476,microstate,0.1396103896103896,-0.2300324675324675,false
6477,microstate,0.14285714285714285,-0.2501623376623377,false
6478,microstate,0.14285714285714285,-0.2501623376623377,false
6479,microstate,0.14285714285714285,-0.24366883116883115,false
6480,microstate,0.14285714285714285,-0.25227272727272726,false
6481,microstate,0.14285714285714285,-0.25600649350649346,false
6482,microstate,0.14285714285714285,-0.27386363636363636,false
6483,microstate,0.14285714285714285,-0.2590909090909091,false
6484,microstate,0.1461038961038961,-0.25616883116883116,false
6485,microstate,0.1590909090909091,-0.2626623376623376,false
6486,microstate,0.1461038961038961,-0.25616883116883116,false
6487,microstate,0.16071428571428573,-0.29853896103896105,false
6488,microstate,0.17207792207792208,-0.3466810966810968,false
6489,microstate,0.19155844155844157,-0.3423520923520924,false
6490,microstate,0.19155844155844157,-0.3569624819624818,false
6491,microstate,0.19805194805194806,-0.35551948051948057,false
6492,microstate,0.20941558441558442,-0.3903318903318904,false
6493,microstate,0.24025974025974026,-0.3701298701298701,false
6494,microstate,0.2159090909090909,-0.3737373737373738,false
6495,microstate,0.2597402597402597,-0.3818542568542569,false
6496,microstate,0.22077922077922077,-0.3762626262626263,false
6497,microstate,0.26136363636363635,-0.4105339105339104,false
6498,microstate,0.23214285714285715,-0.3937590187590188,false
6499,microstate,0.28084415584415584,-0.38365800865800853,false
6500,microstate,0.29383116883116883,-0.393037518037518,false
6501,microstate,0.28084415584415584,-0.3858225108225109,false
6502,microstate,0.288961038961039,-0.3879870129870129,false
6503,microstate,0.28733766233766234,-0.38582251082251073,false
6504,microstate,0.29545454545454547,-0.3856421356421356,false
6505,microstate,0.3003246753246753,-0.39880952380952384,false
6506,microstate,0.2922077922077922,-0.3865440115440116,false
6507,microstate,0.2792207792207792,-0.40133477633477627,false
6508,microstate,0.2824675324675325,-0.3912337662337662,false
6509,microstate,0.26785714285714285,-0.4208152958152959,false
6510,microstate,0.2905844155844156,-0.37463924963924955,false
6511,microstate,0.2824675324675325,-0.3869047619047618,false
6512,microstate,0.2662337662337662,-0.3814935064935065,false
6513,microstate,0.2483766233766234,-0.3564213564213563,false
6514,microstate,0.2483766233766234,-0.3508297258297258,false
6515,microstate,0.24025974025974026,-0.3342352092352092,false
6516,microstate,0.26136363636363635,-0.3354978354978355,false
6517,microstate,0.22402597402597402,-0.297979797979798,false
6518,microstate,0.25,-0.30447330447330445,true
6519,microstate,0.14772727272727273,-0.2610028860028861,true
6520,microstate,0.11363636363636363,-0.17658730158730157,true
6521,microstate,0.0,0.0,true
6522,nascent,0.538961038961039,-0.07418831168831164,false
6523,nascent,0.6201298701298701,-0.027759740259740262,false
6524,nascent,0.6412337662337663,-0.013311688311688274,false
6525,nascent,0.7159090909090909,0.0025974025974025983,false
6526,nascent,0.7272727272727273,0.004220779220779236,false
6527,strong,0.7094155844155844,0.008766233766233866,false
6528,strong,0.7694805194805194,0.009253246753246569,false
6529,strong,0.7207792207792207,0.013636363636363558,false
6530,strong,0.8068181818181818,0.013474025974025916,false
6531,strong,0.7532467532467533,0.013961038961038952,false
6532,strong,0.7905844155844156,0.012175324675324783,false
6533,strong,0.8165584415584416,0.01201298701298692,false
6534,strong,0.7905844155844156,0.011201298701298712,false
6535,strong,0.8051948051948052,0.014123376623376593,false
6536,strong,0.801948051948052,0.013474025974026027,false
6537,strong,0.810064935064935,0.014448051948051877,false
6538,strong,0.814935064935065,0.0008116883116883189,false
6539,strong,0.8068181818181818,0.01396103896103884,false
6540,strong,0.810064935064935,0.013149350649350633,false
6541,strong,0.8003246753246753,0.013474025974026027,false
6542,reporting,0.788961038961039,-0.016233766233766045,false
6543,reporting,0.7646103896103896,-0.0001623376623377526,false
6544,reporting,0.7548701298701299,-0.02207792207792192,false
6545,reporting,0.7272727272727273,-0.023376623376623495,false
6546,reporting,0.6785714285714286,-0.022727272727272707,false
6547,reporting,0.6688311688311688,-0.025487012987012947,false
6548,strong,0.6737012987012987,0.005681818181818121,false
6549,reporting,0.6558441558441559,-0.028896103896103642,false
6550,reporting,0.573051948051948,-0.027110389610389474,false
6551,strong,0.6461038961038961,0.0035714285714285587,true
6552,strong,0.49188311688311687,0.005194805194805141,true
6553,strong,0.3474025974025974,0.0024350649350649567,true
6554,strong,0.0,0.0,true
6555,nascent,0.09577922077922078,-0.01345083487940632,false
6556,nascent,0.10064935064935066,-0.013450834879406307,false
6557,nascent,0.1185064935064935,-0.011595547309833032,false
6558,nascent,0.12012987012987013,-0.0070346320346320185,false
6559,nascent,0.17045454545454544,0.0043290043290042934,false
6560,strong,0.16883116883116883,0.0041486291486291516,false
6561,strong,0.16883116883116883,0.0041486291486291516,false
6562,strong,0.16883116883116883,0.001984126984126977,false
6563,reporting,0.16883116883116883,-0.0041486291486291516,false
6564,reporting,0.17045454545454544,-0.013474025974026027,false
6565,reporting,0.16883116883116883,-0.016233766233766267,false
6566,reporting,0.16883116883116883,-0.018181818181818188,false
6567,reporting,0.16883116883116883,-0.01915584415584415,false
6568,reporting,0.16883116883116883,-0.01639610389610391,false
6569,reporting,0.22564935064935066,-0.035714285714285754,false
6570,reporting,0.24512987012987014,-0.03506493506493508,false
6571,reporting,0.25,-0.03490259740259738,false
6572,reporting,0.2483766233766234,-0.037012987012987025,false
6573,reporting,0.2483766233766234,-0.036850649350649384,false
6574,reporting,0.25162337662337664,-0.03506493506493508,false
6575,reporting,0.2694805194805195,-0.03165584415584416,false
6576,reporting,0.2711038961038961,-0.031331168831168876,false
6577,reporting,0.29707792207792205,-0.028896103896103864,false
6578,reporting,0.2711038961038961,-0.03295454545454546,false
6579,reporting,0.35064935064935066,-0.015097402597402554,false
6580,reporting,0.3327922077922078,-0.02061688311688309,false
6581,reporting,0.3425324675324675,-0.019318181818181845,false
6582,reporting,0.3425324675324675,-0.019318181818181845,false
6583,reporting,0.34415584415584416,-0.01834415584415583,false
6584,reporting,0.36363636363636365,-0.01753246753246762,false
6585,reporting,0.34415584415584416,-0.023538961038961137,false
6586,reporting,0.34415584415584416,-0.022889610389610404,false
6587,reporting,0.35714285714285715,-0.0306818181818182,false
6588,reporting,0.3474025974025974,-0.022240259740259727,false
6589,reporting,0.375,-0.018019480519480546,false
6590,reporting,0.375,-0.018019480519480546,false
6591,reporting,0.36688311688311687,-0.01964285714285713,false
6592,reporting,0.3944805194805195,-0.0006493506493506218,false
6593,strong,0.4042207792207792,0.005357142857142894,false
6594,strong,0.4301948051948052,0.013474025974025972,false
6595,strong,0.4090909090909091,0.007142857142857173,false
6596,strong,0.4090909090909091,0.00681818181818189,false
6597,strong,0.43344155844155846,0.011688311688311748,false
6598,strong,0.4090909090909091,0.00681818181818189,false
6599,strong,0.48863636363636365,0.0293831168831169,false
6600,strong,0.525974025974026,0.007215007215007119,false
6601,strong,0.5405844155844156,0.00667388167388161,false
6602,strong,0.5568181818181818,0.008297258297258359,false
6603,strong,0.5584415584415584,0.004870129870129802,false
6604,strong,0.6168831168831169,0.017135642135642115,false
6605,strong,0.625,0.01461038961038963,false
6606,strong,0.6022727272727273,0.012626262626262541,false
6607,strong,0.6607142857142857,0.019119769119769092,false
6608,strong,0.6055194805194806,0.008477633477633528,false
6609,strong,0.698051948051948,0.026154401154401263,false
6610,strong,0.6444805194805194,0.018578643578643472,false
6611,strong,0.6834415584415584,0.018939393939394034,false
6612,strong,0.7094155844155844,0.022546897546897537,false
6613,strong,0.6834415584415584,0.016774891774891665,false
6614,strong,0.6948051948051948,0.017857142857142905,false
6615,strong,0.689935064935065,0.016774891774891887,false
6616,strong,0.698051948051948,0.016955266955266945,false
6617,strong,0.7175324675324676,0.018398268398268414,false
6618,strong,0.698051948051948,0.019300144300144262,false
6619,strong,0.7012987012987013,0.02074314574314584,false
6620,strong,0.6948051948051948,0.02110389610389607,false
6621,reporting,0.6834415584415584,-0.005230880230880364,false
6622,strong,0.7175324675324676,0.052308802308802416,false
6623,strong,0.6931818181818182,0.023809523809523947,false
6624,strong,0.6655844155844156,0.017857142857142905,false
6625,strong,0.6266233766233766,0.02182539682539697,false
6626,strong,0.6168831168831169,0.017676767676767735,false
6627,strong,0.6217532467532467,0.04725829725829722,false
6628,strong,0.6396103896103896,0.04274891774891776,false
6629,strong,0.5551948051948052,0.03318903318903321,false
6630,strong,0.6266233766233766,0.07215007215007219,true
6631,strong,0.474025974025974,0.06529581529581518,true
6632,strong,0.3327922077922078,0.04256854256854259,true
6633,strong,0.0,0.0,true
6634,nascent,0.2532467532467532,0.040436835891381334,false
6635,nascent,0.3181818181818182,0.01887175324675322,false
6636,nascent,0.32142857142857145,0.012378246753246724,false
6637,nascent,0.32305194805194803,0.01112313612313598,false
6638,nascent,0.32305194805194803,0.0050380653828928645,false
6639,strong,0.3246753246753247,0.006442775974025983,false
6640,strong,0.3425324675324675,0.0010146103896103709,false
6641,strong,0.34415584415584416,0.0034377387318563213,false
6642,strong,0.3847402597402597,0.030148423005565805,false
6643,strong,0.36038961038961037,0.021937521937521853,false
6644,strong,0.42045454545454547,0.014961389961389904,false
6645,strong,0.400974025974026,0.004870129870129913,false
6646,reporting,0.38311688311688313,-0.029835029835029836,false
6647,reporting,0.39935064935064934,-0.015619515619515578,false
6648,reporting,0.38961038961038963,-0.02851877851877843,false
6649,strong,0.4366883116883117,0.009780844155844015,false
6650,strong,0.4074675324675325,0.0024719598583234914,false
6651,strong,0.41233766233766234,0.007395382395382344,false
6652,strong,0.4253246753246753,0.00891053391053398,false
6653,reporting,0.4155844155844156,-0.0022005772005771473,false
6654,strong,0.4512987012987013,0.0023809523809521504,false
6655,reporting,0.4512987012987013,-0.004689754689754466,false
6656,reporting,0.44155844155844154,-0.009884559884559774,false
6657,reporting,0.4496753246753247,-0.010425685425685394,false
6658,reporting,0.4512987012987013,-0.01053391053391034,false
6659,reporting,0.4772727272727273,-0.0038600288600288413,false
6660,reporting,0.45616883116883117,-0.009704184704184826,false
6661,reporting,0.45616883116883117,-0.012229437229437257,false
6662,reporting,0.4805194805194805,-0.011724386724386804,false
6663,reporting,0.45616883116883117,-0.015115440115440082,false
6664,reporting,0.5324675324675324,-0.00734048560135514,false
6665,reporting,0.5665584415584416,-0.014151609260304787,false
6666,reporting,0.5876623376623377,-0.009987295313381939,false
6667,reporting,0.6152597402597403,-0.0004490190660402238,false
6668,reporting,0.6217532467532467,-0.0007253384912959682,false
6669,strong,0.6737012987012987,0.0044211108040894675,false
6670,reporting,0.6818181818181818,-0.007426084553744272,false
6671,reporting,0.6607142857142857,-0.00632080685272185,false
6672,reporting,0.7142857142857143,-0.008185962973196848,false
6673,reporting,0.6672077922077922,-0.008151423045039907,false
6674,strong,0.7646103896103896,0.0021760154738879045,false
6675,reporting,0.7126623376623377,-0.00024177949709858204,false
6676,reporting,0.7516233766233766,-0.0009671179883946612,false
6677,strong,0.7808441558441559,0.0026250345399281283,false
6678,reporting,0.7564935064935064,-0.0012088974854934653,false
6679,reporting,0.7678571428571429,-0.00435203094777592,false
6680,reporting,0.7613636363636364,-0.0073570046974301695,false
6681,reporting,0.7711038961038961,-0.007667864050842965,false
6682,reporting,0.7922077922077922,-0.006977065487703604,false
6683,reporting,0.7662337662337663,-0.00991295938104475,false
6684,reporting,0.7321428571428571,-0.04783780049737496,false
6685,reporting,0.7337662337662337,-0.031080898268398105,false
6686,reporting,0.7694805194805194,-0.005478896103896402,false
6687,reporting,0.7159090909090909,-0.03287337662337664,false
6688,reporting,0.7418831168831169,-0.00108225108225124,false
6689,reporting,0.7142857142857143,-0.004430465367965208,false
6690,reporting,0.6607142857142857,-0.008319805194805241,false
6691,reporting,0.6672077922077922,-0.0021306818181818787,false
6692,reporting,0.6055194805194806,-0.04186958874458846,false
6693,reporting,0.6558441558441559,-0.011397456709956733,false
6694,reporting,0.564935064935065,-0.020123106060605966,false
6695,reporting,0.5974025974025974,-0.019683441558441594,true
6696,strong,0.4642857142857143,0.0007440476190475609,true
6697,reporting,0.3262987012987013,-0.003889339826839866,true
6698,strong,0.0,0.0,true
6699,nascent,0.31006493506493504,-0.008167613636363646,false
6700,nascent,0.32954545454545453,-0.01197240259740262,false
6701,nascent,0.3344155844155844,-0.00630252100840345,false
6702,nascent,0.3474025974025974,-0.007189239332096531,false
6703,nascent,0.336038961038961,-0.0024131274131274916,false
6704,strong,0.40584415584415584,0.0003510003510002746,false
6705,reporting,0.3457792207792208,-0.05032467532467527,false
6706,reporting,0.400974025974026,-0.011977886977886987,false
6707,reporting,0.400974025974026,-0.01399613899613894,false
6708,reporting,0.4025974025974026,-0.01553176553176544,false
6709,reporting,0.42207792207792205,-0.004829545454545614,false
6710,reporting,0.4025974025974026,-0.0023981700118063665,false
6711,reporting,0.4025974025974026,-0.002344877344877372,false
6712,reporting,0.4025974025974026,-0.013816738816738727,false
6713,reporting,0.40584415584415584,-0.011940836940836919,false
6714,reporting,0.4431818181818182,-0.005735930735930983,false
6715,reporting,0.44642857142857145,-0.009559884559884324,false
6716,reporting,0.44155844155844154,-0.009884559884559774,false
6717,reporting,0.4448051948051948,-0.015295815295815252,false
6718,reporting,0.4512987012987013,-0.01053391053391034,false
6719,reporting,0.47564935064935066,-0.005483405483405479,false
6720,reporting,0.45616883116883117,-0.009704184704184826,false
6721,reporting,0.45616883116883117,-0.012229437229437257,false
6722,reporting,0.4675324675324675,-0.024711399711399795,false
6723,strong,0.48538961038961037,0.01410533910533912,false
6724,strong,0.573051948051948,0.03324392998306047,false
6725,strong,0.6103896103896104,0.02967955957086399,false
6726,strong,0.6298701298701299,0.03222049689441031,false
6727,strong,0.6444805194805194,0.028771760154738923,false
6728,strong,0.6542207792207793,0.031742193976236566,false
6729,strong,0.7045454545454546,0.035265266648245364,false
6730,strong,0.7126623376623377,0.023418071290411624,false
6731,strong,0.689935064935065,0.02289997236805741,false
6732,strong,0.75,0.02752832274108885,false
6733,strong,0.6996753246753247,0.024316109422492516,false
6734,strong,0.7987012987012987,0.036266924564796965,false
6735,strong,0.7451298701298701,0.03222575297043384,false
6736,strong,0.7840909090909091,0.03150041447913776,false
6737,strong,0.810064935064935,0.031845813760707276,false
6738,strong,0.7857142857142857,0.028011881735285793,false
6739,strong,0.797077922077922,0.024868748273003227,false
6740,strong,0.7922077922077922,0.023487151146725727,false
6741,strong,0.7987012987012987,0.019929538546559655,false
6742,strong,0.8181818181818182,0.01899696048632238,false
6743,strong,0.797077922077922,0.020931196463111035,false
6744,strong,0.8003246753246753,0.020344017684443272,false
6745,strong,0.7905844155844156,0.025737283549783774,false
6746,strong,0.8295454545454546,0.05458603896103875,false
6747,strong,0.7711038961038961,0.022321428571428492,false
6748,strong,0.7808441558441559,0.037878787878787734,false
6749,strong,0.7711038961038961,0.05238771645021656,false
6750,strong,0.7256493506493507,0.056615259740259716,false
6751,strong,0.7224025974025974,0.05306412337662325,false
6752,strong,0.6737012987012987,0.02631222943722966,false
6753,strong,0.7094155844155844,0.04217397186147176,false
6754,strong,0.6185064935064936,0.03344832251082264,false
6755,strong,0.6525974025974026,0.035511363636363646,true
6756,strong,0.49188311688311687,0.028341450216450126,true
6757,strong,0.3555194805194805,0.025331439393939337,true
6758,strong,0.0,0.0,true
6759,strong,0.3587662337662338,0.04004329004329005,false
6760,strong,0.36038961038961037,0.03968253968253965,false
6761,strong,0.37337662337662336,0.034992784992784964,false
6762,strong,0.36038961038961037,0.035173160173160134,false
6763,strong,0.44155844155844154,0.0418470418470418,false
6764,strong,0.42857142857142855,0.04094516594516595,false
6765,strong,0.42694805194805197,0.03517316017316019,false
6766,strong,0.42694805194805197,0.03336940836940838,false
6767,strong,0.44155844155844154,0.04220779220779214,false
6768,strong,0.4642857142857143,0.046176046176046204,false
6769,strong,0.4448051948051948,0.05032467532467533,false
6770,strong,0.44642857142857145,0.013708513708513725,false
6771,strong,0.4724025974025974,0.017316017316017285,false
6772,strong,0.4496753246753247,0.006673881673881665,false
6773,strong,0.4805194805194805,0.015331890331890308,false
6774,strong,0.4805194805194805,0.012085137085137088,false
6775,strong,0.49188311688311687,0.0248917748917748,false
6776,strong,0.5097402597402597,0.03300865800865799,false
6777,strong,0.512987012987013,0.048376623376623296,false
6778,strong,0.5357142857142857,0.05113636363636359,false
6779,strong,0.5146103896103896,0.046266233766233844,false
6780,strong,0.5178571428571429,0.048214285714285765,false
6781,strong,0.5422077922077922,0.05097402597402595,false
6782,strong,0.5211038961038961,0.050649350649350555,false
6783,strong,0.599025974025974,0.053896103896103886,false
6784,strong,0.637987012987013,0.04561688311688317,false
6785,strong,0.6525974025974026,0.040909090909090895,false
6786,strong,0.6688311688311688,0.03847402597402594,false
6787,strong,0.6737012987012987,0.03961038961038965,false
6788,strong,0.7272727272727273,0.04058441558441572,false
6789,strong,0.7353896103896104,0.03198051948051939,false
6790,strong,0.7094155844155844,0.026298701298701266,false
6791,strong,0.7711038961038961,0.03279220779220782,false
6792,strong,0.7142857142857143,0.026136363636363624,false
6793,strong,0.8068181818181818,0.03246753246753231,false
6794,strong,0.7532467532467533,0.03279220779220782,false
6795,strong,0.7922077922077922,0.04796340023612744,false
6796,strong,0.8181818181818182,0.046192443919716775,false
6797,strong,0.7938311688311688,0.04235537190082639,false
6798,strong,0.8051948051948052,0.040289256198347334,false
6799,strong,0.801948051948052,0.038223140495867725,false
6800,strong,0.810064935064935,0.037485242030696586,false
6801,strong,0.8327922077922078,0.038961038961039085,false
6802,strong,0.8068181818181818,0.03305785123966931,false
6803,strong,0.814935064935065,0.03276269185360092,false
6804,strong,0.801948051948052,0.02759740259740262,false
6805,strong,0.8409090909090909,0.045159386068477025,false
6806,strong,0.7792207792207793,0.026564344746162982,false
6807,strong,0.8035714285714286,0.037632821723730836,false
6808,strong,0.7792207792207793,0.038370720188901974,false
6809,strong,0.7256493506493507,0.03423848878394342,false
6810,strong,0.7224025974025974,0.032615112160566784,false
6811,strong,0.6753246753246753,0.02036599763872493,false
6812,strong,0.711038961038961,0.032467532467532534,false
6813,strong,0.6217532467532467,0.025531286894923122,false
6814,strong,0.6542207792207793,0.02744982290436837,true
6815,strong,0.4935064935064935,0.025826446280991733,true
6816,strong,0.3555194805194805,0.024350649350649345,true
6817,strong,0.0,0.0,true
6818,nascent,0.17694805194805194,-0.13291396103896105,false
6819,nascent,0.17857142857142858,-0.13413149350649348,false
6820,nascent,0.19318181818181818,-0.1412337662337662,false
6821,nascent,0.17857142857142858,-0.13271103896103895,false
6822,nascent,0.24675324675324675,-0.13758116883116886,false
6823,reporting,0.25,-0.1240981240981241,false
6824,reporting,0.275974025974026,-0.1314935064935065,false
6825,reporting,0.2775974025974026,-0.13401875901875898,false
6826,reporting,0.2775974025974026,-0.1314935064935065,false
6827,reporting,0.2792207792207792,-0.1433982683982684,false
6828,reporting,0.28084415584415584,-0.12950937950937952,false
6829,reporting,0.28084415584415584,-0.13167388167388167,false
6830,reporting,0.29383116883116883,-0.13816738816738816,false
6831,reporting,0.2840909090909091,-0.1345598845598846,false
6832,reporting,0.2905844155844156,-0.1533189033189033,false
6833,reporting,0.3181818181818182,-0.13474025974025977,false
6834,reporting,0.32954545454545453,-0.11652236652236653,false
6835,reporting,0.3522727272727273,-0.09974747474747475,false
6836,reporting,0.3522727272727273,-0.1015512265512265,false
6837,reporting,0.3538961038961039,-0.11724386724386732,false
6838,reporting,0.3538961038961039,-0.1062409812409813,false
6839,reporting,0.3538961038961039,-0.10984848484848486,false
6840,reporting,0.3782467532467532,-0.11291486291486291,false
6841,reporting,0.3538961038961039,-0.11453823953823966,false
6842,reporting,0.3961038961038961,-0.13798701298701294,false
6843,reporting,0.4512987012987013,-0.12518037518037517,false
6844,reporting,0.4659090909090909,-0.12139249639249644,false
6845,reporting,0.48538961038961037,-0.11850649350649356,false
6846,reporting,0.487012987012987,-0.12229437229437234,false
6847,reporting,0.5178571428571429,-0.13834776334776333,false
6848,reporting,0.5503246753246753,-0.1262626262626262,false
6849,reporting,0.525974025974026,-0.12139249639249639,false
6850,reporting,0.612012987012987,-0.09307359307359309,false
6851,reporting,0.5584415584415584,-0.09523809523809512,false
6852,reporting,0.6314935064935064,-0.10479797979797978,false
6853,reporting,0.5909090909090909,-0.0941558441558441,false
6854,reporting,0.625,-0.10497835497835506,false
6855,reporting,0.6558441558441559,-0.10479797979797978,false
6856,reporting,0.6298701298701299,-0.11183261183261184,false
6857,reporting,0.6461038961038961,-0.11363636363636376,false
6858,reporting,0.6412337662337663,-0.1138167388167387,false
6859,reporting,0.6542207792207793,-0.1120129870129869,false
6860,reporting,0.672077922077922,-0.1145382395382396,false
6861,reporting,0.650974025974026,-0.11904761904761907,false
6862,reporting,0.6558441558441559,-0.11958874458874469,false
6863,reporting,0.650974025974026,-0.11489898989898983,false
6864,reporting,0.6331168831168831,-0.15566378066378073,false
6865,reporting,0.6542207792207793,-0.09253246753246747,false
6866,reporting,0.6428571428571429,-0.1199494949494948,false
6867,reporting,0.6152597402597403,-0.1231962481962483,false
6868,reporting,0.5795454545454546,-0.10930735930735924,false
6869,reporting,0.5795454545454546,-0.10732323232323226,false
6870,reporting,0.577922077922078,-0.06908369408369397,false
6871,reporting,0.5957792207792207,-0.08026695526695526,false
6872,reporting,0.5211038961038961,-0.07377344877344871,false
6873,reporting,0.5503246753246753,-0.07485569985569973,true
6874,reporting,0.3977272727272727,-0.07034632034632032,true
6875,reporting,0.28733766233766234,-0.04292929292929293,true
6876,strong,0.0,0.0,true
6877,nascent,0.31006493506493504,0.010754870129870087,false
6878,nascent,0.31006493506493504,0.0010146103896103154,false
6879,nascent,0.3246753246753247,0.012746512746512617,false
6880,nascent,0.3262987012987013,0.00828481862964614,false
6881,nascent,0.32792207792207795,0.009689529220779258,false
6882,strong,0.3457792207792208,0.0042613636363636465,false
6883,strong,0.3522727272727273,0.011554621848739455,false
6884,reporting,0.3392857142857143,-0.015306122448979609,false
6885,reporting,0.31655844155844154,-0.02189364689364698,false
6886,reporting,0.37662337662337664,-0.028869778869778928,false
6887,reporting,0.36363636363636365,-0.03246753246753242,false
6888,reporting,0.35714285714285715,-0.05580905580905582,false
6889,reporting,0.35714285714285715,-0.05782730782730777,false
6890,reporting,0.3847402597402597,-0.033388908388908345,false
6891,reporting,0.4074675324675325,-0.019439935064935188,false
6892,reporting,0.387987012987013,-0.017008559622195996,false
6893,reporting,0.387987012987013,-0.016955266955267,false
6894,reporting,0.387987012987013,-0.028427128427128356,false
6895,reporting,0.3961038961038961,-0.021681096681096634,false
6896,strong,0.4577922077922078,0.008874458874458646,false
6897,strong,0.4577922077922078,0.0018037518037520295,false
6898,reporting,0.4496753246753247,-0.0017676767676766403,false
6899,reporting,0.4577922077922078,-0.0023088023088022602,false
6900,strong,0.4967532467532468,0.03492063492063513,false
6901,strong,0.5292207792207793,0.048088023088023124,false
6902,strong,0.5097402597402597,0.04386724386724372,false
6903,strong,0.5097402597402597,0.04134199134199129,false
6904,strong,0.5340909090909091,0.041847041847041744,false
6905,strong,0.5097402597402597,0.038455988455988466,false
6906,strong,0.5876623376623377,0.0478543195934501,false
6907,strong,0.6233766233766234,0.04266657255787698,false
6908,strong,0.6412337662337663,0.043584133258046664,false
6909,strong,0.6590909090909091,0.04338214976512855,false
6910,strong,0.663961038961039,0.04148245371649628,false
6911,strong,0.7142857142857143,0.04500552638850508,false
6912,strong,0.7272727272727273,0.03802846090080125,false
6913,strong,0.702922077922078,0.0358869853550704,false
6914,strong,0.7597402597402597,0.03726858248134857,false
6915,strong,0.7077922077922078,0.032432992539375594,false
6916,strong,0.7922077922077922,0.029773418071290525,false
6917,strong,0.7386363636363636,0.0257322464769274,false
6918,strong,0.7792207792207793,0.02663028460900796,false
6919,strong,0.8068181818181818,0.028599060513954,false
6920,strong,0.7824675324675324,0.024765128488532517,false
6921,strong,0.7905844155844156,0.018375241779496787,false
6922,strong,0.7873376623376623,0.018617021276595813,false
6923,strong,0.7938311688311688,0.015059408676429742,false
6924,strong,0.8181818181818182,0.01899696048632238,false
6925,strong,0.7954545454545454,0.019307819839734397,false
6926,strong,0.801948051948052,0.02196739430781991,false
6927,strong,0.7905844155844156,0.025737283549783774,false
6928,strong,0.7792207792207793,0.004261363636363424,false
6929,strong,0.7646103896103896,0.015827922077922052,false
6930,strong,0.7435064935064936,0.0005411255411253979,false
6931,strong,0.7207792207792207,0.0020630411255412318,false
6932,strong,0.6753246753246753,0.006290584415584388,false
6933,strong,0.6737012987012987,0.004362824675324561,false
6934,strong,0.6737012987012987,0.02631222943722966,false
6935,strong,0.7094155844155844,0.04217397186147176,false
6936,strong,0.6201298701298701,0.035071699134199164,false
6937,strong,0.6525974025974026,0.035511363636363646,true
6938,strong,0.49188311688311687,0.028341450216450126,true
6939,strong,0.3555194805194805,0.025331439393939337,true
6940,strong,0.0,0.0,true
6941,nascent,0.23214285714285715,-0.019300144300144317,false
6942,nascent,0.25,-0.015151515151515138,false
6943,nascent,0.25162337662337664,-0.014790764790764743,false
6944,nascent,0.2775974025974026,-0.0016233766233766378,false
6945,nascent,0.25162337662337664,-0.012987012987012991,false
6946,strong,0.3392857142857143,0.011724386724386693,false
6947,strong,0.3344155844155844,0.015692640692640647,false
6948,strong,0.3474025974025974,0.021284271284271294,false
6949,strong,0.3344155844155844,0.009740259740259716,false
6950,strong,0.3344155844155844,0.012265512265512257,false
6951,strong,0.36688311688311687,0.02507215007215008,false
6952,strong,0.349025974025974,0.013528138528138611,false
6953,strong,0.349025974025974,0.012806637806637822,false
6954,strong,0.375,0.01623376623376621,false
6955,strong,0.3522727272727273,0.007756132756132794,false
6956,strong,0.37662337662337664,0.01064213564213562,false
6957,reporting,0.36363636363636365,-0.005050505050505083,false
6958,reporting,0.3555194805194805,-0.007034632034632005,false
6959,reporting,0.36363636363636365,-0.005230880230880197,false
6960,reporting,0.36363636363636365,-0.007756132756132739,false
6961,reporting,0.387987012987013,-0.0010822510822511289,false
6962,reporting,0.3717532467532468,-0.004509379509379519,false
6963,reporting,0.3717532467532468,-0.004689754689754688,false
6964,reporting,0.3961038961038961,-0.003066378066377995,false
6965,reporting,0.3717532467532468,-0.007215007215007174,false
6966,strong,0.4512987012987013,0.009018759018759093,false
6967,strong,0.48863636363636365,0.022564935064935066,false
6968,strong,0.5032467532467533,0.009740259740259771,false
6969,reporting,0.5211038961038961,-0.003996003996004083,false
6970,strong,0.547077922077922,0.012987012987012991,false
6971,strong,0.6071428571428571,0.025974025974025983,false
6972,strong,0.6152597402597403,0.01823176823176831,false
6973,strong,0.5909090909090909,0.009615384615384692,false
6974,strong,0.650974025974026,0.0174825174825175,false
6975,strong,0.599025974025974,0.010489510489510523,false
6976,strong,0.6834415584415584,0.026848151848151702,false
6977,strong,0.6428571428571429,0.028596403596403586,false
6978,strong,0.6801948051948052,0.029470529470529527,false
6979,strong,0.7061688311688312,0.023601398601398538,false
6980,strong,0.6834415584415584,0.025474525474525556,false
6981,strong,0.6915584415584416,0.021603396603396607,false
6982,reporting,0.6883116883116883,-0.01542207792207817,false
6983,reporting,0.6964285714285714,-0.016697588126159624,false
6984,reporting,0.7142857142857143,-0.01971243042671611,false
6985,reporting,0.6964285714285714,-0.017393320964749548,false
6986,reporting,0.6996753246753247,-0.01832096474953604,false
6987,reporting,0.6931818181818182,-0.015422077922077948,false
6988,reporting,0.6818181818181818,-0.05102040816326525,false
6989,strong,0.7159090909090909,0.01936456400742137,false
6990,reporting,0.6753246753246753,-0.034786641929498985,false
6991,reporting,0.6623376623376623,-0.02701762523191087,false
6992,reporting,0.6233766233766234,-0.019480519480519543,false
6993,reporting,0.6168831168831169,-0.023886827458255877,false
6994,strong,0.6201298701298701,0.013798701298701421,false
6995,strong,0.637987012987013,0.0009276437847867136,false
6996,reporting,0.5551948051948052,-0.0018552875695732052,false
6997,strong,0.6282467532467533,0.03733766233766245,true
6998,strong,0.47564935064935066,0.03687384044526898,true
6999,strong,0.3344155844155844,0.016813543599257852,true
7000,strong,0.0,0.0,true
7001,nascent,0.3538961038961039,0.05458603896103892,false
7002,nascent,0.362012987012987,0.05296266233766228,false
7003,nascent,0.3652597402597403,0.05333092833092823,false
7004,nascent,0.3652597402597403,0.047245857590685114,false
7005,nascent,0.36688311688311687,0.04865056818181818,false
7006,strong,0.38636363636363635,0.0448457792207792,false
7007,strong,0.387987012987013,0.04726890756302515,false
7008,strong,0.39935064935064934,0.044758812615955434,false
7009,strong,0.38636363636363635,0.047911547911547836,false
7010,strong,0.45454545454545453,0.049052299052298964,false
7011,strong,0.44805194805194803,0.051948051948051965,false
7012,strong,0.4577922077922078,0.044840294840294836,false
7013,strong,0.4577922077922078,0.04282204282204288,false
7014,strong,0.4594155844155844,0.04128641628641633,false
7015,strong,0.46915584415584416,0.04224837662337649,false
7016,strong,0.4642857142857143,0.059290141676505315,false
7017,strong,0.4642857142857143,0.05934343434343431,false
7018,strong,0.47564935064935066,0.05923520923520931,false
7019,strong,0.43344155844155846,0.015656565656565702,false
7020,reporting,0.4253246753246753,-0.023593073593073832,false
7021,reporting,0.4448051948051948,-0.011183261183260962,false
7022,reporting,0.4366883116883117,-0.014754689754689632,false
7023,reporting,0.4448051948051948,-0.015295815295815252,false
7024,reporting,0.44155844155844154,-0.02027417027417011,false
7025,reporting,0.45454545454545453,-0.026587301587301604,false
7026,reporting,0.44805194805194803,-0.01782106782106796,false
7027,reporting,0.4496753246753247,-0.018722943722943752,false
7028,reporting,0.4724025974025974,-0.019841269841269937,false
7029,reporting,0.4512987012987013,-0.01998556998556994,false
7030,reporting,0.5097402597402597,-0.030067758328627847,false
7031,strong,0.586038961038961,0.005328910220214644,false
7032,strong,0.6282467532467533,0.030597120271033673,false
7033,strong,0.6525974025974026,0.03688864327162211,false
7034,strong,0.6542207792207793,0.031742193976236566,false
7035,strong,0.6964285714285714,0.027148383531362175,false
7036,strong,0.7207792207792207,0.0315349544072947,false
7037,strong,0.6996753246753247,0.032640232108317124,false
7038,strong,0.7564935064935064,0.03402182923459529,false
7039,strong,0.698051948051948,0.022692732799115878,false
7040,strong,0.7840909090909091,0.021656534954407336,false
7041,strong,0.7272727272727273,0.014368610113291047,false
7042,strong,0.7646103896103896,0.01201989499861833,false
7043,strong,0.7792207792207793,0.0010016579165514905,false
7044,strong,0.7662337662337663,0.008531362254766361,false
7045,strong,0.7775974025974026,0.005388228792483796,false
7046,strong,0.775974025974026,0.00725338491295946,false
7047,strong,0.7905844155844156,0.011812655429676577,false
7048,strong,0.8084415584415584,0.009256700746062552,false
7049,strong,0.7873376623376623,0.011190936722851319,false
7050,strong,0.7905844155844156,0.010603757944183556,false
7051,strong,0.7824675324675324,0.017620400432900585,false
7052,reporting,0.7727272727272727,-0.0022321428571431268,false
7053,strong,0.7597402597402597,0.010957792207792139,false
7054,reporting,0.7402597402597403,-0.0027056277056278777,false
7055,reporting,0.711038961038961,-0.007677218614718484,false
7056,strong,0.6737012987012987,0.00466720779220775,false
7057,reporting,0.6688311688311688,-0.000507305194805352,false
7058,strong,0.6737012987012987,0.02631222943722966,false
7059,strong,0.702922077922078,0.03568046536796532,false
7060,strong,0.6185064935064936,0.03344832251082264,false
7061,strong,0.6428571428571429,0.02577110389610393,true
7062,strong,0.49188311688311687,0.028341450216450126,true
7063,strong,0.349025974025974,0.01883793290043284,true
7064,strong,0.0,0.0,true
7065,nascent,0.3814935064935065,0.026901669758812585,false
7066,nascent,0.38311688311688313,0.044664794664794616,false
7067,nascent,0.4642857142857143,0.058792558792558736,false
7068,nascent,0.4512987012987013,0.05519480519480524,false
7069,nascent,0.4642857142857143,0.05133380133380133,false
7070,strong,0.4642857142857143,0.04931554931554938,false
7071,strong,0.4642857142857143,0.04615654615654624,false
7072,strong,0.4837662337662338,0.05685876623376612,false
7073,strong,0.4675324675324675,0.06253689492325853,false
7074,strong,0.45454545454545453,0.04960317460317454,false
7075,strong,0.4675324675324675,0.051118326118326174,false
7076,strong,0.4577922077922078,0.04000721500721505,false
7077,strong,0.49188311688311687,0.04296536796536771,false
7078,strong,0.49188311688311687,0.03589466089466109,false
7079,strong,0.48538961038961037,0.03394660894660906,false
7080,strong,0.49512987012987014,0.035028860028860076,false
7081,strong,0.4935064935064935,0.031673881673881854,false
7082,strong,0.5162337662337663,0.03510101010101013,false
7083,strong,0.4967532467532468,0.030880230880230786,false
7084,strong,0.4967532467532468,0.028354978354978355,false
7085,strong,0.5211038961038961,0.028860028860028752,false
7086,strong,0.4967532467532468,0.02546897546897553,false
7087,strong,0.5681818181818182,0.02837380011293067,false
7088,strong,0.6055194805194806,0.024809429700734187,false
7089,strong,0.6201298701298701,0.022480237154150484,false
7090,strong,0.6428571428571429,0.027148383531362397,false
7091,strong,0.6477272727272727,0.025248687482730015,false
7092,strong,0.6996753246753247,0.03039513677811545,false
7093,strong,0.711038961038961,0.021794694667034986,false
7094,strong,0.6866883116883117,0.019653219121304133,false
7095,strong,0.7353896103896104,0.012917933130699222,false
7096,strong,0.6948051948051948,0.019445979552362602,false
7097,strong,0.7792207792207793,0.016786405084277534,false
7098,strong,0.7435064935064936,0.030602376347057314,false
7099,strong,0.7808441558441559,0.028253661232384597,false
7100,strong,0.8068181818181818,0.028599060513954,false
7101,strong,0.7792207792207793,0.021518375241779353,false
7102,strong,0.7905844155844156,0.018375241779496787,false
7103,strong,0.7824675324675324,0.0137468914064659,false
7104,strong,0.7938311688311688,0.015059408676429742,false
7105,strong,0.8116883116883117,0.012503453992815827,false
7106,strong,0.7905844155844156,0.014437689969604595,false
7107,strong,0.7938311688311688,0.01385051119093672,false
7108,strong,0.788961038961039,0.024113906926407136,false
7109,reporting,0.7727272727272727,-0.0022321428571431268,false
7110,strong,0.7678571428571429,0.019074675324675328,false
7111,strong,0.7467532467532467,0.0037878787878785625,false
7112,strong,0.7224025974025974,0.0036864177489178696,false
7113,strong,0.6753246753246753,0.006290584415584388,false
7114,strong,0.6704545454545454,0.0011160714285712858,false
7115,strong,0.6753246753246753,0.0279356060606063,false
7116,strong,0.7045454545454546,0.03730384199134196,false
7117,strong,0.6217532467532467,0.0366950757575758,false
7118,strong,0.6461038961038961,0.029017857142857095,true
7119,strong,0.49188311688311687,0.028341450216450126,true
7120,strong,0.349025974025974,0.01883793290043284,true
7121,strong,0.0,0.0,true
7122,nascent,0.16071428571428573,0.002597402597402626,false
7123,nascent,0.16558441558441558,0.0025974025974025428,false
7124,nascent,0.17045454545454544,0.00438311688311685,false
7125,nascent,0.17045454545454544,0.0026785714285713913,false
7126,nascent,0.21915584415584416,0.008928571428571397,false
7127,strong,0.21915584415584416,0.006899350649350655,false
7128,strong,0.21915584415584416,0.006331168831168826,false
7129,strong,0.21915584415584416,0.002678571428571447,false
7130,strong,0.21915584415584416,0.00300324675324673,false
7131,strong,0.22077922077922077,0.0025162337662337497,false
7132,strong,0.21915584415584416,0.0015422077922077893,false
7133,strong,0.21915584415584416,0.001055194805194809,false
7134,strong,0.21915584415584416,0.0013798701298701477,false
7135,reporting,0.21915584415584416,-0.0033279220779220964,false
7136,strong,0.336038961038961,0.016558441558441606,false
7137,strong,0.36688311688311687,0.023295454545454453,false
7138,strong,0.3717532467532468,0.02426948051948058,false
7139,strong,0.3717532467532468,0.027007083825265732,false
7140,strong,0.3717532467532468,0.029958677685950452,false
7141,strong,0.37337662337662336,0.027154663518299926,false
7142,strong,0.3912337662337662,0.031408808582721603,false
7143,strong,0.39285714285714285,0.03348214285714285,false
7144,strong,0.41883116883116883,0.034293831168831224,false
7145,strong,0.39285714285714285,0.031114718614718595,false
7146,strong,0.4805194805194805,0.04173430735930739,false
7147,strong,0.4642857142857143,0.039366883116883244,false
7148,strong,0.474025974025974,0.032399891774891776,false
7149,strong,0.474025974025974,0.03260281385281383,false
7150,strong,0.474025974025974,0.04539210789210785,false
7151,strong,0.49188311688311687,0.04620379620379628,false
7152,strong,0.474025974025974,0.050986050986051024,false
7153,strong,0.47564935064935066,0.05050505050505055,false
7154,strong,0.5016233766233766,0.05158730158730157,false
7155,strong,0.48214285714285715,0.0642633228840126,false
7156,strong,0.5227272727272727,0.08333333333333326,false
7157,strong,0.5162337662337663,0.07467532467532467,false
7158,strong,0.5081168831168831,0.08390827922077926,false
7159,strong,0.5162337662337663,0.07599431818181823,false
7160,strong,0.5194805194805194,0.07920110192837454,false
7161,strong,0.5422077922077922,0.08289059425423073,false
7162,strong,0.5211038961038961,0.07585596221959862,false
7163,strong,0.5211038961038961,0.07393742621015353,false
7164,strong,0.5454545454545454,0.07349468713105067,false
7165,strong,0.5211038961038961,0.07265840220385678,false
7166,strong,0.6022727272727273,0.08515348288075575,false
7167,strong,0.6363636363636364,0.08126721763085387,false
7168,strong,0.6558441558441559,0.0832841401023221,false
7169,strong,0.672077922077922,0.082939787485242,false
7170,strong,0.6785714285714286,0.0846615505706414,false
7171,strong,0.7321428571428571,0.09115505706414795,false
7172,strong,0.7402597402597403,0.08628492719401804,false
7173,strong,0.7175324675324676,0.08603896103896114,false
7174,strong,0.775974025974026,0.08697363242817802,false
7175,strong,0.7207792207792207,0.08412042502951578,false
7176,strong,0.8068181818181818,0.09135182998819358,false
7177,strong,0.7532467532467533,0.08416961826052738,false
7178,strong,0.7922077922077922,0.08559622195985828,false
7179,strong,0.8181818181818182,0.08721959858323525,false
7180,strong,0.7938311688311688,0.0849567099567099,false
7181,strong,0.8035714285714286,0.08362849271940187,false
7182,strong,0.8003246753246753,0.07993900039354584,false
7183,strong,0.8068181818181818,0.07841401023219197,false
7184,strong,0.8295454545454546,0.0812672176308542,false
7185,strong,0.8051948051948052,0.07934868162140873,false
7186,strong,0.8116883116883117,0.0832841401023221,false
7187,strong,0.7987012987012987,0.07836481700118048,false
7188,strong,0.8376623376623377,0.10896300669027925,false
7189,strong,0.7792207792207793,0.06808343171979514,false
7190,strong,0.8035714285714286,0.09248327430145609,false
7191,strong,0.7792207792207793,0.0898760330578513,false
7192,strong,0.724025974025974,0.06577134986225897,false
7193,strong,0.724025974025974,0.06773907910271537,false
7194,strong,0.6753246753246753,0.06478748524203082,false
7195,strong,0.711038961038961,0.0610487996851633,false
7196,strong,0.6217532467532467,0.05327626918535999,false
7197,strong,0.6542207792207793,0.051898858717040475,true
7198,strong,0.4935064935064935,0.04776662731208192,true
7199,strong,0.3555194805194805,0.035615899252262884,true
7200,strong,0.0,0.0,true
7201,nascent,0.032467532467532464,-0.07676252319109464,false
7202,nascent,0.037337662337662336,-0.07676252319109463,false
7203,nascent,0.04220779220779221,-0.08789424860853433,false
7204,nascent,0.04220779220779221,-0.08495670995670994,false
7205,nascent,0.06168831168831169,-0.10443722943722947,false
7206,microstate,0.06168831168831169,-0.102994227994228,false
7207,microstate,0.06168831168831169,-0.102994227994228,false
7208,microstate,0.06168831168831169,-0.10515873015873017,false
7209,microstate,0.06168831168831169,-0.1112914862914863,false
7210,microstate,0.06168831168831169,-0.12224025974025979,false
7211,microstate,0.06168831168831169,-0.12337662337662342,false
7212,microstate,0.06168831168831169,-0.12532467532467534,false
7213,microstate,0.06168831168831169,-0.1262987012987013,false
7214,microstate,0.03409090909090909,-0.15113636363636365,false
7215,microstate,0.048701298701298704,-0.21266233766233772,false
7216,microstate,0.05519480519480519,-0.22500000000000003,false
7217,microstate,0.08279220779220779,-0.20211038961038957,false
7218,microstate,0.08279220779220779,-0.2025974025974026,false
7219,microstate,0.08279220779220779,-0.20243506493506497,false
7220,microstate,0.08279220779220779,-0.2038961038961039,false
7221,microstate,0.08279220779220779,-0.21834415584415584,false
7222,microstate,0.08279220779220779,-0.2196428571428572,false
7223,microstate,0.09577922077922078,-0.23019480519480512,false
7224,microstate,0.08279220779220779,-0.22126623376623378,false
7225,microstate,0.10064935064935066,-0.26509740259740255,false
7226,microstate,0.1038961038961039,-0.249512987012987,false
7227,microstate,0.10876623376623376,-0.25308441558441563,false
7228,microstate,0.10876623376623376,-0.25308441558441563,false
7229,microstate,0.10876623376623376,-0.2537337662337662,false
7230,microstate,0.12337662337662338,-0.2577922077922079,false
7231,microstate,0.12337662337662338,-0.24431818181818193,false
7232,microstate,0.1185064935064935,-0.24853896103896106,false
7233,microstate,0.1314935064935065,-0.25633116883116885,false
7234,microstate,0.1185064935064935,-0.2511363636363636,false
7235,microstate,0.12175324675324675,-0.2712662337662338,false
7236,microstate,0.12175324675324675,-0.2712662337662338,false
7237,microstate,0.12175324675324675,-0.26477272727272727,false
7238,microstate,0.12175324675324675,-0.2733766233766234,false
7239,microstate,0.12337662337662338,-0.27548701298701295,false
7240,microstate,0.137987012987013,-0.2787337662337662,false
7241,microstate,0.137987012987013,-0.26396103896103895,false
7242,microstate,0.137987012987013,-0.26428571428571423,false
7243,microstate,0.137987012987013,-0.2837662337662337,false
7244,microstate,0.1396103896103896,-0.2626623376623376,false
7245,microstate,0.17045454545454544,-0.28879870129870133,false
7246,microstate,0.16558441558441558,-0.35317460317460325,false
7247,microstate,0.18019480519480519,-0.3537157287157288,false
7248,microstate,0.19155844155844157,-0.3569624819624818,false
7249,microstate,0.20292207792207792,-0.35064935064935066,false
7250,microstate,0.2159090909090909,-0.38383838383838387,false
7251,microstate,0.22402597402597402,-0.38636363636363635,false
7252,microstate,0.21915584415584416,-0.3704906204906206,false
7253,microstate,0.2418831168831169,-0.3997113997113997,false
7254,microstate,0.2224025974025974,-0.37463924963924966,false
7255,microstate,0.23863636363636365,-0.4332611832611831,false
7256,microstate,0.2288961038961039,-0.39700577200577203,false
7257,microstate,0.2564935064935065,-0.4080086580086579,false
7258,microstate,0.27435064935064934,-0.4125180375180375,false
7259,microstate,0.26461038961038963,-0.4020562770562771,false
7260,microstate,0.2662337662337662,-0.41071428571428564,false
7261,microstate,0.26461038961038963,-0.40854978354978344,false
7262,microstate,0.27435064935064934,-0.40674603174603174,false
7263,microstate,0.29383116883116883,-0.40530303030303033,false
7264,microstate,0.275974025974026,-0.4027777777777778,false
7265,microstate,0.2711038961038961,-0.40945165945165934,false
7266,microstate,0.2792207792207792,-0.3944805194805195,false
7267,microstate,0.26461038961038963,-0.42406204906204914,false
7268,microstate,0.2987012987012987,-0.36652236652236647,false
7269,microstate,0.2727272727272727,-0.3966450216450216,false
7270,microstate,0.28084415584415584,-0.36688311688311687,false
7271,microstate,0.26461038961038963,-0.34018759018759004,false
7272,microstate,0.26461038961038963,-0.33459595959595956,false
7273,microstate,0.2597402597402597,-0.3147546897546898,false
7274,microstate,0.2792207792207792,-0.31764069264069267,false
7275,microstate,0.23863636363636365,-0.2833694083694084,false
7276,microstate,0.262987012987013,-0.29148629148629146,true
7277,microstate,0.1461038961038961,-0.26262626262626276,true
7278,microstate,0.10876623376623376,-0.18145743145743146,true
7279,microstate,0.0,0.0,true
7280,nascent,0.14772727272727273,0.013528138528138528,false
7281,nascent,0.1525974025974026,0.022186147186147198,false
7282,nascent,0.15746753246753248,0.02719155844155846,false
7283,nascent,0.15746753246753248,0.014285714285714318,false
7284,nascent,0.17857142857142858,0.004058441558441567,false
7285,reporting,0.17857142857142858,-0.002435064935064901,false
7286,reporting,0.17857142857142858,-0.012716450216450209,false
7287,reporting,0.17857142857142858,-0.01893939393939395,false
7288,reporting,0.17857142857142858,-0.019209956709956677,false
7289,reporting,0.17857142857142858,-0.020292207792207778,false
7290,reporting,0.17857142857142858,-0.019209956709956677,false
7291,reporting,0.17857142857142858,-0.022456709956709953,false
7292,reporting,0.17857142857142858,-0.024080086580086563,false
7293,reporting,0.17857142857142858,-0.02489177489177488,false
7294,reporting,0.26136363636363635,-0.028679653679653694,false
7295,reporting,0.2857142857142857,-0.021103896103896125,false
7296,reporting,0.2857142857142857,-0.02299783549783546,false
7297,reporting,0.2857142857142857,-0.027867965367965375,false
7298,reporting,0.2857142857142857,-0.02813852813852813,false
7299,reporting,0.2857142857142857,-0.029220779220779203,false
7300,reporting,0.30194805194805197,-0.03111471861471865,false
7301,reporting,0.30357142857142855,-0.030844155844155896,false
7302,reporting,0.30357142857142855,-0.05059523809523814,false
7303,reporting,0.30357142857142855,-0.03354978354978355,false
7304,reporting,0.37012987012987014,-0.031655844155844215,false
7305,reporting,0.36688311688311687,-0.025703463203463284,false
7306,reporting,0.37662337662337664,-0.025432900432900363,false
7307,reporting,0.37662337662337664,-0.02516233766233761,false
7308,reporting,0.3782467532467532,-0.024891774891774965,false
7309,reporting,0.3814935064935065,-0.03436147186147187,false
7310,reporting,0.3782467532467532,-0.02651515151515149,false
7311,reporting,0.3782467532467532,-0.027326839826839866,false
7312,reporting,0.40584415584415584,-0.022456709956710008,false
7313,reporting,0.3961038961038961,-0.02137445887445888,false
7314,reporting,0.4172077922077922,-0.02651515151515149,false
7315,reporting,0.43344155844155846,-0.015422077922077948,false
7316,reporting,0.4253246753246753,-0.0159632034632034,false
7317,reporting,0.43993506493506496,-0.01028138528138528,false
7318,reporting,0.43993506493506496,-0.011904761904761918,false
7319,reporting,0.45616883116883117,-0.014339826839826764,false
7320,reporting,0.4496753246753247,-0.005411255411255367,false
7321,reporting,0.45292207792207795,-0.002705627705627711,false
7322,reporting,0.4642857142857143,-0.01433982683982682,false
7323,reporting,0.45292207792207795,-0.004058441558441539,false
7324,reporting,0.5,-0.019480519480519543,false
7325,strong,0.573051948051948,0.015963203463203457,false
7326,strong,0.6136363636363636,0.0400432900432901,false
7327,strong,0.6298701298701299,0.04085497835497842,false
7328,strong,0.6347402597402597,0.0405844155844155,false
7329,strong,0.676948051948052,0.03679653679653683,false
7330,strong,0.7159090909090909,0.0576298701298702,false
7331,strong,0.702922077922078,0.06601731601731609,false
7332,strong,0.7532467532467533,0.05952380952380942,false
7333,strong,0.7142857142857143,0.07224025974025972,false
7334,strong,0.797077922077922,0.07792207792207784,false
7335,strong,0.7435064935064936,0.0760281385281385,false
7336,strong,0.7824675324675324,0.07792207792207784,false
7337,strong,0.7922077922077922,0.06466450216450215,false
7338,strong,0.7922077922077922,0.08522727272727293,false
7339,strong,0.8003246753246753,0.08279220779220775,false
7340,strong,0.8003246753246753,0.0846861471861472,false
7341,strong,0.8068181818181818,0.08522727272727271,false
7342,strong,0.814935064935065,0.07332251082251096,false
7343,strong,0.8035714285714286,0.08414502164502158,false
7344,strong,0.810064935064935,0.08603896103896091,false
7345,strong,0.7954545454545454,0.08143939393939392,false
7346,strong,0.836038961038961,0.09902597402597402,false
7347,strong,0.7613636363636364,0.0719696969696969,false
7348,strong,0.7987012987012987,0.09550865800865793,false
7349,strong,0.775974025974026,0.10064935064935054,false
7350,strong,0.7224025974025974,0.09307359307359298,false
7351,strong,0.7224025974025974,0.09740259740259738,false
7352,strong,0.6753246753246753,0.08306277056277056,false
7353,strong,0.7094155844155844,0.10146103896103897,false
7354,strong,0.6201298701298701,0.08603896103896103,false
7355,strong,0.6525974025974026,0.09145021645021645,true
7356,strong,0.4935064935064935,0.0800865800865801,true
7357,strong,0.3555194805194805,0.05330086580086579,true
7358,strong,0.0,0.0,true
7359,nascent,0.5892857142857143,0.0028860028860029363,false
7360,nascent,0.6363636363636364,-0.017694805194805263,false
7361,nascent,0.6412337662337663,-0.024350649350649345,false
7362,nascent,0.7094155844155844,-0.009415584415584544,false
7363,nascent,0.7305194805194806,-0.0009740259740259605,false
7364,reporting,0.7077922077922078,-0.002759740259740351,false
7365,reporting,0.762987012987013,-0.006168831168831157,false
7366,reporting,0.7175324675324676,-0.00032467532467517213,false
7367,reporting,0.801948051948052,-0.0014610389610389962,false
7368,reporting,0.7467532467532467,-0.0029220779220779924,false
7369,reporting,0.7840909090909091,-0.00454545454545463,false
7370,reporting,0.8116883116883117,-0.003409090909090917,false
7371,reporting,0.7873376623376623,-0.0037337662337663113,false
7372,reporting,0.7987012987012987,-0.00454545454545463,false
7373,reporting,0.7954545454545454,-0.005357142857142949,false
7374,reporting,0.8035714285714286,-0.004707792207792161,false
7375,reporting,0.823051948051948,-0.004707792207792272,false
7376,reporting,0.8003246753246753,-0.004383116883116767,false
7377,reporting,0.8035714285714286,-0.007792207792207684,false
7378,reporting,0.7938311688311688,-0.005357142857142838,false
7379,reporting,0.8295454545454546,-0.0029220779220779924,false
7380,reporting,0.7613636363636364,-0.013961038961038952,false
7381,strong,0.7987012987012987,0.0012987012987013546,false
7382,reporting,0.7711038961038961,-0.0012987012987013546,false
7383,strong,0.7224025974025974,0.0029220779220777704,false
7384,strong,0.7207792207792207,0.004870129870129802,false
7385,strong,0.6737012987012987,0.0009740259740260715,false
7386,strong,0.7094155844155844,0.007792207792207795,false
7387,strong,0.6201298701298701,0.0040584415584414835,false
7388,strong,0.6525974025974026,0.0001623376623377526,true
7389,strong,0.49188311688311687,0.005844155844155929,true
7390,strong,0.3538961038961039,0.0025974025974026538,true
7391,strong,0.0,0.0,true
7392,nascent,0.7077922077922078,0.004058441558441261,false
7393,nascent,0.7288961038961039,0.01576994434137291,false
7394,nascent,0.788961038961039,0.05496289424860856,false
7395,nascent,0.7711038961038961,0.057282003710575125,false
7396,nascent,0.775974025974026,0.05797773654916527,false
7397,strong,0.7678571428571429,0.059253246753246724,false
7398,strong,0.7581168831168831,0.02527829313543606,false
7399,strong,0.7321428571428571,0.035598330241187526,false
7400,strong,0.724025974025974,0.013914656771799705,false
7401,strong,0.6964285714285714,0.007073283858998192,false
7402,strong,0.6558441558441559,0.012987012987012991,false
7403,strong,0.6493506493506493,0.008580705009276546,false
7404,strong,0.6542207792207793,0.04788961038961059,false
7405,reporting,0.6347402597402597,-0.002319109461966562,false
7406,reporting,0.551948051948052,-0.005102040816326481,false
7407,reporting,0.5811688311688312,-0.009740259740259605,true
7408,reporting,0.4301948051948052,-0.00858070500927649,true
7409,strong,0.3457792207792208,0.02817717996289426,true
7410,strong,0.0,0.0,true
7411,nascent,0.18344155844155843,0.004870129870129886,false
7412,nascent,0.18344155844155843,0.003246753246753248,false
7413,nascent,0.18344155844155843,-0.003246753246753248,false
7414,nascent,0.20292207792207792,0.0051948051948051965,false
7415,nascent,0.2662337662337662,-0.021103896103896125,false
7416,reporting,0.288961038961039,-0.021428571428571408,false
7417,reporting,0.3181818181818182,-0.0019480519480519765,false
7418,strong,0.3538961038961039,0.02326839826839827,false
7419,strong,0.35064935064935066,0.01785714285714285,false
7420,strong,0.35064935064935066,0.026515151515151547,false
7421,strong,0.3555194805194805,0.016504329004328966,false
7422,strong,0.36038961038961037,0.018398268398268358,false
7423,strong,0.38961038961038963,0.02083333333333337,false
7424,strong,0.36363636363636365,0.021103896103896125,false
7425,strong,0.44642857142857145,0.03165584415584416,false
7426,strong,0.4594155844155844,0.041937229437229384,false
7427,strong,0.45616883116883117,0.027056277056277,false
7428,strong,0.46915584415584416,0.03760822510822509,false
7429,strong,0.4675324675324675,0.034090909090909005,false
7430,strong,0.4902597402597403,0.041396103896103875,false
7431,strong,0.4707792207792208,0.03030303030303033,false
7432,strong,0.474025974025974,0.025974025974025983,false
7433,strong,0.5,0.026244588744588737,false
7434,strong,0.4772727272727273,0.022186147186147143,false
7435,strong,0.5113636363636364,0.027326839826839755,false
7436,strong,0.5113636363636364,0.020292207792207806,false
7437,strong,0.5032467532467533,0.019480519480519487,false
7438,strong,0.5113636363636364,0.019480519480519487,false
7439,strong,0.5146103896103896,0.019480519480519487,false
7440,strong,0.5373376623376623,0.024891774891774854,false
7441,strong,0.5162337662337663,0.0243506493506494,false
7442,strong,0.5162337662337663,0.020021645021644996,false
7443,strong,0.5422077922077922,0.02056277056277056,false
7444,strong,0.5178571428571429,0.025974025974026038,false
7445,strong,0.5957792207792207,0.031655844155844215,false
7446,strong,0.6331168831168831,0.02678571428571419,false
7447,strong,0.6542207792207793,0.031385281385281405,false
7448,strong,0.6704545454545454,0.02867965367965364,false
7449,strong,0.6753246753246753,0.032196969696969835,false
7450,strong,0.7272727272727273,0.03165584415584399,false
7451,strong,0.7353896103896104,0.023268398268398105,false
7452,strong,0.7126623376623377,0.02083333333333326,false
7453,strong,0.775974025974026,0.018127705627705604,false
7454,strong,0.7207792207792207,0.015692640692640647,false
7455,strong,0.8068181818181818,0.017586580086579984,false
7456,strong,0.7483766233766234,0.011904761904761973,false
7457,strong,0.7922077922077922,0.014880952380952328,false
7458,strong,0.8181818181818182,0.011904761904761862,false
7459,strong,0.7938311688311688,0.012175324675324672,false
7460,strong,0.801948051948052,0.010822510822510956,false
7461,strong,0.8003246753246753,0.012445887445887371,false
7462,strong,0.8051948051948052,0.010010822510822526,false
7463,strong,0.827922077922078,0.011634199134199164,false
7464,strong,0.801948051948052,0.009199134199134207,false
7465,strong,0.8116883116883117,0.014610389610389518,false
7466,strong,0.797077922077922,0.021645021645021578,false
7467,strong,0.836038961038961,0.17288961038961037,false
7468,strong,0.7775974025974026,0.14069264069264076,false
7469,strong,0.801948051948052,0.15827922077922085,false
7470,strong,0.7775974025974026,0.1563852813852814,false
7471,strong,0.7224025974025974,0.14393939393939392,false
7472,strong,0.7224025974025974,0.14475108225108224,false
7473,strong,0.6737012987012987,0.12256493506493504,false
7474,strong,0.711038961038961,0.13933982683982682,false
7475,strong,0.6217532467532467,0.11931818181818177,false
7476,strong,0.6542207792207793,0.1298701298701299,true
7477,strong,0.4902597402597403,0.08847402597402604,true
7478,strong,0.3522727272727273,0.06547619047619047,true
7479,degraded,0.0,0.0,true
7480,nascent,0.3522727272727273,-0.07463474025974037,false
7481,nascent,0.39935064935064934,-0.005644923258559642,false
7482,nascent,0.413961038961039,0.009018759018758982,false
7483,nascent,0.42857142857142855,0.0121572871572872,false
7484,nascent,0.41883116883116883,0.0010461760461760727,false
7485,reporting,0.4431818181818182,-0.005735930735930983,false
7486,strong,0.46266233766233766,0.006673881673881887,false
7487,strong,0.45454545454545453,0.0031024531024532176,false
7488,strong,0.46266233766233766,0.0025613275613275976,false
7489,strong,0.46266233766233766,0.0008297258297260135,false
7490,reporting,0.47564935064935066,-0.005483405483405479,false
7491,strong,0.46915584415584416,0.003282828282828165,false
7492,strong,0.46915584415584416,0.0007575757575757347,false
7493,strong,0.4935064935064935,0.0012626262626261875,false
7494,reporting,0.46915584415584416,-0.0021284271284270906,false
7495,reporting,0.5308441558441559,-0.008963862224731667,false
7496,strong,0.5925324675324676,0.011822416713721196,false
7497,strong,0.6168831168831169,0.01923348390739732,false
7498,strong,0.6363636363636364,0.020654877037855846,false
7499,strong,0.6412337662337663,0.018755180989223574,false
7500,strong,0.6801948051948052,0.010914617297596019,false
7501,strong,0.7012987012987013,0.01205443492677527,false
7502,strong,0.6818181818181818,0.01478308925117422,false
7503,strong,0.7386363636363636,0.016164686377452497,false
7504,strong,0.6883116883116883,0.012952473058856162,false
7505,strong,0.7727272727272727,0.010292898590770982,false
7506,strong,0.7142857142857143,0.0013815971262780558,false
7507,strong,0.7532467532467533,0.0006562586349819766,false
7508,strong,0.788961038961039,0.010741917656811206,false
7509,strong,0.7646103896103896,0.006907985631389724,false
7510,strong,0.775974025974026,0.003764852169107158,false
7511,strong,0.7727272727272727,0.004006631666206184,false
7512,strong,0.7808441558441559,0.0020723956894168616,false
7513,strong,0.8003246753246753,0.0011398176291794737,false
7514,strong,0.7775974025974026,0.0014506769825916033,false
7515,strong,0.7840909090909091,0.004110251450677005,false
7516,strong,0.7727272727272727,0.007880140692640869,false
7517,reporting,0.762987012987013,-0.011972402597402843,false
7518,reporting,0.7483766233766234,-0.00040584415584421496,false
7519,reporting,0.724025974025974,-0.018939393939394145,false
7520,reporting,0.702922077922078,-0.015794101731601562,false
7521,reporting,0.6493506493506493,-0.019683441558441594,false
7522,reporting,0.6477272727272727,-0.02161120129870142,false
7523,reporting,0.6461038961038961,-0.0012851731601729588,false
7524,strong,0.6818181818181818,0.014576569264069139,false
7525,strong,0.5909090909090909,0.005850919913420016,false
7526,strong,0.625,0.007913961038961026,true
7527,strong,0.4642857142857143,0.0007440476190475609,true
7528,reporting,0.3262987012987013,-0.003889339826839866,true
7529,strong,0.0,0.0,true
7530,nascent,0.05194805194805195,-0.06349206349206347,false
7531,nascent,0.056818181818181816,-0.06277056277056278,false
7532,nascent,0.06168831168831169,-0.062012987012987,false
7533,nascent,0.06168831168831169,-0.060714285714285714,false
7534,nascent,0.08279220779220779,-0.06834415584415583,false
7535,reporting,0.08766233766233766,-0.07485569985569984,false
7536,reporting,0.08766233766233766,-0.07539682539682535,false
7537,reporting,0.08766233766233766,-0.07954545454545453,false
7538,reporting,0.08766233766233766,-0.07936507936507933,false
7539,reporting,0.08766233766233766,-0.08026695526695526,false
7540,reporting,0.08766233766233766,-0.0818903318903319,false
7541,reporting,0.08928571428571429,-0.08134920634920632,false
7542,reporting,0.08928571428571429,-0.07864357864357864,false
7543,reporting,0.08928571428571429,-0.07647907647907647,false
7544,reporting,0.1331168831168831,-0.10137085137085139,false
7545,reporting,0.1461038961038961,-0.11555489964580876,false
7546,reporting,0.1461038961038961,-0.128689492325856,false
7547,reporting,0.1590909090909091,-0.12470484061393158,false
7548,reporting,0.16396103896103897,-0.12824675324675328,false
7549,reporting,0.16883116883116883,-0.12839433293978753,false
7550,reporting,0.19155844155844157,-0.12219598583234945,false
7551,reporting,0.19642857142857142,-0.11983471074380161,false
7552,reporting,0.19642857142857142,-0.13122294372294377,false
7553,reporting,0.19642857142857142,-0.11106601731601731,false
7554,reporting,0.27435064935064934,-0.10687229437229434,false
7555,reporting,0.3198051948051948,-0.06764069264069261,false
7556,reporting,0.32954545454545453,-0.05930735930735925,false
7557,reporting,0.33116883116883117,-0.06655844155844154,false
7558,reporting,0.3522727272727273,-0.047943722943722955,false
7559,reporting,0.3685064935064935,-0.04231601731601731,false
7560,reporting,0.3522727272727273,-0.04772727272727273,false
7561,reporting,0.3522727272727273,-0.04891774891774886,false
7562,reporting,0.3814935064935065,-0.042640692640692646,false
7563,reporting,0.3587662337662338,-0.048160173160173125,false
7564,reporting,0.38961038961038963,-0.04404761904761906,false
7565,reporting,0.39285714285714285,-0.04632034632034637,false
7566,reporting,0.3977272727272727,-0.033441558441558494,false
7567,reporting,0.40584415584415584,-0.03495670995670991,false
7568,reporting,0.4172077922077922,-0.027056277056277167,false
7569,reporting,0.4431818181818182,-0.017532467532467566,false
7570,reporting,0.42207792207792205,-0.024134199134199175,false
7571,reporting,0.42207792207792205,-0.02380952380952389,false
7572,reporting,0.44642857142857145,-0.02359307359307361,false
7573,reporting,0.42207792207792205,-0.026948051948052054,false
7574,reporting,0.5032467532467533,-0.03606215213358066,false
7575,reporting,0.5454545454545454,-0.044063079777365455,false
7576,reporting,0.5551948051948052,-0.04402215431627199,false
7577,reporting,0.5746753246753247,-0.04784186401833457,false
7578,reporting,0.5811688311688312,-0.04516806722689071,false
7579,reporting,0.6331168831168831,-0.04497708174178772,false
7580,reporting,0.6688311688311688,-0.031321619556913705,false
7581,reporting,0.6590909090909091,-0.019003055767761734,false
7582,reporting,0.7159090909090909,-0.019194041252864835,false
7583,reporting,0.6607142857142857,-0.023682200152788435,false
7584,reporting,0.7662337662337663,-0.004297173414820388,false
7585,strong,0.7224025974025974,0.002578304048892255,false
7586,strong,0.7597402597402597,0.0010504201680671121,false
7587,reporting,0.7905844155844156,-0.0007639419404124048,false
7588,strong,0.7711038961038961,0.0033422459893048817,false
7589,strong,0.7824675324675324,0.00019098548510299018,false
7590,reporting,0.7808441558441559,-0.0021963330786860524,false
7591,reporting,0.788961038961039,-0.0015278838808251427,false
7592,reporting,0.8084415584415584,-0.0015278838808252537,false
7593,reporting,0.7873376623376623,-0.0006684491978610207,false
7594,reporting,0.7905844155844156,-0.0029602750190985683,false
7595,strong,0.7824675324675324,0.0003819709702062024,false
7596,reporting,0.7694805194805194,-0.014514896867838023,false
7597,strong,0.762987012987013,0.008594346829641109,false
7598,reporting,0.7386363636363636,-0.008880825057295594,false
7599,reporting,0.711038961038961,-0.011650114591291172,false
7600,reporting,0.663961038961039,-0.009740259740259605,false
7601,reporting,0.6558441558441559,-0.013177998472116093,false
7602,strong,0.6607142857142857,0.00697097020626436,false
7603,reporting,0.6428571428571429,-0.010599694423223949,false
7604,reporting,0.5616883116883117,-0.006970970206264471,false
7605,reporting,0.5876623376623377,-0.012796027501909779,true
7606,reporting,0.43506493506493504,-0.013941940412528775,true
7607,reporting,0.2905844155844156,-0.019671504965622588,true
7608,strong,0.0,0.0,true
7609,nascent,0.5,-0.03980801806888756,false
7610,nascent,0.6152597402597403,0.0345496894409939,false
7611,nascent,0.6347402597402597,0.03709062676454011,false
7612,nascent,0.6607142857142857,0.04500552638850519,false
7613,nascent,0.6623376623376623,0.039859077093119644,false
7614,strong,0.7142857142857143,0.04500552638850508,false
7615,strong,0.7256493506493507,0.036405084277424615,false
7616,strong,0.6996753246753247,0.032640232108317124,false
7617,strong,0.7483766233766234,0.025904946117712213,false
7618,strong,0.7191558441558441,0.04379662890301195,false
7619,strong,0.8051948051948052,0.042760431058303516,false
7620,strong,0.7516233766233766,0.03871925946394039,false
7621,strong,0.7905844155844156,0.03799392097264431,false
7622,strong,0.8035714285714286,0.025352307267200835,false
7623,strong,0.7922077922077922,0.034505388228792344,false
7624,strong,0.8068181818181818,0.03460900801326294,false
7625,strong,0.8051948051948052,0.03647416413373872,false
7626,strong,0.8116883116883117,0.03291655153357265,false
7627,strong,0.8181818181818182,0.01899696048632238,false
7628,strong,0.8084415584415584,0.03229483282674739,false
7629,strong,0.8165584415584416,0.03657778391820954,false
7630,strong,0.8035714285714286,0.038724296536796765,false
7631,strong,0.7954545454545454,0.02049512987012958,false
7632,strong,0.7808441558441559,0.03206168831168832,false
7633,strong,0.7581168831168831,0.015151515151514916,false
7634,strong,0.7337662337662337,0.015050054112554223,false
7635,strong,0.676948051948052,0.007913961038961026,false
7636,strong,0.676948051948052,0.007609577922077837,false
7637,strong,0.6753246753246753,0.0279356060606063,false
7638,strong,0.711038961038961,0.0437973484848484,false
7639,strong,0.6201298701298701,0.035071699134199164,false
7640,strong,0.6542207792207793,0.037134740259740284,true
7641,strong,0.49188311688311687,0.028341450216450126,true
7642,strong,0.3555194805194805,0.025331439393939337,true
7643,strong,0.0,0.0,true
7644,nascent,0.10227272727272728,0.0,false
7645,nascent,0.10227272727272728,0.0,false
7646,nascent,0.1185064935064935,0.0,false
7647,nascent,0.12175324675324675,0.0,false
7648,nascent,0.12987012987012986,0.0,false
7649,microstate,0.12987012987012986,0.0,false
7650,microstate,0.12987012987012986,0.0,false
7651,microstate,0.12987012987012986,0.0,false
7652,microstate,0.12987012987012986,0.0,false
7653,microstate,0.12987012987012986,0.0,false
7654,microstate,0.12987012987012986,0.0,false
7655,microstate,0.1331168831168831,0.0,false
7656,microstate,0.13636363636363635,-0.03977272727272729,false
7657,microstate,0.13636363636363635,-0.03977272727272729,false
7658,microstate,0.12824675324675325,-0.0413961038961039,false
7659,microstate,0.13636363636363635,-0.03977272727272729,false
7660,microstate,0.13636363636363635,-0.03977272727272729,false
7661,microstate,0.15097402597402598,-0.03327922077922077,false
7662,microstate,0.15746753246753248,-0.03084415584415584,false
7663,microstate,0.15746753246753248,-0.020292207792207778,false
7664,microstate,0.15584415584415584,-0.024756493506493532,false
7665,microstate,0.15746753246753248,-0.021915584415584416,false
7666,microstate,0.19642857142857142,-0.021103896103896097,false
7667,microstate,0.19155844155844157,-0.03530844155844154,false
7668,microstate,0.20616883116883117,-0.03652597402597402,false
7669,microstate,0.22077922077922077,-0.03774350649350652,false
7670,microstate,0.2224025974025974,-0.03855519480519479,false
7671,microstate,0.25487012987012986,-0.026298701298701266,false
7672,microstate,0.26461038961038963,-0.02759740259740262,false
7673,microstate,0.25811688311688313,-0.02987012987012988,false
7674,microstate,0.29707792207792205,-0.017207792207792283,false
7675,microstate,0.26785714285714285,-0.03149350649350652,false
7676,microstate,0.2857142857142857,-0.047727272727272674,false
7677,microstate,0.26461038961038963,-0.04935064935064931,false
7678,microstate,0.2824675324675325,-0.050649350649350666,false
7679,microstate,0.3133116883116883,-0.043831168831168776,false
7680,microstate,0.28733766233766234,-0.05909090909090908,false
7681,microstate,0.29707792207792205,-0.0665584415584416,false
7682,microstate,0.2922077922077922,-0.06720779220779216,false
7683,microstate,0.32305194805194803,-0.05032467532467533,false
7684,microstate,0.33116883116883117,-0.05681818181818177,false
7685,microstate,0.32305194805194803,-0.052272727272727304,false
7686,microstate,0.32142857142857145,-0.05194805194805191,false
7687,microstate,0.32142857142857145,-0.049675324675324595,false
7688,microstate,0.3068181818181818,-0.049675324675324706,false
7689,microstate,0.32954545454545453,-0.04577922077922081,false
7690,microstate,0.30844155844155846,-0.05779220779220773,false
7691,microstate,0.3133116883116883,-0.04253246753246753,false
7692,microstate,0.29707792207792205,-0.027272727272727282,false
7693,microstate,0.3003246753246753,-0.025974025974025983,false
7694,microstate,0.29545454545454547,-0.02532467532467525,false
7695,microstate,0.3327922077922078,-0.018506493506493527,false
7696,microstate,0.29545454545454547,-0.01428571428571429,false
7697,microstate,0.3116883116883117,-0.025000000000000022,true
7698,microstate,0.19480519480519481,-0.007792207792207795,true
7699,microstate,0.1331168831168831,-0.002922077922077909,true
7700,microstate,0.0,0.0,true
7701,nascent,0.1038961038961039,-0.010551948051948035,false
7702,nascent,0.10876623376623376,-0.010551948051948062,false
7703,nascent,0.14123376623376624,0.011827458256029683,false
7704,nascent,0.14123376623376624,0.006261595547309817,false
7705,nascent,0.16396103896103897,-0.006029684601113139,false
7706,reporting,0.14123376623376624,-0.027133580705009264,false
7707,reporting,0.14123376623376624,-0.02945269016697588,false
7708,reporting,0.14123376623376624,-0.03617810760667903,false
7709,reporting,0.14123376623376624,-0.037801484230055665,false
7710,reporting,0.16233766233766234,-0.024118738404452694,false
7711,reporting,0.17045454545454544,-0.016465677179962918,false
7712,reporting,0.17045454545454544,-0.016465677179962918,false
7713,reporting,0.17207792207792208,-0.01507421150278293,false
7714,strong,0.19967532467532467,0.008116883116883106,false
7715,strong,0.30844155844155846,0.038729128014842296,false
7716,strong,0.33116883116883117,0.038265306122448994,false
7717,strong,0.362012987012987,0.056586270871985145,false
7718,strong,0.36363636363636365,0.05936920222634512,false
7719,strong,0.3652597402597403,0.0600649350649351,false
7720,strong,0.36688311688311687,0.05426716141001853,false
7721,strong,0.3847402597402597,0.07487824675324672,false
7722,strong,0.38636363636363635,0.0736607142857143,false
7723,strong,0.41233766233766234,0.07792207792207795,false
7724,strong,0.38636363636363635,0.07508116883116883,false
7725,strong,0.4642857142857143,0.07995129870129869,false
7726,strong,0.45616883116883117,0.08207070707070707,false
7727,strong,0.4577922077922078,0.05032467532467533,false
7728,strong,0.4577922077922078,0.046176046176046204,false
7729,strong,0.4577922077922078,0.04870129870129869,false
7730,strong,0.47564935064935066,0.05303030303030304,false
7731,strong,0.4577922077922078,0.04743867243867245,false
7732,strong,0.4577922077922078,0.0452741702741703,false
7733,strong,0.4707792207792208,0.038780663780663804,false
7734,strong,0.461038961038961,0.04238816738816731,false
7735,strong,0.49512987012987014,0.05122655122655123,false
7736,strong,0.5081168831168831,0.05519480519480513,false
7737,strong,0.5,0.05393217893217894,false
7738,strong,0.5081168831168831,0.056096681096681034,false
7739,strong,0.5081168831168831,0.05429292929292928,false
7740,strong,0.5308441558441559,0.059704184704184704,false
7741,strong,0.5097402597402597,0.04960317460317454,false
7742,strong,0.5097402597402597,0.04599567099567098,false
7743,strong,0.5340909090909091,0.04292929292929293,false
7744,strong,0.5097402597402597,0.04130591630591618,false
7745,strong,0.5827922077922078,0.04870129870129869,false
7746,strong,0.625,0.04852092352092352,false
7747,strong,0.637987012987013,0.05068542568542567,false
7748,strong,0.6574675324675324,0.05357142857142849,false
7749,strong,0.6607142857142857,0.051406926406926345,false
7750,strong,0.7142857142857143,0.058080808080808066,false
7751,strong,0.7321428571428571,0.05555555555555558,false
7752,strong,0.7094155844155844,0.06204906204906202,false
7753,strong,0.7694805194805194,0.06439393939393934,false
7754,strong,0.7175324675324676,0.06385281385281405,false
7755,strong,0.801948051948052,0.06565656565656575,false
7756,strong,0.7483766233766234,0.06331168831168832,false
7757,strong,0.7808441558441559,0.050865800865800836,false
7758,strong,0.8051948051948052,0.044552669552669566,false
7759,strong,0.7840909090909091,0.04238816738816731,false
7760,strong,0.7922077922077922,0.03246753246753242,false
7761,strong,0.7954545454545454,0.04040404040404044,false
7762,strong,0.8003246753246753,0.03409090909090917,false
7763,strong,0.823051948051948,0.03643578643578638,false
7764,strong,0.7987012987012987,0.02867965367965364,false
7765,strong,0.8035714285714286,0.02813852813852802,false
7766,strong,0.7954545454545454,0.029581529581529598,false
7767,strong,0.8344155844155844,0.045634920634920584,false
7768,strong,0.7711038961038961,0.024350649350649345,false
7769,strong,0.7987012987012987,0.03589466089466098,false
7770,strong,0.7743506493506493,0.03589466089466076,false
7771,strong,0.7224025974025974,0.03354978354978355,false
7772,strong,0.7224025974025974,0.03553391053391053,false
7773,strong,0.6737012987012987,0.026695526695526772,false
7774,strong,0.7077922077922078,0.031746031746031744,false
7775,strong,0.6185064935064936,0.023629148629148777,false
7776,strong,0.6525974025974026,0.027417027417027562,true
7777,strong,0.4935064935064935,0.025432900432900474,true
7778,strong,0.3555194805194805,0.02525252525252525,true
7779,strong,0.0,0.0,true
7780,nascent,0.14772727272727273,0.03849721706864563,false
7781,nascent,0.1525974025974026,0.03849721706864563,false
7782,nascent,0.18993506493506493,0.05983302411873839,false
7783,nascent,0.2012987012987013,0.07413419913419916,false
7784,nascent,0.25,0.08387445887445885,false
7785,strong,0.2483766233766234,0.08369408369408371,false
7786,strong,0.2483766233766234,0.08369408369408371,false
7787,strong,0.2483766233766234,0.08152958152958154,false
7788,strong,0.2483766233766234,0.0753968253968254,false
7789,strong,0.25,0.06607142857142853,false
7790,strong,0.2483766233766234,0.06331168831168829,false
7791,strong,0.2483766233766234,0.06136363636363637,false
7792,strong,0.2483766233766234,0.06038961038961041,false
7793,strong,0.2483766233766234,0.06314935064935065,false
7794,strong,0.35064935064935066,0.08928571428571425,false
7795,strong,0.37662337662337664,0.09642857142857142,false
7796,strong,0.37987012987012986,0.09496753246753248,false
7797,strong,0.37987012987012986,0.09448051948051944,false
7798,strong,0.37987012987012986,0.09464285714285708,false
7799,strong,0.3814935064935065,0.09480519480519478,false
7800,strong,0.39935064935064934,0.0982142857142857,false
7801,strong,0.400974025974026,0.09853896103896098,false
7802,strong,0.413961038961039,0.08798701298701306,false
7803,strong,0.400974025974026,0.0969155844155844,false
7804,strong,0.487012987012987,0.1212662337662338,false
7805,strong,0.4675324675324675,0.11412337662337663,false
7806,strong,0.474025974025974,0.11217532467532465,false
7807,strong,0.474025974025974,0.11217532467532465,false
7808,strong,0.47564935064935066,0.11314935064935067,false
7809,strong,0.49512987012987014,0.11396103896103887,false
7810,strong,0.47564935064935066,0.10795454545454536,false
7811,strong,0.47564935064935066,0.10860389610389609,false
7812,strong,0.48863636363636365,0.1008116883116883,false
7813,strong,0.4788961038961039,0.10925324675324677,false
7814,strong,0.512987012987013,0.11996753246753245,false
7815,strong,0.512987012987013,0.11996753246753245,false
7816,strong,0.5048701298701299,0.11834415584415592,false
7817,strong,0.512987012987013,0.11785714285714288,false
7818,strong,0.5194805194805194,0.12061688311688312,false
7819,strong,0.5422077922077922,0.12548701298701304,false
7820,strong,0.5211038961038961,0.11915584415584413,false
7821,strong,0.5211038961038961,0.11883116883116884,false
7822,strong,0.5324675324675324,0.11071428571428571,false
7823,strong,0.5211038961038961,0.11883116883116884,false
7824,strong,0.6038961038961039,0.14464285714285718,false
7825,strong,0.6396103896103896,0.12085137085137077,false
7826,strong,0.6542207792207793,0.12031024531024526,false
7827,strong,0.6704545454545454,0.121933621933622,false
7828,strong,0.6737012987012987,0.12012987012987009,false
7829,strong,0.7305194805194806,0.13077200577200576,false
7830,strong,0.7386363636363636,0.12824675324675328,false
7831,strong,0.7175324675324676,0.12788600288600283,false
7832,strong,0.7613636363636364,0.11976911976911975,false
7833,strong,0.7224025974025974,0.12536075036075034,false
7834,strong,0.8084415584415584,0.13654401154401163,false
7835,strong,0.7548701298701299,0.12896825396825395,false
7836,strong,0.7938311688311688,0.1293290043290044,false
7837,strong,0.8068181818181818,0.11994949494949492,false
7838,strong,0.7954545454545454,0.12878787878787867,false
7839,strong,0.8084415584415584,0.13149350649350655,false
7840,strong,0.8035714285714286,0.13041125541125553,false
7841,strong,0.8133116883116883,0.13221500721500723,false
7842,strong,0.8311688311688312,0.13203463203463206,false
7843,strong,0.8084415584415584,0.12968975468975463,false
7844,strong,0.8133116883116883,0.13275613275613285,false
7845,strong,0.8035714285714286,0.1298701298701299,false
7846,strong,0.8392857142857143,0.15061327561327553,false
7847,strong,0.7808441558441559,0.11562049062049073,false
7848,strong,0.8051948051948052,0.13582251082251096,false
7849,strong,0.7775974025974026,0.1298701298701299,false
7850,strong,0.7256493506493507,0.12085137085137099,false
7851,strong,0.7159090909090909,0.11670274170274175,false
7852,strong,0.6737012987012987,0.09920634920634919,false
7853,strong,0.702922077922078,0.10606060606060608,false
7854,strong,0.6217532467532467,0.0997474747474747,false
7855,strong,0.6477272727272727,0.09325396825396826,true
7856,strong,0.49188311688311687,0.08315295815295803,true
7857,strong,0.3474025974025974,0.05717893217893216,true
7858,strong,0.0,0.0,true
7859,nascent,0.28084415584415584,-0.10511363636363635,false
7860,nascent,0.2792207792207792,-0.10105519480519481,false
7861,nascent,0.2824675324675325,-0.10714285714285715,false
7862,nascent,0.28733766233766234,-0.1047077922077922,false
7863,nascent,0.288961038961039,-0.11647727272727276,false
7864,reporting,0.288961038961039,-0.10592532467532467,false
7865,reporting,0.288961038961039,-0.10511363636363641,false
7866,reporting,0.3003246753246753,-0.09740259740259738,false
7867,reporting,0.288961038961039,-0.09780844155844154,false
7868,reporting,0.32792207792207795,-0.11607142857142855,false
7869,reporting,0.38311688311688313,-0.11525974025974023,false
7870,reporting,0.3977272727272727,-0.1160714285714286,false
7871,reporting,0.4155844155844156,-0.11525974025974028,false
7872,reporting,0.42207792207792205,-0.11323051948051943,false
7873,reporting,0.4496753246753247,-0.12865259740259738,false
7874,reporting,0.46915584415584416,-0.12621753246753248,false
7875,reporting,0.4577922077922078,-0.11769480519480519,false
7876,reporting,0.49512987012987014,-0.12459415584415584,false
7877,reporting,0.4642857142857143,-0.11972402597402587,false
7878,reporting,0.5194805194805194,-0.13230519480519487,false
7879,reporting,0.48863636363636365,-0.12134740259740262,false
7880,reporting,0.5162337662337663,-0.1302759740259739,false
7881,reporting,0.5292207792207793,-0.13230519480519476,false
7882,reporting,0.5292207792207793,-0.12702922077922074,false
7883,reporting,0.5454545454545454,-0.12540584415584421,false
7884,reporting,0.5405844155844156,-0.11241883116883122,false
7885,reporting,0.5535714285714286,-0.10795454545454541,false
7886,reporting,0.573051948051948,-0.10673701298701299,false
7887,reporting,0.551948051948052,-0.10227272727272729,false
7888,reporting,0.551948051948052,-0.1071428571428572,false
7889,reporting,0.5438311688311688,-0.10551948051948057,false
7890,reporting,0.5275974025974026,-0.10917207792207795,false
7891,reporting,0.5487012987012987,-0.08806818181818188,false
7892,reporting,0.5340909090909091,-0.09659090909090917,false
7893,reporting,0.5162337662337663,-0.09009740259740262,false
7894,reporting,0.474025974025974,-0.08563311688311692,false
7895,reporting,0.48214285714285715,-0.0827922077922078,false
7896,reporting,0.4772727272727273,-0.07792207792207784,false
7897,reporting,0.5064935064935064,-0.05073051948051954,false
7898,reporting,0.4594155844155844,-0.04017857142857151,false
7899,reporting,0.48863636363636365,-0.04423701298701299,true
7900,reporting,0.33766233766233766,-0.038149350649350655,true
7901,reporting,0.2305194805194805,-0.023944805194805185,true
7902,strong,0.0,0.0,true
7903,nascent,0.20292207792207792,0.014610389610389601,false
7904,nascent,0.20454545454545456,0.014610389610389601,false
7905,nascent,0.2532467532467532,0.014610389610389601,false
7906,nascent,0.2483766233766234,0.012987012987012991,false
7907,nascent,0.2483766233766234,0.01542207792207792,false
7908,strong,0.2483766233766234,0.01542207792207792,false
7909,strong,0.2483766233766234,0.01542207792207792,false
7910,strong,0.25,0.01542207792207792,false
7911,strong,0.2483766233766234,0.01542207792207792,false
7912,strong,0.2483766233766234,0.01542207792207792,false
7913,strong,0.2483766233766234,0.01542207792207792,false
7914,strong,0.2483766233766234,0.0056818181818182045,false
7915,reporting,0.34415584415584416,-0.00324675324675322,false
7916,reporting,0.37012987012987014,-0.00324675324675322,false
7917,reporting,0.37337662337662336,-0.0032467532467532756,false
7918,reporting,0.37337662337662336,-0.0032467532467532756,false
7919,reporting,0.37337662337662336,-0.0032467532467532756,false
7920,reporting,0.375,-0.0040584415584415945,false
7921,reporting,0.39285714285714285,-0.004058441558441539,false
7922,reporting,0.3961038961038961,-0.00324675324675322,false
7923,reporting,0.4107142857142857,-0.0032467532467532756,false
7924,reporting,0.3977272727272727,-0.0032467532467532756,false
7925,reporting,0.4788961038961039,-0.005681818181818177,false
7926,reporting,0.4594155844155844,-0.004870129870129913,false
7927,reporting,0.4724025974025974,-0.0032467532467532756,false
7928,reporting,0.4724025974025974,-0.0032467532467532756,false
7929,reporting,0.4724025974025974,-0.0032467532467532756,false
7930,reporting,0.4935064935064935,-0.00324675324675322,false
7931,reporting,0.474025974025974,-0.0032467532467532756,false
7932,reporting,0.474025974025974,-0.0032467532467532756,false
7933,reporting,0.48863636363636365,-0.0032467532467532756,false
7934,reporting,0.4788961038961039,-0.00324675324675322,false
7935,reporting,0.5097402597402597,-0.0032467532467532756,false
7936,reporting,0.5097402597402597,-0.0032467532467532756,false
7937,reporting,0.5016233766233766,-0.0032467532467532756,false
7938,reporting,0.5097402597402597,-0.0032467532467532756,false
7939,reporting,0.512987012987013,-0.0032467532467531646,false
7940,reporting,0.5357142857142857,-0.0032467532467532756,false
7941,reporting,0.5146103896103896,-0.0032467532467531646,false
7942,reporting,0.5146103896103896,-0.0032467532467531646,false
7943,reporting,0.538961038961039,-0.0032467532467531646,false
7944,reporting,0.5146103896103896,-0.0032467532467531646,false
7945,reporting,0.5974025974025974,-0.004870129870129913,false
7946,reporting,0.6331168831168831,-0.005681818181818232,false
7947,reporting,0.6493506493506493,-0.004870129870129913,false
7948,reporting,0.6655844155844156,-0.004870129870129802,false
7949,reporting,0.6672077922077922,-0.00649350649350644,false
7950,reporting,0.724025974025974,-0.006493506493506551,false
7951,reporting,0.7321428571428571,-0.00649350649350644,false
7952,reporting,0.7094155844155844,-0.004870129870129802,false
7953,reporting,0.7678571428571429,-0.004870129870129802,false
7954,reporting,0.7159090909090909,-0.0032467532467531646,false
7955,reporting,0.801948051948052,-0.0032467532467532756,false
7956,reporting,0.7483766233766234,-0.0024350649350649567,false
7957,reporting,0.7857142857142857,-0.004870129870129802,false
7958,reporting,0.8133116883116883,-0.0040584415584415945,false
7959,reporting,0.788961038961039,-0.0040584415584415945,false
7960,reporting,0.801948051948052,-0.0040584415584414835,false
7961,strong,0.8035714285714286,0.0,false
7962,reporting,0.8084415584415584,-0.0024350649350649567,false
7963,reporting,0.8295454545454546,-0.0016233766233766378,false
7964,reporting,0.8035714285714286,-0.0032467532467532756,false
7965,reporting,0.8133116883116883,-0.0008116883116883189,false
7966,reporting,0.8003246753246753,-0.0024350649350649567,false
7967,reporting,0.8392857142857143,-0.0008116883116883189,false
7968,reporting,0.7792207792207793,-0.0016233766233766378,false
7969,reporting,0.801948051948052,-0.0024350649350648457,false
7970,strong,0.7792207792207793,0.0,false
7971,strong,0.7272727272727273,0.0,false
7972,strong,0.724025974025974,0.0,false
7973,strong,0.6753246753246753,0.0,false
7974,strong,0.711038961038961,0.0,false
7975,strong,0.6217532467532467,0.0,false
7976,strong,0.6542207792207793,0.0,true
7977,strong,0.4935064935064935,0.0,true
7978,strong,0.3555194805194805,0.0,true
7979,strong,0.0,0.0,true
7980,nascent,0.12337662337662338,-0.034740259740259724,false
7981,nascent,0.12824675324675325,-0.03474025974025979,false
7982,nascent,0.1590909090909091,-0.006980519480519504,false
7983,nascent,0.1590909090909091,-0.008685064935064962,false
7984,nascent,0.20454545454545456,-0.0056818181818182045,false
7985,reporting,0.20292207792207792,-0.009334415584415584,false
7986,reporting,0.20292207792207792,-0.009902597402597413,false
7987,reporting,0.20292207792207792,-0.013555194805194792,false
7988,reporting,0.20292207792207792,-0.01323051948051951,false
7989,reporting,0.20941558441558442,-0.008847402597402604,false
7990,reporting,0.2077922077922078,-0.009821428571428564,false
7991,reporting,0.2077922077922078,-0.010308441558441545,false
7992,reporting,0.2077922077922078,-0.009983766233766206,false
7993,reporting,0.2077922077922078,-0.01469155844155845,false
7994,reporting,0.30194805194805197,-0.017532467532467455,false
7995,reporting,0.32792207792207795,-0.015665584415584466,false
7996,reporting,0.32792207792207795,-0.019561688311688252,false
7997,reporting,0.32792207792207795,-0.0168240850059031,false
7998,reporting,0.32792207792207795,-0.01387249114521838,false
7999,reporting,0.32954545454545453,-0.016676505312868906,false
8000,reporting,0.34415584415584416,-0.01566911349520045,false
8001,reporting,0.3457792207792208,-0.013595779220779203,false
8002,reporting,0.37337662337662336,-0.011160714285714246,false
8003,reporting,0.3474025974025974,-0.014339826839826875,false
8004,reporting,0.4237012987012987,-0.015083874458874436,false
8005,reporting,0.4155844155844156,-0.009334415584415445,false
8006,reporting,0.3977272727272727,-0.043898809523809534,false
8007,reporting,0.4090909090909091,-0.03233225108225107,false
8008,reporting,0.41233766233766234,-0.016296203796203834,false
8009,reporting,0.4431818181818182,-0.002497502497502413,false
8010,strong,0.42694805194805197,0.003908128908128972,false
8011,strong,0.42857142857142855,0.0034271284271284452,false
8012,strong,0.45616883116883117,0.006132756132756101,false
8013,reporting,0.40584415584415584,-0.012035378414688713,false
8014,reporting,0.43344155844155846,-0.005952380952380987,false
8015,reporting,0.43344155844155846,-0.008116883116883133,false
8016,reporting,0.4237012987012987,-0.0005073051948051299,false
8017,reporting,0.4318181818181818,-0.008421266233766211,false
8018,reporting,0.4383116883116883,-0.0019677292404565727,false
8019,strong,0.4642857142857143,0.004968516332152784,false
8020,reporting,0.4431818181818182,-0.0020661157024792765,false
8021,strong,0.4707792207792208,0.023612750885478262,false
8022,strong,0.5097402597402597,0.037780401416764975,false
8023,strong,0.48538961038961037,0.03694411648957108,false
8024,strong,0.5568181818181818,0.039698937426210223,false
8025,strong,0.6022727272727273,0.04717630853994481,false
8026,strong,0.6185064935064936,0.045946477764659766,false
8027,strong,0.6396103896103896,0.05047225501770958,false
8028,strong,0.6461038961038961,0.052194018103108863,false
8029,strong,0.698051948051948,0.05706414797323889,false
8030,strong,0.7061688311688312,0.052194018103108974,false
8031,strong,0.6834415584415584,0.051948051948051965,false
8032,strong,0.7435064935064936,0.05450609996064559,false
8033,strong,0.6883116883116883,0.051652892561983355,false
8034,strong,0.7662337662337663,0.05076741440377808,false
8035,strong,0.7175324675324676,0.04845533254624168,false
8036,strong,0.7581168831168831,0.051505312868949105,false
8037,strong,0.7857142857142857,0.05475206611570271,false
8038,strong,0.7646103896103896,0.05573593073593075,false
8039,strong,0.7727272727272727,0.052784336875245974,false
8040,strong,0.7743506493506493,0.05396497441951986,false
8041,strong,0.7808441558441559,0.052439984258166095,false
8042,strong,0.8035714285714286,0.05529319165682822,false
8043,strong,0.7775974025974026,0.051751279024006114,false
8044,strong,0.7824675324675324,0.054063360881542843,false
8045,strong,0.7727272727272727,0.05239079102715449,false
8046,strong,0.810064935064935,0.08136560409287663,false
8047,strong,0.75,0.03886265249901588,false
8048,strong,0.7743506493506493,0.06326249508067683,false
8049,strong,0.7467532467532467,0.05740850059031877,false
8050,strong,0.698051948051948,0.03979732388823298,false
8051,strong,0.6931818181818182,0.03689492325855959,false
8052,strong,0.6428571428571429,0.032319952774498395,false
8053,strong,0.6785714285714286,0.02858126721763088,false
8054,strong,0.5892857142857143,0.02080873671782757,false
8055,strong,0.6233766233766234,0.02105470287288458,true
8056,strong,0.4642857142857143,0.01854584809130272,true
8057,strong,0.3262987012987013,0.006395120031483681,true
8058,strong,0.0,0.0,true
8059,nascent,0.3457792207792208,0.04646915584415584,false
8060,nascent,0.349025974025974,0.03997564935064929,false
8061,nascent,0.35064935064935066,0.0387205387205386,false
8062,nascent,0.35064935064935066,0.032635467980295485,false
8063,nascent,0.3392857142857143,0.021053165584415612,false
8064,strong,0.35714285714285715,0.015625,false
8065,strong,0.37337662337662336,0.032658517952635524,false
8066,strong,0.38636363636363635,0.03177179962894244,false
8067,strong,0.375,0.03654791154791148,false
8068,strong,0.45292207792207795,0.04742892242892238,false
8069,strong,0.4383116883116883,0.04220779220779225,false
8070,strong,0.44805194805194803,0.035100035100035065,false
8071,strong,0.44805194805194803,0.03308178308178311,false
8072,strong,0.43506493506493504,0.016935766935766983,false
8073,reporting,0.4237012987012987,-0.0032061688311689762,false
8074,strong,0.40584415584415584,0.0008485832349468536,false
8075,strong,0.4107142857142857,0.005772005772005706,false
8076,strong,0.41883116883116883,0.002417027417027484,false
8077,reporting,0.4090909090909091,-0.008694083694083643,false
8078,reporting,0.44155844155844154,-0.007359307359307621,false
8079,reporting,0.4431818181818182,-0.0128066378066376,false
8080,reporting,0.43506493506493504,-0.01637806637806627,false
8081,reporting,0.4431818181818182,-0.01691919191919189,false
8082,reporting,0.4431818181818182,-0.018650793650793474,false
8083,reporting,0.4675324675324675,-0.013600288600288613,false
8084,reporting,0.44805194805194803,-0.01782106782106796,false
8085,reporting,0.44805194805194803,-0.02034632034632039,false
8086,reporting,0.4707792207792208,-0.02146464646464652,false
8087,strong,0.4772727272727273,0.005988455988456043,false
8088,strong,0.5827922077922078,0.04298418972332019,false
8089,strong,0.5876623376623377,0.006952286843591282,false
8090,strong,0.6314935064935064,0.03384387351778684,false
8091,strong,0.6525974025974026,0.03688864327162211,false
8092,strong,0.6623376623376623,0.039859077093119644,false
8093,strong,0.7191558441558441,0.04987565625863488,false
8094,strong,0.7256493506493507,0.036405084277424615,false
8095,strong,0.702922077922078,0.0358869853550704,false
8096,strong,0.7613636363636364,0.038891959104725204,false
8097,strong,0.7094155844155844,0.03405636916275223,false
8098,strong,0.8003246753246753,0.0378903011881736,false
8099,strong,0.7483766233766234,0.035472506217187116,false
8100,strong,0.7873376623376623,0.03474716772589104,false
8101,strong,0.810064935064935,0.031845813760707276,false
8102,strong,0.7922077922077922,0.034505388228792344,false
8103,strong,0.801948051948052,0.02973887814313314,false
8104,strong,0.7987012987012987,0.029980657640232167,false
8105,strong,0.8068181818181818,0.028046421663442733,false
8106,strong,0.8311688311688312,0.03198397347333537,false
8107,strong,0.7808441558441559,0.004697430229344879,false
8108,strong,0.7840909090909091,0.004110251450677005,false
8109,strong,0.7743506493506493,0.009503517316017507,false
8110,reporting,0.7662337662337663,-0.008725649350649567,false
8111,strong,0.7516233766233766,0.0028409090909090606,false
8112,reporting,0.7288961038961039,-0.014069264069264231,false
8113,reporting,0.702922077922078,-0.015794101731601562,false
8114,reporting,0.6428571428571429,-0.026176948051948035,false
8115,reporting,0.6493506493506493,-0.019987824675324783,false
8116,reporting,0.637987012987013,-0.009402056277056037,false
8117,strong,0.6737012987012987,0.006459686147186061,false
8118,strong,0.5925324675324676,0.007474296536796654,false
8119,strong,0.6266233766233766,0.009537337662337664,true
8120,strong,0.4935064935064935,0.029964826839826764,true
8121,strong,0.3538961038961039,0.0237080627705627,true
8122,strong,0.0,0.0,true
8123,nascent,0.31655844155844154,0.017248376623376582,false
8124,nascent,0.31655844155844154,0.007508116883116811,false
8125,nascent,0.30357142857142855,-0.008357383357383508,false
8126,nascent,0.31655844155844154,-0.0014554411106136311,false
8127,nascent,0.3181818181818182,-5.073051948051299e-5,false
8128,reporting,0.3051948051948052,-0.036323051948051965,false
8129,reporting,0.28084415584415584,-0.059873949579832,false
8130,reporting,0.2987012987012987,-0.05589053803339522,false
8131,reporting,0.3068181818181818,-0.031633906633906694,false
8132,reporting,0.3977272727272727,-0.007765882765882859,false
8133,reporting,0.3847402597402597,-0.011363636363636354,false
8134,reporting,0.3944805194805195,-0.018471393471393482,false
8135,reporting,0.3944805194805195,-0.020489645489645436,false
8136,reporting,0.3944805194805195,-0.023648648648648574,false
8137,reporting,0.4155844155844156,-0.011323051948052054,false
8138,reporting,0.3977272727272727,-0.00726829988193628,false
8139,reporting,0.400974025974026,-0.00396825396825401,false
8140,reporting,0.413961038961039,-0.0024531024531023737,false
8141,strong,0.42045454545454547,0.0026695526695527105,false
8142,strong,0.4805194805194805,0.03160173160173135,false
8143,strong,0.4805194805194805,0.024531024531024737,false
8144,strong,0.4724025974025974,0.020959595959596067,false
8145,strong,0.4788961038961039,0.01879509379509381,false
8146,reporting,0.4496753246753247,-0.012157287157286978,false
8147,reporting,0.47564935064935066,-0.005483405483405479,false
8148,reporting,0.45454545454545453,-0.011327561327561464,false
8149,reporting,0.45616883116883117,-0.012229437229437257,false
8150,reporting,0.4805194805194805,-0.011724386724386804,false
8151,strong,0.4837662337662338,0.012481962481962539,false
8152,strong,0.5616883116883117,0.021880293619424118,false
8153,strong,0.599025974025974,0.018315923207227636,false
8154,strong,0.6152597402597403,0.017610107284020682,false
8155,strong,0.6298701298701299,0.014161370544349405,false
8156,reporting,0.6055194805194806,-0.016959104725062124,false
8157,reporting,0.6558441558441559,-0.013436032053053326,false
8158,reporting,0.6655844155844156,-0.023659850787510428,false
8159,reporting,0.6412337662337663,-0.02580132633324128,false
8160,reporting,0.6996753246753247,-0.022796352583586477,false
8161,reporting,0.6737012987012987,-0.001657916551533467,false
8162,strong,0.7987012987012987,0.036266924564796965,false
8163,strong,0.7467532467532467,0.03384912959381048,false
8164,strong,0.7857142857142857,0.0331237911025144,false
8165,strong,0.8133116883116883,0.03509256700746055,false
8166,strong,0.788961038961039,0.03125863498203907,false
8167,strong,0.8003246753246753,0.028115501519756503,false
8168,strong,0.8003246753246753,0.031604034263608805,false
8169,strong,0.8051948051948052,0.026423045040066206,false
8170,strong,0.8311688311688312,0.03198397347333537,false
8171,strong,0.8084415584415584,0.03229483282674739,false
8172,strong,0.814935064935065,0.0349544072948329,false
8173,strong,0.8003246753246753,0.03547754329004349,false
8174,strong,0.8392857142857143,0.06432629870129847,false
8175,strong,0.7792207792207793,0.03043831168831168,false
8176,strong,0.7873376623376623,0.044372294372294174,false
8177,strong,0.7727272727272727,0.0540110930735932,false
8178,strong,0.7256493506493507,0.056615259740259716,false
8179,strong,0.724025974025974,0.05468749999999989,false
8180,strong,0.6753246753246753,0.0279356060606063,false
8181,strong,0.711038961038961,0.0437973484848484,false
8182,strong,0.6217532467532467,0.0366950757575758,false
8183,strong,0.6542207792207793,0.037134740259740284,true
8184,strong,0.4935064935064935,0.029964826839826764,true
8185,strong,0.3555194805194805,0.025331439393939337,true
8186,strong,0.0,0.0,true
8187,nascent,0.137987012987013,-0.007653061224489777,false
8188,nascent,0.14285714285714285,-0.009044526901669764,false
8189,nascent,0.14772727272727273,-0.010899814471243052,false
8190,nascent,0.16071428571428573,-0.004406307977736557,false
8191,nascent,0.21103896103896103,-0.004406307977736584,false
8192,reporting,0.20941558441558442,-0.0034786641929498985,false
8193,reporting,0.20941558441558442,-0.0034786641929498985,false
8194,reporting,0.20941558441558442,-0.0034786641929498985,false
8195,reporting,0.20941558441558442,-0.003014842300556597,false
8196,reporting,0.21103896103896103,-0.003014842300556597,false
8197,reporting,0.20941558441558442,-0.003014842300556597,false
8198,reporting,0.20941558441558442,-0.003014842300556597,false
8199,reporting,0.20941558441558442,-0.003014842300556597,false
8200,reporting,0.20941558441558442,-0.003014842300556597,false
8201,strong,0.31655844155844154,0.005565862708719838,false
8202,strong,0.3425324675324675,0.0067254174397031186,false
8203,strong,0.3457792207792208,0.0067254174397031186,false
8204,strong,0.3457792207792208,0.006493506493506496,false
8205,strong,0.34415584415584416,0.005333951762523215,false
8206,strong,0.3457792207792208,0.005333951762523215,false
8207,strong,0.38311688311688313,0.013682745825602916,false
8208,strong,0.3944805194805195,0.017857142857142905,false
8209,strong,0.42045454545454547,0.025278293135436003,false
8210,strong,0.3944805194805195,0.017857142857142905,false
8211,strong,0.4772727272727273,0.017393320964749492,false
8212,strong,0.4594155844155844,0.019248608534322864,false
8213,strong,0.46915584415584416,0.01901669758812613,false
8214,strong,0.46915584415584416,0.018784786641929507,false
8215,strong,0.4707792207792208,0.016001855287569533,false
8216,strong,0.4935064935064935,0.013682745825602971,false
8217,strong,0.474025974025974,0.012987012987012936,false
8218,strong,0.474025974025974,0.013218923933209559,false
8219,strong,0.5,0.018784786641929507,false
8220,strong,0.4772727272727273,0.013218923933209614,false
8221,strong,0.5113636363636364,0.014610389610389685,false
8222,strong,0.5113636363636364,0.014146567717996383,false
8223,strong,0.5032467532467533,0.014146567717996328,false
8224,strong,0.5113636363636364,0.014146567717996383,false
8225,strong,0.5146103896103896,0.013682745825603027,false
8226,strong,0.5373376623376623,0.013914656771799594,false
8227,strong,0.5162337662337663,0.013682745825602916,false
8228,strong,0.5162337662337663,0.01321892393320967,false
8229,strong,0.5405844155844156,0.01321892393320967,false
8230,strong,0.5162337662337663,0.013450834879406237,false
8231,strong,0.599025974025974,0.014146567717996383,false
8232,strong,0.6347402597402597,0.013218923933209559,false
8233,strong,0.650974025974026,0.03782467532467537,false
8234,strong,0.6655844155844156,0.017694805194805263,false
8235,strong,0.6672077922077922,0.012662337662337708,false
8236,strong,0.7288961038961039,0.01558441558441559,false
8237,strong,0.737012987012987,0.013961038961038952,false
8238,strong,0.711038961038961,0.010389610389610504,false
8239,strong,0.7694805194805194,0.009253246753246569,false
8240,strong,0.7142857142857143,0.0071428571428571175,false
8241,strong,0.8003246753246753,0.006980519480519476,false
8242,strong,0.7467532467532467,0.007467532467532401,false
8243,strong,0.7873376623376623,0.008928571428571508,false
8244,strong,0.8133116883116883,0.008766233766233644,false
8245,strong,0.788961038961039,0.009577922077922074,false
8246,strong,0.8003246753246753,0.00925324675324668,false
8247,strong,0.7987012987012987,0.010227272727272751,false
8248,strong,0.801948051948052,0.006331168831168799,false
8249,strong,0.8246753246753247,0.010551948051948035,false
8250,strong,0.7987012987012987,0.005844155844155763,false
8251,strong,0.8051948051948052,0.00827922077922083,false
8252,strong,0.7938311688311688,0.006980519480519476,false
8253,strong,0.8344155844155844,0.02922077922077937,false
8254,strong,0.7743506493506493,0.009577922077921963,false
8255,strong,0.801948051948052,0.025000000000000133,false
8256,strong,0.7775974025974026,0.026948051948051832,false
8257,strong,0.7256493506493507,0.024350649350649345,false
8258,strong,0.7224025974025974,0.028084415584415656,false
8259,strong,0.672077922077922,0.0040584415584414835,false
8260,strong,0.7094155844155844,0.02467532467532485,false
8261,strong,0.6201298701298701,0.01996753246753258,false
8262,strong,0.6525974025974026,0.01006493506493511,true
8263,strong,0.4935064935064935,0.006818181818181779,true
8264,strong,0.3555194805194805,0.01055194805194809,true
8265,strong,0.0,0.0,true
8266,nascent,0.1672077922077922,-0.010551948051948062,false
8267,nascent,0.1672077922077922,-0.013392857142857179,false
8268,nascent,0.16883116883116883,-0.010551948051948062,false
8269,nascent,0.20616883116883117,-0.011363636363636354,false
8270,nascent,0.22564935064935066,-0.0012175324675324506,false
8271,reporting,0.2353896103896104,-0.007305194805194787,false
8272,reporting,0.25162337662337664,-0.006899350649350655,false
8273,reporting,0.25487012987012986,-0.006087662337662336,false
8274,strong,0.2905844155844156,0.009415584415584488,false
8275,strong,0.3003246753246753,0.008116883116883078,false
8276,strong,0.29545454545454547,0.007467532467532456,false
8277,reporting,0.30844155844155846,-0.005844155844155874,false
8278,strong,0.31655844155844154,0.017207792207792172,false
8279,strong,0.3652597402597403,0.03181818181818191,false
8280,strong,0.3474025974025974,0.03344155844155844,false
8281,strong,0.3652597402597403,0.03214285714285714,false
8282,strong,0.38311688311688313,0.025974025974026038,false
8283,strong,0.387987012987013,0.04155844155844157,false
8284,strong,0.3961038961038961,0.03246753246753248,false
8285,strong,0.3977272727272727,0.03831168831168835,false
8286,strong,0.40584415584415584,0.03246753246753248,false
8287,strong,0.4107142857142857,0.022727272727272763,false
8288,strong,0.4025974025974026,0.027272727272727282,false
8289,strong,0.39935064935064934,0.025974025974025983,false
8290,strong,0.400974025974026,0.029870129870129936,false
8291,strong,0.38636363636363635,0.029870129870129825,false
8292,strong,0.3944805194805195,0.01915584415584415,false
8293,strong,0.39935064935064934,0.033116883116883156,false
8294,strong,0.38311688311688313,0.027272727272727282,false
8295,strong,0.3474025974025974,0.023051948051948046,false
8296,strong,0.349025974025974,0.022727272727272707,false
8297,strong,0.3409090909090909,0.020129870129870164,false
8298,strong,0.3717532467532468,0.020454545454545447,false
8299,strong,0.32305194805194803,0.013311688311688274,false
8300,strong,0.3587662337662338,0.022077922077922085,true
8301,strong,0.20616883116883117,0.0035714285714285587,true
8302,strong,0.13636363636363635,0.00032467532467533866,true
8303,strong,0.0,0.0,true
8304,nascent,0.16396103896103897,-0.013798701298701282,false
8305,nascent,0.16396103896103897,-0.0166396103896104,false
8306,nascent,0.16558441558441558,-0.01379870129870131,false
8307,nascent,0.20616883116883117,-0.011363636363636354,false
8308,nascent,0.23376623376623376,0.006899350649350655,false
8309,microstate,0.25811688311688313,0.015422077922077948,false
8310,microstate,0.27435064935064934,0.015827922077922052,false
8311,microstate,0.275974025974026,0.015016233766233789,false
8312,microstate,0.3003246753246753,0.019155844155844204,false
8313,microstate,0.31006493506493504,0.017857142857142794,false
8314,microstate,0.30357142857142855,0.015584415584415534,false
8315,microstate,0.32954545454545453,0.015259740259740195,false
8316,microstate,0.31493506493506496,0.01558441558441559,false
8317,microstate,0.33766233766233766,0.004220779220779292,false
8318,microstate,0.31655844155844154,0.0025974025974025983,false
8319,microstate,0.3344155844155844,0.0012987012987012436,false
8320,microstate,0.36688311688311687,0.009740259740259771,false
8321,microstate,0.3409090909090909,-0.005519480519480535,false
8322,microstate,0.37012987012987014,0.006493506493506496,false
8323,microstate,0.3685064935064935,0.00909090909090915,false
8324,microstate,0.37662337662337664,0.0032467532467532756,false
8325,microstate,0.3961038961038961,0.008116883116883189,false
8326,microstate,0.37337662337662336,-0.0019480519480519765,false
8327,microstate,0.3717532467532468,-0.0016233766233765823,false
8328,microstate,0.3717532467532468,0.0006493506493507328,false
8329,microstate,0.35714285714285715,0.0006493506493506218,false
8330,microstate,0.37987012987012986,0.004545454545454519,false
8331,microstate,0.3717532467532468,0.005519480519480591,false
8332,microstate,0.3555194805194805,-0.00032467532467533866,false
8333,microstate,0.3181818181818182,-0.006168831168831157,false
8334,microstate,0.32142857142857145,-0.004870129870129858,false
8335,microstate,0.31655844155844154,-0.0042207792207791806,false
8336,microstate,0.349025974025974,-0.002272727272727315,false
8337,microstate,0.30844155844155846,-0.0012987012987012991,false
8338,microstate,0.3457792207792208,0.009090909090909094,true
8339,microstate,0.2077922077922078,0.0051948051948051965,true
8340,microstate,0.13636363636363635,0.00032467532467533866,true
8341,microstate,0.0,0.0,true
8342,nascent,0.2483766233766234,-0.032792207792207734,false
8343,nascent,0.26461038961038963,-0.02759740259740262,false
8344,nascent,0.2564935064935065,-0.03149350649350652,false
8345,nascent,0.2840909090909091,-0.03019480519480522,false
8346,nascent,0.26461038961038963,-0.03474025974025974,false
8347,microstate,0.29383116883116883,-0.03961038961038954,false
8348,microstate,0.27435064935064934,-0.039610389610389596,false
8349,microstate,0.30194805194805197,-0.03116883116883118,false
8350,microstate,0.3198051948051948,-0.03733766233766228,false
8351,microstate,0.3068181818181818,-0.039610389610389596,false
8352,microstate,0.32792207792207795,-0.0357142857142857,false
8353,microstate,0.31655844155844154,-0.042857142857142816,false
8354,microstate,0.3246753246753247,-0.04870129870129869,false
8355,microstate,0.3652597402597403,-0.02272727272727265,false
8356,microstate,0.3457792207792208,-0.02954545454545454,false
8357,microstate,0.3425324675324675,-0.03084415584415584,false
8358,microstate,0.3409090909090909,-0.030194805194805163,false
8359,microstate,0.32954545454545453,-0.026948051948052,false
8360,microstate,0.349025974025974,-0.02629870129870132,false
8361,microstate,0.33766233766233766,-0.028571428571428525,false
8362,microstate,0.3246753246753247,-0.03116883116883118,false
8363,microstate,0.30357142857142855,-0.020779220779220786,false
8364,microstate,0.30357142857142855,-0.022727272727272763,false
8365,microstate,0.2987012987012987,-0.02207792207792203,false
8366,microstate,0.3327922077922078,-0.018506493506493527,false
8367,microstate,0.2987012987012987,-0.01103896103896107,false
8368,microstate,0.31493506493506496,-0.021753246753246747,true
8369,microstate,0.19805194805194806,-0.004545454545454547,true
8370,microstate,0.137987012987013,0.0019480519480519765,true
8371,microstate,0.0,0.0,true
8372,strong,0.38636363636363635,0.012265512265512257,false
8373,strong,0.4253246753246753,0.01785714285714285,false
8374,strong,0.43993506493506496,0.028318903318903355,false
8375,strong,0.4431818181818182,0.03409090909090906,false
8376,strong,0.46266233766233766,0.04004329004329005,false
8377,strong,0.44642857142857145,0.03607503607503609,false
8378,strong,0.43993506493506496,0.02741702741702745,false
8379,strong,0.4659090909090909,0.03391053391053389,false
8380,strong,0.4448051948051948,0.026154401154401097,false
8381,strong,0.4788961038961039,0.034992784992784964,false
8382,strong,0.4788961038961039,0.025974025974025927,false
8383,strong,0.4707792207792208,0.02471139971139974,false
8384,strong,0.4788961038961039,0.02687590187590183,false
8385,strong,0.48214285714285715,0.028318903318903355,false
8386,strong,0.5113636363636364,0.04022366522366516,false
8387,strong,0.4935064935064935,0.03336940836940833,false
8388,strong,0.4935064935064935,0.029761904761904767,false
8389,strong,0.5211038961038961,0.029942279942279937,false
8390,strong,0.4967532467532468,0.028318903318903244,false
8391,strong,0.5746753246753247,0.04058441558441561,false
8392,strong,0.612012987012987,0.03553391053391053,false
8393,strong,0.6266233766233766,0.03932178932178931,false
8394,strong,0.6428571428571429,0.038961038961038974,false
8395,strong,0.6477272727272727,0.038419913419913354,false
8396,strong,0.7012987012987013,0.045093795093795075,false
8397,strong,0.7094155844155844,0.03282828282828287,false
8398,strong,0.6866883116883117,0.03932178932178931,false
8399,strong,0.7532467532467533,0.04816017316017318,false
8400,strong,0.689935064935065,0.03625541125541143,false
8401,strong,0.762987012987013,0.026695526695526772,false
8402,strong,0.7142857142857143,0.02922077922077926,false
8403,strong,0.7857142857142857,0.05573593073593064,false
8404,strong,0.8165584415584416,0.05591630591630592,false
8405,strong,0.7922077922077922,0.0505050505050505,false
8406,strong,0.8051948051948052,0.045454545454545414,false
8407,strong,0.801948051948052,0.04689754689754699,false
8408,strong,0.8133116883116883,0.04707792207792216,false
8409,strong,0.836038961038961,0.04942279942279937,false
8410,strong,0.8116883116883117,0.04166666666666663,false
8411,strong,0.8181818181818182,0.04274891774891765,false
8412,strong,0.8051948051948052,0.039321789321789424,false
8413,strong,0.8441558441558441,0.0553751803751803,false
8414,strong,0.7824675324675324,0.0357142857142857,false
8415,strong,0.8068181818181818,0.04401154401154406,false
8416,strong,0.7808441558441559,0.04238816738816731,false
8417,strong,0.7272727272727273,0.038419913419913465,false
8418,strong,0.7224025974025974,0.03553391053391053,false
8419,strong,0.6753246753246753,0.02831890331890341,false
8420,strong,0.711038961038961,0.03499278499278502,false
8421,strong,0.6217532467532467,0.026875901875901942,false
8422,strong,0.6542207792207793,0.0290404040404042,true
8423,strong,0.4935064935064935,0.025432900432900474,true
8424,strong,0.3522727272727273,0.02200577200577203,true
8425,strong,0.0,0.0,true
8426,nascent,0.18181818181818182,0.023701298701298723,false
8427,nascent,0.18668831168831168,0.02370129870129864,false
8428,nascent,0.19155844155844157,0.025487012987012975,false
8429,nascent,0.19155844155844157,0.023782467532467516,false
8430,nascent,0.237012987012987,0.026785714285714246,false
8431,strong,0.24025974025974026,0.028003246753246752,false
8432,strong,0.24025974025974026,0.027435064935064923,false
8433,strong,0.24025974025974026,0.023782467532467544,false
8434,strong,0.24025974025974026,0.024107142857142827,false
8435,strong,0.2418831168831169,0.023620129870129875,false
8436,strong,0.24025974025974026,0.022646103896103886,false
8437,strong,0.24025974025974026,0.022159090909090906,false
8438,strong,0.24025974025974026,0.022483766233766245,false
8439,strong,0.24025974025974026,0.017775974025974,false
8440,strong,0.33766233766233766,0.018181818181818243,false
8441,strong,0.3522727272727273,0.008685064935064879,false
8442,strong,0.3555194805194805,0.008035714285714313,false
8443,strong,0.3555194805194805,0.010773317591499465,false
8444,strong,0.3555194805194805,0.013724911452184185,false
8445,strong,0.3685064935064935,0.02228453364817007,false
8446,strong,0.38311688311688313,0.023291925465838526,false
8447,strong,0.3847402597402597,0.025365259740259716,false
8448,strong,0.4090909090909091,0.024553571428571508,false
8449,reporting,0.35714285714285715,-0.004599567099567103,false
8450,reporting,0.4366883116883117,-0.0020968614718614442,false
8451,strong,0.4253246753246753,0.00040584415584427047,false
8452,strong,0.46266233766233766,0.021036255411255422,false
8453,strong,0.45454545454545453,0.01312229437229434,false
8454,strong,0.45616883116883117,0.027534965034964998,false
8455,strong,0.474025974025974,0.028346653346653428,false
8456,strong,0.45454545454545453,0.03150553150553154,false
8457,strong,0.461038961038961,0.035894660894660924,false
8458,strong,0.48538961038961037,0.035353535353535304,false
8459,strong,0.46915584415584416,0.051276309896999606,false
8460,strong,0.5032467532467533,0.06385281385281383,false
8461,strong,0.5016233766233766,0.06006493506493504,false
8462,strong,0.4967532467532468,0.07254464285714296,false
8463,strong,0.5064935064935064,0.0662540584415584,false
8464,strong,0.5081168831168831,0.06783746556473819,false
8465,strong,0.5308441558441559,0.07152695789059438,false
8466,strong,0.5097402597402597,0.06449232585596226,false
8467,strong,0.5113636363636364,0.06419716646989382,false
8468,strong,0.5373376623376623,0.0653778040141676,false
8469,strong,0.5146103896103896,0.06616489571035034,false
8470,strong,0.5974025974025974,0.08028335301062584,false
8471,strong,0.6347402597402597,0.07964384100747723,false
8472,strong,0.6493506493506493,0.07679063360881555,false
8473,strong,0.6655844155844156,0.07644628099173556,false
8474,strong,0.6704545454545454,0.07654466745375821,false
8475,strong,0.7224025974025974,0.08141479732388823,false
8476,strong,0.7305194805194806,0.07654466745375832,false
8477,strong,0.7077922077922078,0.07629870129870131,false
8478,strong,0.7646103896103896,0.07560999606454166,false
8479,strong,0.7077922077922078,0.07113341204250279,false
8480,strong,0.7922077922077922,0.07674144037780406,false
8481,strong,0.7435064935064936,0.07442935852026766,false
8482,strong,0.7824675324675324,0.07585596221959845,false
8483,strong,0.801948051948052,0.07098583234946898,false
8484,strong,0.7727272727272727,0.06385281385281383,false
8485,strong,0.7905844155844156,0.07064147973238888,false
8486,strong,0.7857142857142857,0.06532861078315622,false
8487,strong,0.7938311688311688,0.06542699724517897,false
8488,strong,0.8116883116883117,0.0634100747737113,false
8489,strong,0.7905844155844156,0.0647382920110191,false
8490,strong,0.7938311688311688,0.0654269972451792,false
8491,strong,0.7840909090909091,0.06375442739079085,false
8492,strong,0.8214285714285714,0.09272924045651298,false
8493,strong,0.7662337662337663,0.05509641873278215,false
8494,strong,0.7905844155844156,0.0794962613144431,false
8495,strong,0.762987012987013,0.07364226682408503,false
8496,strong,0.7159090909090909,0.05765446674537589,false
8497,strong,0.7061688311688312,0.04988193624557258,false
8498,strong,0.6607142857142857,0.05017709563164119,false
8499,strong,0.6948051948051948,0.044815033451397035,false
8500,strong,0.612012987012987,0.04353600944510028,false
8501,strong,0.637987012987013,0.03566509248327421,true
8502,strong,0.48538961038961037,0.03964974419519879,true
8503,strong,0.349025974025974,0.029122392758756388,true
8504,strong,0.0,0.0,true
8505,nascent,0.4074675324675325,0.0,false
8506,nascent,0.4090909090909091,0.0008116883116883189,false
8507,nascent,0.4237012987012987,0.008116883116883078,false
8508,nascent,0.413961038961039,0.022727272727272763,false
8509,nascent,0.44642857142857145,0.029761904761904767,false
8510,strong,0.4496753246753247,0.06371753246753248,false
8511,strong,0.4383116883116883,0.0580357142857143,false
8512,strong,0.4496753246753247,0.06006493506493504,false
8513,strong,0.45292207792207795,0.06087662337662342,false
8514,strong,0.4772727272727273,0.07183441558441556,false
8515,strong,0.45616883116883117,0.06128246753246752,false
8516,strong,0.45616883116883117,0.062094155844155785,false
8517,strong,0.4675324675324675,0.06980519480519481,false
8518,strong,0.45616883116883117,0.06939935064935066,false
8519,strong,0.5308441558441559,0.0868506493506494,false
8520,strong,0.5698051948051948,0.0714285714285714,false
8521,strong,0.5844155844155844,0.07061688311688308,false
8522,strong,0.5974025974025974,0.06655844155844148,false
8523,strong,0.6022727272727273,0.06696428571428581,false
8524,strong,0.6590909090909091,0.08076298701298701,false
8525,strong,0.672077922077922,0.07670454545454541,false
8526,strong,0.6461038961038961,0.07061688311688308,false
8527,strong,0.689935064935065,0.07021103896103897,false
8528,strong,0.650974025974026,0.06696428571428581,false
8529,strong,0.737012987012987,0.08522727272727271,false
8530,strong,0.6834415584415584,0.07345779220779214,false
8531,strong,0.7207792207792207,0.07426948051948057,false
8532,strong,0.7272727272727273,0.06574675324675328,false
8533,strong,0.7288961038961039,0.07264610389610393,false
8534,strong,0.7402597402597403,0.06939935064935066,false
8535,strong,0.7386363636363636,0.08563311688311681,false
8536,strong,0.7435064935064936,0.08198051948051954,false
8537,strong,0.7662337662337663,0.08644480519480524,false
8538,strong,0.7435064935064936,0.0892857142857143,false
8539,strong,0.7483766233766234,0.08928571428571419,false
8540,strong,0.7353896103896104,0.08603896103896103,false
8541,strong,0.7288961038961039,0.09212662337662336,false
8542,strong,0.7012987012987013,0.06452922077922074,false
8543,strong,0.6915584415584416,0.06087662337662336,false
8544,strong,0.663961038961039,0.05762987012987009,false
8545,strong,0.612012987012987,0.05235389610389607,false
8546,strong,0.6185064935064936,0.0535714285714286,false
8547,strong,0.6071428571428571,0.051948051948051965,false
8548,strong,0.5957792207792207,0.03855519480519476,false
8549,strong,0.5405844155844156,0.040990259740259716,false
8550,strong,0.5746753246753247,0.041801948051948035,true
8551,strong,0.413961038961039,0.038149350649350655,true
8552,strong,0.2775974025974026,0.023133116883116922,true
8553,strong,0.0,0.0,true
8554,nascent,0.14772727272727273,-0.010389610389610365,false
8555,nascent,0.1525974025974026,-0.010389610389610449,false
8556,nascent,0.1590909090909091,-0.006980519480519504,false
8557,nascent,0.1590909090909091,-0.008685064935064962,false
8558,nascent,0.18019480519480519,-0.030032467532467577,false
8559,reporting,0.20292207792207792,-0.009334415584415584,false
8560,strong,0.2224025974025974,0.009577922077922074,false
8561,strong,0.23214285714285715,0.015665584415584438,false
8562,strong,0.23214285714285715,0.01599025974025972,false
8563,strong,0.23376623376623376,0.015503246753246741,false
8564,strong,0.237012987012987,0.01939935064935064,false
8565,strong,0.237012987012987,0.018912337662337658,false
8566,strong,0.237012987012987,0.019237012987012997,false
8567,strong,0.237012987012987,0.014529220779220753,false
8568,strong,0.3327922077922078,0.013311688311688386,false
8569,strong,0.3587662337662338,0.015178571428571375,false
8570,strong,0.36363636363636365,0.016152597402597446,false
8571,strong,0.36363636363636365,0.0188902007083826,false
8572,strong,0.36363636363636365,0.02184179456906732,false
8573,strong,0.3652597402597403,0.01903778040141685,false
8574,strong,0.3814935064935065,0.021668548842461888,false
8575,reporting,0.3587662337662338,-0.0006087662337662114,false
8576,reporting,0.37337662337662336,-0.011160714285714246,false
8577,strong,0.362012987012987,0.00027056277056275446,false
8578,strong,0.43993506493506496,0.0011498917748918314,false
8579,strong,0.4318181818181818,0.006899350649350766,false
8580,strong,0.44805194805194803,0.006425865800865793,false
8581,reporting,0.43993506493506496,-0.0014880952380952328,false
8582,strong,0.4431818181818182,0.014547952047952006,false
8583,strong,0.461038961038961,0.015359640359640436,false
8584,strong,0.4448051948051948,0.02176527176527182,false
8585,strong,0.44642857142857145,0.02128427128427135,false
8586,strong,0.4724025974025974,0.022366522366522312,false
8587,strong,0.4496753246753247,0.03179579041648012,false
8588,strong,0.4805194805194805,0.041125541125541065,false
8589,strong,0.4837662337662338,0.042207792207792194,false
8590,strong,0.48214285714285715,0.05793425324675333,false
8591,strong,0.4837662337662338,0.043526785714285754,false
8592,strong,0.48538961038961037,0.04511019283746548,false
8593,strong,0.5097402597402597,0.0504230617866982,false
8594,strong,0.48863636363636365,0.04338842975206619,false
8595,strong,0.48863636363636365,0.04146989374262111,false
8596,strong,0.512987012987013,0.04102715466351825,false
8597,strong,0.49188311688311687,0.04343762298307757,false
8598,strong,0.5714285714285714,0.05430932703659985,false
8599,strong,0.6087662337662337,0.05366981503345125,false
8600,strong,0.6558441558441559,0.0832841401023221,false
8601,strong,0.6688311688311688,0.07969303423848872,false
8602,strong,0.6737012987012987,0.07979142070051148,false
8603,strong,0.7305194805194806,0.08953168044077142,false
8604,strong,0.7386363636363636,0.0846615505706414,false
8605,strong,0.7159090909090909,0.0844155844155845,false
8606,strong,0.7743506493506493,0.08535025580480138,false
8607,strong,0.724025974025974,0.08736717827626905,false
8608,strong,0.8051948051948052,0.08972845336481705,false
8609,strong,0.7516233766233766,0.08254624163715074,false
8610,strong,0.7954545454545454,0.08884297520661144,false
8611,strong,0.8214285714285714,0.09046635182998841,false
8612,strong,0.797077922077922,0.08820346320346317,false
8613,strong,0.8084415584415584,0.08849862258953167,false
8614,strong,0.8051948051948052,0.08480913026367576,false
8615,strong,0.8133116883116883,0.08490751672569852,false
8616,strong,0.8311688311688312,0.08289059425423084,false
8617,strong,0.810064935064935,0.08421881149153854,false
8618,strong,0.8133116883116883,0.08490751672569874,false
8619,strong,0.8035714285714286,0.08323494687131039,false
8620,strong,0.7922077922077922,0.06350846123573384,false
8621,strong,0.7824675324675324,0.0713301849665483,false
8622,strong,0.7597402597402597,0.0486521054702872,false
8623,strong,0.7321428571428571,0.04279811097992914,false
8624,strong,0.6801948051948052,0.02194018103109019,false
8625,strong,0.676948051948052,0.02066115702479332,false
8626,strong,0.6737012987012987,0.06316410861865418,false
8627,strong,0.663961038961039,0.01397087760724125,false
8628,strong,0.5746753246753247,0.00619834710743794,false
8629,strong,0.650974025974026,0.0486521054702872,true
8630,strong,0.49188311688311687,0.046143250688705284,true
8631,strong,0.3555194805194805,0.035615899252262884,true
8632,strong,0.0,0.0,true
8633,nascent,0.15422077922077923,-0.0038961038961038696,false
8634,nascent,0.1590909090909091,-0.003896103896103953,false
8635,nascent,0.16233766233766234,-0.003733766233766256,false
8636,nascent,0.16233766233766234,-0.005438311688311714,false
8637,nascent,0.20941558441558442,-0.0008116883116883467,false
8638,reporting,0.2077922077922078,-0.004464285714285698,false
8639,reporting,0.21266233766233766,-0.00016233766233766933,false
8640,reporting,0.21266233766233766,-0.003814935064935049,false
8641,reporting,0.21266233766233766,-0.0034902597402597657,false
8642,reporting,0.21428571428571427,-0.003977272727272746,false
8643,strong,0.21915584415584416,0.0015422077922077893,false
8644,strong,0.21915584415584416,0.001055194805194809,false
8645,strong,0.21915584415584416,0.0013798701298701477,false
8646,reporting,0.21915584415584416,-0.0033279220779220964,false
8647,reporting,0.3068181818181818,-0.012662337662337597,false
8648,reporting,0.33116883116883117,-0.012418831168831246,false
8649,strong,0.349025974025974,0.001542207792207817,false
8650,strong,0.35714285714285715,0.012396694214876103,false
8651,strong,0.36038961038961037,0.018595041322314043,false
8652,strong,0.362012987012987,0.015791027154663573,false
8653,strong,0.37987012987012986,0.02004517221908525,false
8654,strong,0.3814935064935065,0.022118506493506496,false
8655,strong,0.4042207792207792,0.019683441558441594,false
8656,strong,0.37662337662337664,0.014880952380952384,false
8657,strong,0.4594155844155844,0.020630411255411263,false
8658,strong,0.44642857142857145,0.021509740259740395,false
8659,strong,0.45616883116883117,0.014542748917748927,false
8660,strong,0.45454545454545453,0.01312229437229434,false
8661,strong,0.45616883116883117,0.027534965034964998,false
8662,strong,0.47564935064935066,0.029970029970030065,false
8663,strong,0.45616883116883117,0.033128908128908174,false
8664,strong,0.45616883116883117,0.031024531024531066,false
8665,strong,0.4837662337662338,0.03373015873015872,false
8666,strong,0.4594155844155844,0.041536050156739834,false
8667,strong,0.4967532467532468,0.05735930735930733,false
8668,strong,0.5032467532467533,0.06168831168831168,false
8669,strong,0.5032467532467533,0.07903814935064946,false
8670,strong,0.5113636363636364,0.07112418831168832,false
8671,strong,0.5146103896103896,0.07433097205824474,false
8672,strong,0.5373376623376623,0.07802046438410082,false
8673,strong,0.5162337662337663,0.07098583234946881,false
8674,strong,0.5162337662337663,0.06906729634002373,false
8675,strong,0.5422077922077922,0.07024793388429751,false
8676,strong,0.5178571428571429,0.06941164895710361,false
8677,strong,0.599025974025974,0.08190672963400247,false
8678,strong,0.6363636363636364,0.08126721763085387,false
8679,strong,0.6525974025974026,0.08003738685556883,false
8680,strong,0.6396103896103896,0.05047225501770958,false
8681,strong,0.672077922077922,0.07816804407713485,false
8682,strong,0.724025974025974,0.08303817394726487,false
8683,strong,0.7353896103896104,0.08141479732388812,false
8684,strong,0.7126623376623377,0.08116883116883122,false
8685,strong,0.7727272727272727,0.08372687918142474,false
8686,strong,0.7175324675324676,0.08087367178276261,false
8687,strong,0.8003246753246753,0.08485832349468714,false
8688,strong,0.75,0.0809228650137741,false
8689,strong,0.788961038961039,0.082349468713105,false
8690,strong,0.814935064935065,0.08397284533648197,false
8691,strong,0.7905844155844156,0.08170995670995673,false
8692,strong,0.801948051948052,0.08200511609602523,false
8693,strong,0.801948051948052,0.08156237701692248,false
8694,strong,0.8068181818181818,0.07841401023219197,false
8695,strong,0.8295454545454546,0.0812672176308542,false
8696,strong,0.8051948051948052,0.07934868162140873,false
8697,strong,0.8116883116883117,0.0832841401023221,false
8698,strong,0.7987012987012987,0.07836481700118048,false
8699,strong,0.8376623376623377,0.10896300669027925,false
8700,strong,0.7792207792207793,0.06808343171979514,false
8701,strong,0.801948051948052,0.09085989767807945,false
8702,strong,0.7792207792207793,0.0898760330578513,false
8703,strong,0.7272727272727273,0.06901810310901224,false
8704,strong,0.724025974025974,0.06773907910271537,false
8705,strong,0.6753246753246753,0.06478748524203082,false
8706,strong,0.711038961038961,0.0610487996851633,false
8707,strong,0.6217532467532467,0.05327626918535999,false
8708,strong,0.6542207792207793,0.051898858717040475,true
8709,strong,0.4935064935064935,0.04776662731208192,true
8710,strong,0.3555194805194805,0.035615899252262884,true
8711,strong,0.0,0.0,true
8712,nascent,0.16071428571428573,0.05952380952380952,false
8713,nascent,0.18506493506493507,0.06493506493506493,false
8714,nascent,0.19480519480519481,0.06209415584415584,false
8715,nascent,0.23376623376623376,0.06915584415584416,false
8716,nascent,0.23214285714285715,0.06850649350649352,false
8717,strong,0.23214285714285715,0.06948051948051948,false
8718,strong,0.237012987012987,0.0675324675324675,false
8719,strong,0.2435064935064935,0.0670222634508349,false
8720,strong,0.24512987012987014,0.08502435064935066,false
8721,strong,0.2435064935064935,0.08421266233766234,false
8722,strong,0.2435064935064935,0.08502435064935066,false
8723,strong,0.2435064935064935,0.08461850649350647,false
8724,strong,0.2435064935064935,0.07812499999999997,false
8725,strong,0.3425324675324675,0.10815746753246752,false
8726,strong,0.3685064935064935,0.11363636363636365,false
8727,strong,0.3717532467532468,0.11302759740259744,false
8728,strong,0.3717532467532468,0.07650162337662342,false
8729,strong,0.3717532467532468,0.07528409090909088,false
8730,strong,0.37337662337662336,0.0758928571428571,false
8731,strong,0.3912337662337662,0.07251082251082247,false
8732,strong,0.39285714285714285,0.07215007215007213,false
8733,strong,0.41883116883116883,0.08044733044733043,false
8734,strong,0.39285714285714285,0.06764069264069261,false
8735,strong,0.474025974025974,0.07431457431457428,false
8736,strong,0.46266233766233766,0.07503607503607507,false
8737,strong,0.4675324675324675,0.07575757575757575,false
8738,strong,0.461038961038961,0.06746031746031744,false
8739,strong,0.4642857142857143,0.0649350649350649,false
8740,strong,0.4837662337662338,0.06565656565656569,false
8741,strong,0.4659090909090909,0.0714285714285714,false
8742,strong,0.4707792207792208,0.03805916305916307,false
8743,strong,0.487012987012987,0.031926406926406914,false
8744,strong,0.4788961038961039,0.03589466089466087,false
8745,strong,0.512987012987013,0.047799422799422786,false
8746,strong,0.512987012987013,0.044552669552669566,false
8747,strong,0.5048701298701299,0.037878787878787845,false
8748,strong,0.512987012987013,0.03625541125541126,false
8749,strong,0.5162337662337663,0.05162337662337657,false
8750,strong,0.538961038961039,0.05438311688311687,false
8751,strong,0.49188311688311687,0.02353896103896108,false
8752,strong,0.49512987012987014,0.025487012987013002,false
8753,strong,0.547077922077922,0.05584415584415575,false
8754,strong,0.5227272727272727,0.05227272727272719,false
8755,strong,0.6006493506493507,0.055519480519480524,false
8756,strong,0.637987012987013,0.04561688311688317,false
8757,strong,0.6525974025974026,0.040909090909090895,false
8758,strong,0.6737012987012987,0.04334415584415585,false
8759,strong,0.6785714285714286,0.044480519480519565,false
8760,strong,0.7321428571428571,0.045454545454545525,false
8761,strong,0.7402597402597403,0.0368506493506493,false
8762,strong,0.7175324675324676,0.034415584415584455,false
8763,strong,0.775974025974026,0.03766233766233773,false
8764,strong,0.724025974025974,0.03587662337662334,false
8765,strong,0.810064935064935,0.03571428571428559,false
8766,strong,0.7564935064935064,0.03603896103896098,false
8767,strong,0.7954545454545454,0.051210153482880605,false
8768,strong,0.8214285714285714,0.04943919716646994,false
8769,strong,0.797077922077922,0.045602125147579664,false
8770,strong,0.8084415584415584,0.0435360094451005,false
8771,strong,0.8068181818181818,0.04309327036599753,false
8772,strong,0.8116883116883117,0.039108618654073224,false
8773,strong,0.8344155844155844,0.04058441558441572,false
8774,strong,0.810064935064935,0.03630460448642259,false
8775,strong,0.8165584415584416,0.03438606847697756,false
8776,strong,0.8035714285714286,0.02922077922077926,false
8777,strong,0.8425324675324676,0.04678276269185366,false
8778,strong,0.7694805194805194,0.016824085005903155,false
8779,strong,0.8068181818181818,0.040879574970484,false
8780,strong,0.7824675324675324,0.04161747343565514,false
8781,strong,0.7272727272727273,0.03586186540732006,false
8782,strong,0.724025974025974,0.03423848878394342,false
8783,strong,0.6753246753246753,0.02036599763872493,false
8784,strong,0.711038961038961,0.032467532467532534,false
8785,strong,0.6217532467532467,0.025531286894923122,false
8786,strong,0.6542207792207793,0.02744982290436837,true
8787,strong,0.4935064935064935,0.025826446280991733,true
8788,strong,0.3555194805194805,0.024350649350649345,true
8789,strong,0.0,0.0,true
8790,nascent,0.125,0.022186147186147184,false
8791,nascent,0.15584415584415584,0.03490259740259739,false
8792,nascent,0.16396103896103897,0.03327922077922077,false
8793,nascent,0.16396103896103897,0.03273809523809523,false
8794,nascent,0.18993506493506493,0.040584415584415584,false
8795,strong,0.18831168831168832,0.040043290043290075,false
8796,strong,0.18831168831168832,0.04437229437229437,false
8797,strong,0.18831168831168832,0.04437229437229437,false
8798,strong,0.18831168831168832,0.04437229437229437,false
8799,strong,0.18993506493506493,0.043290043290043295,false
8800,strong,0.18831168831168832,0.04274891774891776,false
8801,strong,0.18831168831168832,0.04274891774891776,false
8802,strong,0.18831168831168832,0.04274891774891776,false
8803,strong,0.18831168831168832,0.04274891774891776,false
8804,strong,0.2824675324675325,0.06520562770562768,false
8805,strong,0.3051948051948052,0.06439393939393939,false
8806,strong,0.3051948051948052,0.06439393939393939,false
8807,strong,0.3051948051948052,0.06412337662337661,false
8808,strong,0.3051948051948052,0.06385281385281386,false
8809,strong,0.3068181818181818,0.06304112554112556,false
8810,strong,0.3246753246753247,0.0625,false
8811,strong,0.3262987012987013,0.0625,false
8812,strong,0.3522727272727273,0.06493506493506496,false
8813,strong,0.32792207792207795,0.06304112554112556,false
8814,strong,0.42694805194805197,0.104978354978355,false
8815,strong,0.413961038961039,0.09686147186147187,false
8816,strong,0.4237012987012987,0.09848484848484845,false
8817,strong,0.4237012987012987,0.09848484848484845,false
8818,strong,0.4237012987012987,0.09740259740259744,false
8819,strong,0.43993506493506496,0.1052489177489177,false
8820,strong,0.4253246753246753,0.09902597402597402,false
8821,strong,0.4253246753246753,0.09929653679653677,false
8822,strong,0.4594155844155844,0.1052489177489177,false
8823,strong,0.42857142857142855,0.09929653679653677,false
8824,strong,0.46266233766233766,0.11038961038961037,false
8825,strong,0.4642857142857143,0.10200216450216454,false
8826,strong,0.45616883116883117,0.10119047619047616,false
8827,strong,0.4659090909090909,0.1025432900432901,false
8828,strong,0.46915584415584416,0.1025432900432901,false
8829,strong,0.49188311688311687,0.11066017316017318,false
8830,strong,0.4707792207792208,0.10308441558441561,false
8831,strong,0.4707792207792208,0.10227272727272729,false
8832,strong,0.5016233766233766,0.10768398268398266,false
8833,strong,0.4707792207792208,0.10227272727272729,false
8834,strong,0.564935064935065,0.13771645021645018,false
8835,strong,0.599025974025974,0.13501082251082247,false
8836,strong,0.6201298701298701,0.03373015873015872,false
8837,reporting,0.637987012987013,-0.016071428571428625,false
8838,reporting,0.6461038961038961,-0.019480519480519543,false
8839,reporting,0.6964285714285714,-0.022402597402597535,false
8840,reporting,0.7061688311688312,-0.025324675324675305,false
8841,reporting,0.702922077922078,-0.007629870129870153,false
8842,strong,0.7694805194805194,0.00032467532467528315,false
8843,reporting,0.7175324675324676,-0.00032467532467517213,false
8844,strong,0.8035714285714286,0.00016233766233764158,false
8845,strong,0.7516233766233766,0.001948051948051921,false
8846,strong,0.7905844155844156,0.001948051948051921,false
8847,strong,0.8165584415584416,0.0014610389610389962,false
8848,strong,0.7922077922077922,0.001136363636363602,false
8849,strong,0.8051948051948052,0.001948051948051921,false
8850,strong,0.8051948051948052,0.004383116883116878,false
8851,strong,0.8116883116883117,0.003409090909090917,false
8852,strong,0.8311688311688312,0.003409090909090917,false
8853,strong,0.8084415584415584,0.0037337662337663113,false
8854,strong,0.8165584415584416,0.0051948051948053076,false
8855,strong,0.801948051948052,0.002759740259740351,false
8856,strong,0.8409090909090909,0.008441558441558361,false
8857,strong,0.7792207792207793,0.003896103896103953,false
8858,strong,0.8035714285714286,0.006168831168831268,false
8859,strong,0.7792207792207793,0.006818181818181834,false
8860,strong,0.724025974025974,0.004545454545454408,false
8861,strong,0.7191558441558441,0.0032467532467531646,false
8862,reporting,0.672077922077922,-0.0006493506493505663,false
8863,strong,0.7094155844155844,0.007792207792207795,false
8864,strong,0.6217532467532467,0.005681818181818121,false
8865,strong,0.6542207792207793,0.0017857142857143904,true
8866,strong,0.49188311688311687,0.005844155844155929,true
8867,strong,0.3538961038961039,0.0025974025974026538,true
8868,strong,0.0,0.0,true
8869,nascent,0.14935064935064934,0.04910714285714285,false
8870,nascent,0.15422077922077923,0.04951298701298702,false
8871,nascent,0.1590909090909091,0.04748376623376624,false
8872,nascent,0.16071428571428573,0.04545454545454547,false
8873,nascent,0.20941558441558442,0.06574675324675325,false
8874,strong,0.2077922077922078,0.06047077922077923,false
8875,strong,0.2077922077922078,0.05722402597402598,false
8876,strong,0.2077922077922078,0.055194805194805185,false
8877,strong,0.2077922077922078,0.055194805194805185,false
8878,strong,0.20941558441558442,0.0558035714285714,false
8879,strong,0.2077922077922078,0.055194805194805185,false
8880,strong,0.2077922077922078,0.055194805194805185,false
8881,strong,0.2077922077922078,0.055194805194805185,false
8882,strong,0.2077922077922078,0.052759740259740256,false
8883,strong,0.3116883116883117,0.08340097402597405,false
8884,strong,0.33766233766233766,0.09009740259740259,false
8885,strong,0.36038961038961037,0.10572240259740262,false
8886,strong,0.37012987012987014,0.1160714285714286,false
8887,strong,0.37012987012987014,0.11586850649350655,false
8888,strong,0.3717532467532468,0.12031024531024531,false
8889,strong,0.38961038961038963,0.12445887445887449,false
8890,strong,0.3912337662337662,0.12481962481962483,false
8891,strong,0.4172077922077922,0.13798701298701294,false
8892,strong,0.3912337662337662,0.12662337662337658,false
8893,strong,0.4724025974025974,0.14484126984126977,false
8894,strong,0.45454545454545453,0.1358225108225108,false
8895,strong,0.4659090909090909,0.1397907647907648,false
8896,strong,0.4659090909090909,0.1412337662337662,false
8897,strong,0.4366883116883117,0.11453823953823955,false
8898,strong,0.461038961038961,0.11922799422799424,false
8899,strong,0.474025974025974,0.1385281385281386,false
8900,strong,0.474025974025974,0.13780663780663782,false
8901,strong,0.5,0.1412337662337662,false
8902,strong,0.4772727272727273,0.1327561327561328,false
8903,strong,0.5113636363636364,0.14538239538239534,false
8904,strong,0.5113636363636364,0.14267676767676762,false
8905,strong,0.5032467532467533,0.14069264069264076,false
8906,strong,0.5113636363636364,0.1424963924963925,false
8907,strong,0.5146103896103896,0.14321789321789324,false
8908,strong,0.5373376623376623,0.14826839826839822,false
8909,strong,0.5162337662337663,0.13997113997113997,false
8910,strong,0.5162337662337663,0.1397907647907648,false
8911,strong,0.5405844155844156,0.1414141414141415,false
8912,strong,0.5162337662337663,0.1372655122655123,false
8913,strong,0.599025974025974,0.1567460317460318,false
8914,strong,0.6396103896103896,0.17353896103896105,false
8915,strong,0.650974025974026,0.15746753246753248,false
8916,strong,0.6672077922077922,0.1421078921078921,false
8917,strong,0.6737012987012987,0.13961038961038963,false
8918,strong,0.7272727272727273,0.14610389610389618,false
8919,strong,0.7353896103896104,0.1383616383616384,false
8920,strong,0.7126623376623377,0.13136863136863142,false
8921,strong,0.7711038961038961,0.1376123876123876,false
8922,strong,0.7159090909090909,0.12737262737262744,false
8923,strong,0.801948051948052,0.14535464535464526,false
8924,strong,0.7483766233766234,0.13411588411588404,false
8925,strong,0.7873376623376623,0.13661338661338662,false
8926,strong,0.8133116883116883,0.13074425574425563,false
8927,strong,0.788961038961039,0.13099400599400612,false
8928,strong,0.8003246753246753,0.13036963036963034,false
8929,strong,0.797077922077922,0.09334415584415556,false
8930,strong,0.8035714285714286,0.09044526901669758,false
8931,strong,0.8246753246753247,0.09067717996289426,false
8932,strong,0.8003246753246753,0.08650278293135438,false
8933,strong,0.8084415584415584,0.0904452690166977,false
8934,strong,0.7954545454545454,0.08685064935064923,false
8935,strong,0.8344155844155844,0.10157699443413737,false
8936,strong,0.7743506493506493,0.07780612244897978,false
8937,strong,0.7987012987012987,0.08858998144712438,false
8938,strong,0.775974025974026,0.08661873840445278,false
8939,strong,0.724025974025974,0.08116883116883111,false
8940,strong,0.7207792207792207,0.08000927643784794,false
8941,strong,0.672077922077922,0.06574675324675339,false
8942,strong,0.7077922077922078,0.07073283858998147,false
8943,strong,0.6185064935064936,0.061456400742115114,false
8944,strong,0.650974025974026,0.060064935064935154,true
8945,strong,0.4902597402597403,0.05148423005565861,true
8946,strong,0.3522727272727273,0.03467068645640076,true
8947,strong,0.0,0.0,true
8948,nascent,0.3847402597402597,-0.04216720779220795,false
8949,nascent,0.37662337662337664,-0.02837219598583235,false
8950,nascent,0.3782467532467532,-0.026695526695526772,false
8951,nascent,0.4025974025974026,-0.013816738816738727,false
8952,nascent,0.3944805194805195,-0.023304473304473272,false
8953,reporting,0.413961038961039,-0.034956709956710186,false
8954,reporting,0.4253246753246753,-0.03066378066378045,false
8955,reporting,0.4025974025974026,-0.04884559884559869,false
8956,reporting,0.4107142857142857,-0.04938672438672437,false
8957,reporting,0.4090909090909091,-0.052741702741702534,false
8958,reporting,0.46915584415584416,-0.011976911976911975,false
8959,reporting,0.45454545454545453,-0.011327561327561464,false
8960,reporting,0.45616883116883117,-0.012229437229437257,false
8961,reporting,0.48214285714285715,-0.010101010101010166,false
8962,reporting,0.4594155844155844,-0.011868686868686862,false
8963,reporting,0.5308441558441559,-0.008963862224731667,false
8964,reporting,0.573051948051948,-0.007658102766798347,false
8965,reporting,0.5876623376623377,-0.009987295313381939,false
8966,reporting,0.599025974025974,-0.01668278529980649,false
8967,reporting,0.6087662337662337,-0.01371235147830896,false
8968,reporting,0.6477272727272727,-0.021552915169936515,false
8969,reporting,0.6607142857142857,-0.02852998065764034,false
8970,reporting,0.663961038961039,-0.003074053605968574,false
8971,reporting,0.7126623376623377,-0.009809339596573485,false
8972,reporting,0.6753246753246753,-3.453992815682927e-5,false
8973,reporting,0.7564935064935064,-0.0059408676429952845,false
8974,reporting,0.702922077922078,-0.009982039237358298,false
8975,reporting,0.7435064935064936,-0.00908400110527774,false
8976,reporting,0.7451298701298701,-0.03308925117435768,false
8977,reporting,0.724025974025974,-0.03367642995302589,false
8978,reporting,0.7548701298701299,-0.01733904393478891,false
8979,reporting,0.7662337662337663,-0.002486874827300256,false
8980,strong,0.7808441558441559,0.0020723956894168616,false
8981,strong,0.8003246753246753,0.0011398176291794737,false
8982,strong,0.7792207792207793,0.003074053605968241,false
8983,strong,0.7873376623376623,0.0073570046974302805,false
8984,strong,0.775974025974026,0.011126893939394145,false
8985,reporting,0.762987012987013,-0.011972402597402843,false
8986,strong,0.7516233766233766,0.0028409090909090606,false
8987,reporting,0.7159090909090909,-0.027056277056277223,false
8988,reporting,0.7012987012987013,-0.0174174783549782,false
8989,reporting,0.6493506493506493,-0.019683441558441594,false
8990,reporting,0.6493506493506493,-0.019987824675324783,false
8991,reporting,0.6412337662337663,-0.006155303030302761,false
8992,reporting,0.6282467532467533,-0.03899485930735935,false
8993,reporting,0.5551948051948052,-0.029863365800865682,false
8994,reporting,0.5811688311688312,-0.03591720779220775,true
8995,reporting,0.4253246753246753,-0.03821699134199141,true
8996,reporting,0.2922077922077922,-0.03798024891774898,true
8997,strong,0.0,0.0,true
8998,nascent,0.5925324675324676,-0.15171192443919723,false
8999,nascent,0.6753246753246753,-0.09666469893742613,false
9000,nascent,0.6493506493506493,-0.10212514757969304,false
9001,nascent,0.6672077922077922,-0.09769775678866566,false
9002,nascent,0.6785714285714286,-0.08515348288075564,false
9003,reporting,0.6996753246753247,-0.07290436835891378,false
9004,reporting,0.7175324675324676,-0.07629870129870109,false
9005,reporting,0.6964285714285714,-0.07733175914994106,false
9006,reporting,0.702922077922078,-0.07925029515938609,false
9007,reporting,0.6964285714285714,-0.07792207792207795,false
9008,reporting,0.6866883116883117,-0.10906139315230223,false
9009,reporting,0.676948051948052,-0.07570838252656431,false
9010,reporting,0.6558441558441559,-0.11009445100354187,false
9011,reporting,0.6331168831168831,-0.1077331759149942,false
9012,reporting,0.5795454545454546,-0.11186540731995265,false
9013,reporting,0.5795454545454546,-0.11024203069657601,false
9014,reporting,0.577922077922078,-0.07703659976387245,false
9015,reporting,0.5551948051948052,-0.12337662337662325,false
9016,reporting,0.512987012987013,-0.08323494687131061,false
9017,reporting,0.547077922077922,-0.07969303423848884,true
9018,reporting,0.39285714285714285,-0.07482290436835892,true
9019,reporting,0.262987012987013,-0.06818181818181818,true
9020,strong,0.0,0.0,true
9021,nascent,0.362012987012987,-0.026839826839826775,false
9022,nascent,0.3847402597402597,-0.012987012987012991,false
9023,nascent,0.3847402597402597,-0.015476190476190532,false
9024,nascent,0.387987012987013,-0.02283549783549782,false
9025,nascent,0.3847402597402597,-0.015259740259740306,false
9026,reporting,0.3847402597402597,-0.016450216450216437,false
9027,reporting,0.4107142857142857,-0.013419913419913443,false
9028,reporting,0.387987012987013,-0.018939393939393923,false
9029,reporting,0.413961038961039,-0.019696969696969713,false
9030,reporting,0.4172077922077922,-0.021969696969697028,false
9031,reporting,0.4090909090909091,-0.022077922077922085,false
9032,reporting,0.4172077922077922,-0.023593073593073555,false
9033,reporting,0.4172077922077922,-0.027056277056277167,false
9034,reporting,0.42694805194805197,-0.03376623376623378,false
9035,reporting,0.4253246753246753,-0.0208874458874459,false
9036,reporting,0.42045454545454547,-0.025432900432900474,false
9037,reporting,0.4448051948051948,-0.025216450216450248,false
9038,reporting,0.42207792207792205,-0.026948051948052054,false
9039,reporting,0.48863636363636365,-0.05067254174397029,false
9040,reporting,0.5422077922077922,-0.04730983302411862,false
9041,reporting,0.5551948051948052,-0.04402215431627199,false
9042,reporting,0.5909090909090909,-0.0316080977845683,false
9043,reporting,0.6038961038961039,-0.022440794499618,false
9044,reporting,0.6331168831168831,-0.04497708174178772,false
9045,reporting,0.6574675324675324,-0.04268525592055006,false
9046,reporting,0.6331168831168831,-0.04497708174178772,false
9047,reporting,0.6931818181818182,-0.04192131398013754,false
9048,reporting,0.6396103896103896,-0.044786096256684504,false
9049,reporting,0.7191558441558441,-0.05137509549274255,false
9050,reporting,0.6785714285714286,-0.04125286478227652,false
9051,reporting,0.7256493506493507,-0.03304048892284195,false
9052,reporting,0.7840909090909091,-0.007257448433918956,false
9053,reporting,0.7597402597402597,-0.008021390374331472,false
9054,reporting,0.7743506493506493,-0.007925897631780088,false
9055,reporting,0.7743506493506493,-0.008689839572192604,false
9056,reporting,0.7824675324675324,-0.008021390374331694,false
9057,reporting,0.8003246753246753,-0.009644766997708332,false
9058,reporting,0.7808441558441559,-0.007161955691367461,false
9059,reporting,0.7873376623376623,-0.006207028265851844,false
9060,reporting,0.775974025974026,-0.006111535523300238,false
9061,reporting,0.7678571428571429,-0.01613827349121455,false
9062,strong,0.7548701298701299,0.00047746371275803057,false
9063,reporting,0.7224025974025974,-0.02511459129106186,false
9064,reporting,0.702922077922078,-0.01976699770817425,false
9065,reporting,0.6590909090909091,-0.014610389610389518,false
9066,reporting,0.6558441558441559,-0.013177998472116093,false
9067,strong,0.6542207792207793,0.00047746371275791955,false
9068,reporting,0.6428571428571429,-0.010599694423223949,false
9069,reporting,0.5535714285714286,-0.015087853323147549,false
9070,reporting,0.5941558441558441,-0.006302521008403339,true
9071,reporting,0.43344155844155846,-0.015565317035905357,true
9072,reporting,0.2711038961038961,-0.039152024446142075,true
9073,strong,0.0,0.0,true
9074,nascent,0.11363636363636363,0.010822510822510817,false
9075,nascent,0.1314935064935065,0.010551948051948049,false
9076,nascent,0.16396103896103897,0.03327922077922077,false
9077,nascent,0.16396103896103897,0.03273809523809523,false
9078,nascent,0.18506493506493507,0.035714285714285726,false
9079,strong,0.18344155844155843,0.03517316017316019,false
9080,strong,0.15746753246753248,0.013528138528138528,false
9081,strong,0.15746753246753248,0.013528138528138528,false
9082,strong,0.15746753246753248,0.013528138528138528,false
9083,strong,0.16396103896103897,0.01731601731601734,false
9084,strong,0.16233766233766234,0.016774891774891776,false
9085,strong,0.16233766233766234,0.016774891774891776,false
9086,strong,0.16233766233766234,0.016774891774891776,false
9087,strong,0.16233766233766234,0.016774891774891776,false
9088,strong,0.275974025974026,0.05871212121212119,false
9089,strong,0.2987012987012987,0.0579004329004329,false
9090,strong,0.2987012987012987,0.0579004329004329,false
9091,strong,0.2987012987012987,0.057629870129870114,false
9092,strong,0.2987012987012987,0.05735930735930736,false
9093,strong,0.3003246753246753,0.05654761904761907,false
9094,strong,0.3181818181818182,0.056006493506493504,false
9095,strong,0.3198051948051948,0.056006493506493504,false
9096,strong,0.3457792207792208,0.05844155844155846,false
9097,strong,0.3198051948051948,0.05492424242424243,false
9098,strong,0.387987012987013,0.06601731601731603,false
9099,strong,0.387987012987013,0.07088744588744589,false
9100,strong,0.3912337662337662,0.06601731601731597,false
9101,strong,0.3912337662337662,0.06601731601731597,false
9102,strong,0.39285714285714285,0.0665584415584416,false
9103,strong,0.4042207792207792,0.06953463203463195,false
9104,strong,0.39285714285714285,0.06655844155844154,false
9105,strong,0.39285714285714285,0.0668290043290043,false
9106,strong,0.42045454545454547,0.06628787878787878,false
9107,strong,0.3961038961038961,0.06682900432900435,false
9108,strong,0.4301948051948052,0.07792207792207789,false
9109,strong,0.43344155844155846,0.0711580086580087,false
9110,strong,0.4253246753246753,0.07034632034632032,false
9111,strong,0.43344155844155846,0.07007575757575768,false
9112,strong,0.4366883116883117,0.07007575757575762,false
9113,strong,0.45454545454545453,0.07332251082251084,false
9114,strong,0.4366883116883117,0.0689935064935065,false
9115,strong,0.44155844155844154,0.07305194805194803,false
9116,strong,0.4659090909090909,0.0719696969696969,false
9117,strong,0.4431818181818182,0.07467532467532467,false
9118,strong,0.5308441558441559,0.10362554112554112,false
9119,strong,0.6038961038961039,0.13988095238095238,false
9120,strong,0.6558441558441559,0.06944444444444453,false
9121,strong,0.6688311688311688,0.01477272727272716,false
9122,strong,0.6753246753246753,0.009740259740259716,false
9123,strong,0.7272727272727273,0.008441558441558361,false
9124,strong,0.7353896103896104,0.003896103896103842,false
9125,strong,0.7142857142857143,0.0037337662337662003,false
9126,strong,0.7711038961038961,0.001948051948051921,false
9127,reporting,0.7175324675324676,-0.00032467532467517213,false
9128,reporting,0.801948051948052,-0.0014610389610389962,false
9129,strong,0.75,0.00032467532467528315,false
9130,strong,0.788961038961039,0.00032467532467528315,false
9131,reporting,0.814935064935065,-0.00016233766233764158,false
9132,reporting,0.788961038961039,-0.0021103896103896735,false
9133,strong,0.8035714285714286,0.00032467532467528315,false
9134,strong,0.801948051948052,0.001136363636363602,false
9135,strong,0.8084415584415584,0.00016233766233764158,false
9136,strong,0.8295454545454546,0.0017857142857142794,false
9137,strong,0.8051948051948052,0.00048701298701314677,false
9138,strong,0.8116883116883117,0.00032467532467539417,false
9139,reporting,0.7987012987012987,-0.0004870129870129247,false
9140,strong,0.8376623376623377,0.0051948051948050855,false
9141,strong,0.7792207792207793,0.003896103896103953,false
9142,strong,0.8051948051948052,0.007792207792207906,false
9143,strong,0.7808441558441559,0.008441558441558472,false
9144,strong,0.7224025974025974,0.0029220779220777704,false
9145,strong,0.7191558441558441,0.0032467532467531646,false
9146,reporting,0.672077922077922,-0.0006493506493505663,false
9147,strong,0.7077922077922078,0.006168831168831157,false
9148,strong,0.6185064935064936,0.0024350649350649567,false
9149,reporting,0.650974025974026,-0.0014610389610388852,true
9150,strong,0.4902597402597403,0.004220779220779347,true
9151,strong,0.3555194805194805,0.004220779220779292,true
9152,strong,0.0,0.0,true
9153,nascent,0.6331168831168831,0.04671717171717171,false
9154,nascent,0.6607142857142857,0.006655844155844082,false
9155,nascent,0.672077922077922,0.00649350649350644,false
9156,nascent,0.724025974025974,0.0051948051948050855,false
9157,nascent,0.7353896103896104,0.003896103896103842,false
9158,reporting,0.7094155844155844,-0.001136363636363713,false
9159,strong,0.7743506493506493,0.0051948051948051965,false
9160,reporting,0.7175324675324676,-0.00032467532467517213,false
9161,strong,0.8051948051948052,0.0017857142857142794,false
9162,strong,0.7516233766233766,0.001948051948051921,false
9163,strong,0.7905844155844156,0.001948051948051921,false
9164,strong,0.8165584415584416,0.0014610389610389962,false
9165,strong,0.7922077922077922,0.001136363636363602,false
9166,strong,0.8035714285714286,0.00032467532467528315,false
9167,strong,0.8051948051948052,0.004383116883116878,false
9168,strong,0.810064935064935,0.0017857142857142794,false
9169,strong,0.8311688311688312,0.003409090909090917,false
9170,strong,0.8068181818181818,0.0021103896103896735,false
9171,strong,0.814935064935065,0.0035714285714286698,false
9172,strong,0.801948051948052,0.002759740259740351,false
9173,strong,0.8409090909090909,0.008441558441558361,false
9174,strong,0.7792207792207793,0.003896103896103953,false
9175,strong,0.801948051948052,0.00454545454545463,false
9176,strong,0.7792207792207793,0.006818181818181834,false
9177,strong,0.7272727272727273,0.007792207792207684,false
9178,strong,0.7224025974025974,0.00649350649350644,false
9179,strong,0.6753246753246753,0.0025974025974027093,false
9180,strong,0.711038961038961,0.009415584415584433,false
9181,strong,0.6217532467532467,0.005681818181818121,false
9182,strong,0.6542207792207793,0.0017857142857143904,true
9183,strong,0.4935064935064935,0.007467532467532567,true
9184,strong,0.3555194805194805,0.004220779220779292,true
9185,strong,0.0,0.0,true
9186,nascent,0.33766233766233766,0.02573352573352561,false
9187,nascent,0.33766233766233766,0.019648454993282494,false
9188,nascent,0.32792207792207795,0.009689529220779258,false
9189,nascent,0.3457792207792208,0.0042613636363636465,false
9190,nascent,0.3457792207792208,0.005061115355232959,false
9191,strong,0.3717532467532468,0.01716141001855287,false
9192,strong,0.3457792207792208,0.00732713232713228,false
9193,strong,0.413961038961039,0.008467883467883408,false
9194,strong,0.3977272727272727,0.0016233766233766378,false
9195,reporting,0.40584415584415584,-0.007107757107757129,false
9196,reporting,0.400974025974026,-0.01399613899613894,false
9197,reporting,0.37012987012987014,-0.04799929799929792,false
9198,reporting,0.38961038961038963,-0.03729707792207804,false
9199,reporting,0.375,-0.029995572609208987,false
9200,reporting,0.3717532467532468,-0.03318903318903321,false
9201,reporting,0.3717532467532468,-0.04466089466089457,false
9202,reporting,0.39935064935064934,-0.018434343434343414,false
9203,reporting,0.4301948051948052,-0.018722943722943974,false
9204,reporting,0.4366883116883117,-0.019300144300144095,false
9205,reporting,0.43506493506493504,-0.01637806637806627,false
9206,reporting,0.43993506493506496,-0.02016594516594511,false
9207,reporting,0.43993506493506496,-0.021897546897546694,false
9208,reporting,0.4594155844155844,-0.021717171717171746,false
9209,reporting,0.44155844155844154,-0.024314574314574455,false
9210,reporting,0.44155844155844154,-0.026839826839826886,false
9211,reporting,0.4675324675324675,-0.024711399711399795,false
9212,reporting,0.4431818181818182,-0.028102453102453073,false
9213,reporting,0.512987012987013,-0.02682100508187457,false
9214,reporting,0.5535714285714286,-0.02713862224731778,false
9215,reporting,0.5827922077922078,-0.014857425183511852,false
9216,reporting,0.5957792207792207,-0.019929538546559766,false
9217,reporting,0.5844155844155844,-0.038063000828958304,false
9218,reporting,0.6233766233766234,-0.04590356452058586,false
9219,reporting,0.6233766233766234,-0.06586764299530268,false
9220,reporting,0.6314935064935064,-0.03554158607350111,false
9221,reporting,0.698051948051948,-0.024419729206963114,false
9222,reporting,0.6461038961038961,-0.029255319148936088,false
9223,reporting,0.7435064935064936,-0.018927880630008165,false
9224,reporting,0.689935064935065,-0.02296905222437129,false
9225,reporting,0.7288961038961039,-0.02369439071566737,false
9226,strong,0.7840909090909091,0.005871787786681293,false
9227,strong,0.775974025974026,0.018271621995026077,false
9228,strong,0.7922077922077922,0.019998618402873425,false
9229,strong,0.7857142857142857,0.016993644653219175,false
9230,strong,0.7954545454545454,0.01668278529980638,false
9231,strong,0.8198051948051948,0.020620337109698905,false
9232,strong,0.7938311688311688,0.01768444321635776,false
9233,strong,0.8003246753246753,0.020344017684443272,false
9234,strong,0.7922077922077922,0.02736066017316041,false
9235,strong,0.7840909090909091,0.009131493506493227,false
9236,strong,0.7694805194805194,0.020698051948051854,false
9237,reporting,0.7305194805194806,-0.012445887445887593,false
9238,strong,0.7224025974025974,0.0036864177489178696,false
9239,strong,0.676948051948052,0.007913961038961026,false
9240,strong,0.6737012987012987,0.004362824675324561,false
9241,strong,0.672077922077922,0.024688852813853024,false
9242,strong,0.7077922077922078,0.04055059523809512,false
9243,strong,0.6168831168831169,0.031824945887446,false
9244,strong,0.650974025974026,0.03388798701298701,true
9245,strong,0.4902597402597403,0.026718073593073544,true
9246,strong,0.3538961038961039,0.0237080627705627,true
9247,strong,0.0,0.0,true
9248,nascent,0.29707792207792205,-0.14320149547422284,false
9249,nascent,0.29707792207792205,-0.16223927587563947,false
9250,nascent,0.29707792207792205,-0.1481700118063754,false
9251,nascent,0.29707792207792205,-0.15008854781582048,false
9252,nascent,0.32142857142857145,-0.1505312868949233,false
9253,microstate,0.29545454545454547,-0.15299094844549382,false
9254,microstate,0.336038961038961,-0.18108028335301052,false
9255,microstate,0.33116883116883117,-0.2239275875639513,false
9256,microstate,0.3457792207792208,-0.226780794962613,false
9257,microstate,0.36038961038961037,-0.22874852420306968,false
9258,microstate,0.362012987012987,-0.2318968909878002,false
9259,microstate,0.37987012987012986,-0.2611176702085793,false
9260,microstate,0.38961038961038963,-0.2643644234553326,false
9261,microstate,0.3847402597402597,-0.24675324675324672,false
9262,microstate,0.42694805194805197,-0.262052341597796,false
9263,microstate,0.3912337662337662,-0.24542502951593875,false
9264,microstate,0.4074675324675325,-0.3079988193624557,false
9265,microstate,0.39285714285714285,-0.27621999212908305,false
9266,microstate,0.4107142857142857,-0.2958972845336483,false
9267,microstate,0.44155844155844154,-0.28940377804014145,false
9268,microstate,0.43344155844155846,-0.2754329004329004,false
9269,microstate,0.44155844155844154,-0.2783844942935852,false
9270,microstate,0.4383116883116883,-0.28207398661944116,false
9271,microstate,0.4496753246753247,-0.27872884691066513,false
9272,microstate,0.4675324675324675,-0.28074576938213286,false
9273,microstate,0.44642857142857145,-0.27941755214482505,false
9274,microstate,0.43993506493506496,-0.2884691066509246,false
9275,microstate,0.44155844155844154,-0.2787780401416767,false
9276,microstate,0.42694805194805197,-0.30175127902400645,false
9277,microstate,0.461038961038961,-0.2500983864620231,false
9278,microstate,0.4383116883116883,-0.2727764659582842,false
9279,microstate,0.42045454545454547,-0.2688902007083825,false
9280,microstate,0.4512987012987013,-0.20695592286501374,false
9281,microstate,0.45292207792207795,-0.2033648170011807,false
9282,microstate,0.3977272727272727,-0.2128099173553718,false
9283,microstate,0.461038961038961,-0.1889512003148367,false
9284,microstate,0.400974025974026,-0.16750295159386075,false
9285,microstate,0.42207792207792205,-0.18024399842581673,true
9286,microstate,0.2987012987012987,-0.1470385674931129,true
9287,microstate,0.237012987012987,-0.08289059425423062,true
9288,microstate,0.0,0.0,true
9289,nascent,0.24025974025974026,-0.1776197939991043,false
9290,nascent,0.2564935064935065,-0.18290043290043295,false
9291,nascent,0.262987012987013,-0.1785714285714286,false
9292,nascent,0.25811688311688313,-0.1660917207792207,false
9293,nascent,0.31006493506493504,-0.130174512987013,false
9294,reporting,0.3198051948051948,-0.12047422274695008,false
9295,reporting,0.32142857142857145,-0.13788862652499007,false
9296,reporting,0.32142857142857145,-0.123819362455726,false
9297,reporting,0.32142857142857145,-0.12573789846517108,false
9298,reporting,0.3457792207792208,-0.12618063754427394,false
9299,reporting,0.3198051948051948,-0.12864029909484448,false
9300,reporting,0.3587662337662338,-0.15835301062573776,false
9301,reporting,0.413961038961039,-0.1411353797717435,false
9302,reporting,0.42857142857142855,-0.14398858717040525,false
9303,reporting,0.44642857142857145,-0.1427095631641086,false
9304,reporting,0.44642857142857145,-0.14748130657221575,false
9305,reporting,0.47564935064935066,-0.1653384494293585,false
9306,reporting,0.4902597402597403,-0.16371507280598196,false
9307,reporting,0.48214285714285715,-0.1493506493506493,false
9308,reporting,0.5275974025974026,-0.16140299094844535,false
9309,reporting,0.4902597402597403,-0.14639905548996468,false
9310,reporting,0.5422077922077922,-0.17325855962219594,false
9311,reporting,0.5178571428571429,-0.151219992129083,false
9312,reporting,0.5422077922077922,-0.16440377804014172,false
9313,reporting,0.5681818181818182,-0.16278040141676475,false
9314,reporting,0.560064935064935,-0.14880952380952384,false
9315,reporting,0.5714285714285714,-0.14851436442345534,false
9316,reporting,0.5698051948051948,-0.15058048012593472,false
9317,reporting,0.5827922077922078,-0.14561196379378205,false
9318,reporting,0.6006493506493507,-0.14762888626524973,false
9319,reporting,0.5795454545454546,-0.14630066902794192,false
9320,reporting,0.5714285714285714,-0.15697560015741818,false
9321,reporting,0.5714285714285714,-0.14890791027154682,false
9322,reporting,0.560064935064935,-0.16863439590712337,false
9323,reporting,0.5974025974025974,-0.11373475009838674,false
9324,reporting,0.5714285714285714,-0.13965958284140112,false
9325,reporting,0.5454545454545454,-0.14389020070838254,false
9326,reporting,0.560064935064935,-0.09818968909878001,false
9327,reporting,0.5616883116883117,-0.09459858323494696,false
9328,reporting,0.5064935064935064,-0.10404368358913807,false
9329,reporting,0.573051948051948,-0.07693821330184969,false
9330,reporting,0.5,-0.06847697756788673,false
9331,reporting,0.5340909090909091,-0.06823101141282972,true
9332,reporting,0.37987012987012986,-0.06586973632428172,true
9333,reporting,0.2727272727272727,-0.04717630853994492,true
9334,strong,0.0,0.0,true
9335,nascent,0.2305194805194805,-0.20887445887445893,false
9336,nascent,0.25,-0.1915584415584416,false
9337,nascent,0.2418831168831169,-0.18232548701298693,false
9338,nascent,0.2905844155844156,-0.14965503246753242,false
9339,nascent,0.3003246753246753,-0.13995474222746956,false
9340,reporting,0.30194805194805197,-0.15736914600550955,false
9341,reporting,0.3051948051948052,-0.14005312868949227,false
9342,reporting,0.3051948051948052,-0.14197166469893735,false
9343,reporting,0.31655844155844154,-0.1554014167650532,false
9344,reporting,0.30357142857142855,-0.14487406532861075,false
9345,reporting,0.3425324675324675,-0.17458677685950402,false
9346,reporting,0.4025974025974026,-0.15249901613537986,false
9347,reporting,0.4172077922077922,-0.1553522235340416,false
9348,reporting,0.43344155844155846,-0.1556965761511216,false
9349,reporting,0.4366883116883117,-0.15722156631247552,false
9350,reporting,0.46266233766233766,-0.17832546241637148,false
9351,reporting,0.4772727272727273,-0.17670208579299496,false
9352,reporting,0.4675324675324675,-0.16396103896103892,false
9353,reporting,0.512987012987013,-0.17601338055883498,false
9354,reporting,0.4772727272727273,-0.15938606847697767,false
9355,reporting,0.5373376623376623,-0.17812868949232585,false
9356,reporting,0.512987012987013,-0.1560901219992129,false
9357,reporting,0.5373376623376623,-0.16927390791027164,false
9358,reporting,0.5633116883116883,-0.16765053128689467,false
9359,reporting,0.5551948051948052,-0.15367965367965364,false
9360,reporting,0.5633116883116883,-0.15663124754033841,false
9361,reporting,0.5616883116883117,-0.1586973632428178,false
9362,reporting,0.5746753246753247,-0.15372884691066513,false
9363,reporting,0.5925324675324676,-0.1557457693821328,false
9364,reporting,0.5714285714285714,-0.1544175521448251,false
9365,reporting,0.564935064935065,-0.16346910665092462,false
9366,reporting,0.5633116883116883,-0.1570247933884299,false
9367,reporting,0.551948051948052,-0.17675127902400645,false
9368,reporting,0.5876623376623377,-0.12347500983864645,false
9369,reporting,0.564935064935065,-0.14615308933490756,false
9370,reporting,0.538961038961039,-0.15038370720188898,false
9371,reporting,0.5568181818181818,-0.10143644234553328,false
9372,reporting,0.560064935064935,-0.0962219598583236,false
9373,reporting,0.5032467532467533,-0.10729043683589123,false
9374,reporting,0.5698051948051948,-0.08018496654860297,false
9375,reporting,0.4967532467532468,-0.07172373081463995,false
9376,reporting,0.5324675324675324,-0.06985438803620636,true
9377,reporting,0.37662337662337664,-0.06911648957103494,true
9378,reporting,0.27435064935064934,-0.045552931916568284,true
9379,strong,0.0,0.0,true
9380,nascent,0.01461038961038961,-0.08563311688311688,false
9381,nascent,0.01948051948051948,-0.08522727272727273,false
9382,nascent,0.024350649350649352,-0.0872564935064935,false
9383,nascent,0.024350649350649352,-0.09090909090909091,false
9384,nascent,0.04383116883116883,-0.09983766233766234,false
9385,microstate,0.04383116883116883,-0.10349025974025974,false
9386,microstate,0.04383116883116883,-0.10673701298701299,false
9387,microstate,0.04383116883116883,-0.10876623376623379,false
9388,microstate,0.04383116883116883,-0.10876623376623379,false
9389,microstate,0.04383116883116883,-0.10978084415584419,false
9390,microstate,0.04383116883116883,-0.10876623376623379,false
9391,microstate,0.04383116883116883,-0.10876623376623379,false
9392,microstate,0.04383116883116883,-0.10876623376623379,false
9393,microstate,0.04383116883116883,-0.11120129870129872,false
9394,microstate,0.05844155844155844,-0.1698457792207792,false
9395,microstate,0.06818181818181818,-0.1793831168831169,false
9396,microstate,0.06818181818181818,-0.18648538961038957,false
9397,microstate,0.06818181818181818,-0.18587662337662336,false
9398,microstate,0.06818181818181818,-0.18607954545454541,false
9399,microstate,0.06818181818181818,-0.1832611832611833,false
9400,microstate,0.06818181818181818,-0.19696969696969696,false
9401,microstate,0.06818181818181818,-0.1982323232323232,false
9402,microstate,0.06818181818181818,-0.21103896103896108,false
9403,microstate,0.06818181818181818,-0.19642857142857145,false
9404,microstate,0.08279220779220779,-0.2447691197691198,false
9405,microstate,0.08279220779220779,-0.23593073593073594,false
9406,microstate,0.08766233766233766,-0.23845598845598842,false
9407,microstate,0.08766233766233766,-0.237012987012987,false
9408,microstate,0.08766233766233766,-0.23448773448773447,false
9409,microstate,0.10227272727272728,-0.2395382395382395,false
9410,microstate,0.10227272727272728,-0.2332251082251081,false
9411,microstate,0.09740259740259741,-0.2388167388167388,false
9412,microstate,0.11038961038961038,-0.24837662337662342,false
9413,microstate,0.10064935064935066,-0.24386724386724384,false
9414,microstate,0.1038961038961039,-0.26208513708513714,false
9415,microstate,0.1038961038961039,-0.2647907647907648,false
9416,microstate,0.10551948051948051,-0.257034632034632,false
9417,microstate,0.10551948051948051,-0.26334776334776333,false
9418,microstate,0.10551948051948051,-0.26587301587301587,false
9419,microstate,0.12012987012987013,-0.268939393939394,false
9420,microstate,0.12012987012987013,-0.25613275613275616,false
9421,microstate,0.12012987012987013,-0.2563131313131313,false
9422,microstate,0.15422077922077923,-0.2449494949494949,false
9423,microstate,0.14285714285714285,-0.2361111111111111,false
9424,microstate,0.17532467532467533,-0.2669552669552669,false
9425,microstate,0.17045454545454544,-0.29561688311688317,false
9426,microstate,0.19967532467532467,-0.29383116883116883,false
9427,microstate,0.19967532467532467,-0.3254245754245755,false
9428,microstate,0.2012987012987013,-0.33279220779220775,false
9429,microstate,0.2159090909090909,-0.3652597402597402,false
9430,microstate,0.22402597402597402,-0.37300199800199796,false
9431,microstate,0.22727272727272727,-0.35402097902097895,false
9432,microstate,0.2694805194805195,-0.364010989010989,false
9433,microstate,0.23863636363636365,-0.34990009990009985,false
9434,microstate,0.25487012987012986,-0.40172327672327685,false
9435,microstate,0.2435064935064935,-0.3707542457542458,false
9436,microstate,0.2727272727272727,-0.377997002997003,false
9437,microstate,0.30357142857142855,-0.37899600399600414,false
9438,microstate,0.28084415584415584,-0.377122877122877,false
9439,microstate,0.2922077922077922,-0.3777472527472528,false
9440,microstate,0.2905844155844156,-0.4131493506493509,false
9441,microstate,0.2987012987012987,-0.41442486085343233,false
9442,microstate,0.31655844155844154,-0.4174397031539889,false
9443,microstate,0.29545454545454547,-0.4183673469387755,false
9444,microstate,0.2905844155844156,-0.4274118738404451,false
9445,microstate,0.29383116883116883,-0.41477272727272735,false
9446,microstate,0.28084415584415584,-0.4519944341372912,false
9447,microstate,0.3003246753246753,-0.39621985157699424,false
9448,microstate,0.28733766233766234,-0.422773654916512,false
9449,microstate,0.2922077922077922,-0.397147495361781,false
9450,microstate,0.275974025974026,-0.3668831168831169,false
9451,microstate,0.2857142857142857,-0.3550556586270871,false
9452,microstate,0.2775974025974026,-0.32873376623376604,false
9453,microstate,0.3003246753246753,-0.33673469387755095,false
9454,microstate,0.26136363636363635,-0.2956864564007421,false
9455,microstate,0.2857142857142857,-0.30519480519480513,true
9456,microstate,0.17207792207792208,-0.2666975881261596,true
9457,microstate,0.1331168831168831,-0.18448515769944343,true
9458,microstate,0.0,0.0,true
9459,nascent,0.275974025974026,-0.15093344155844168,false
9460,nascent,0.2922077922077922,-0.11278778040141679,false
9461,nascent,0.2922077922077922,-0.1127344877344878,false
9462,nascent,0.2987012987012987,-0.11771284271284266,false
9463,nascent,0.30194805194805197,-0.1158369408369408,false
9464,reporting,0.30357142857142855,-0.1453463203463206,false
9465,reporting,0.30844155844155846,-0.14754689754689732,false
9466,reporting,0.3003246753246753,-0.15111832611832599,false
9467,reporting,0.30844155844155846,-0.1516594516594516,false
9468,reporting,0.30844155844155846,-0.1533910533910532,false
9469,reporting,0.3133116883116883,-0.16782106782106782,false
9470,reporting,0.3133116883116883,-0.15256132756132768,false
9471,reporting,0.3133116883116883,-0.1550865800865801,false
9472,reporting,0.33766233766233766,-0.15458152958152965,false
9473,reporting,0.3133116883116883,-0.15797258297258293,false
9474,reporting,0.349025974025974,-0.19078204404291355,false
9475,reporting,0.4025974025974026,-0.17811264822134376,false
9476,reporting,0.44642857142857145,-0.15122106154714815,false
9477,reporting,0.4642857142857143,-0.1514230450400662,false
9478,reporting,0.4659090909090909,-0.1565694943354518,false
9479,reporting,0.4935064935064935,-0.17577369439071572,false
9480,reporting,0.5275974025974026,-0.16164686377452342,false
9481,reporting,0.5064935064935064,-0.1605415860735011,false
9482,reporting,0.5633116883116883,-0.15915998894722283,false
9483,reporting,0.5113636363636364,-0.1639955788891958,false
9484,reporting,0.5941558441558441,-0.16827852998065762,false
9485,reporting,0.5551948051948052,-0.157709311964631,false
9486,reporting,0.5909090909090909,-0.16168140370268036,false
9487,reporting,0.6185064935064936,-0.1597126277977342,false
9488,reporting,0.5957792207792207,-0.16192318319977916,false
9489,reporting,0.6071428571428571,-0.16506631666206173,false
9490,reporting,0.6022727272727273,-0.16644791378833923,false
9491,reporting,0.6152597402597403,-0.16351201989499875,false
9492,reporting,0.6363636363636364,-0.1628212213318595,false
9493,reporting,0.6152597402597403,-0.16088698535507073,false
9494,reporting,0.6233766233766234,-0.1566040342636087,false
9495,reporting,0.6087662337662337,-0.1560808982683981,false
9496,reporting,0.6006493506493507,-0.17431006493506518,false
9497,reporting,0.6314935064935064,-0.11728896103896114,false
9498,reporting,0.6103896103896104,-0.1325757575757578,false
9499,reporting,0.5974025974025974,-0.12131358225108213,false
9500,reporting,0.5568181818181818,-0.11221590909090917,false
9501,reporting,0.5616883116883117,-0.10765016233766245,false
9502,reporting,0.5487012987012987,-0.09868777056277034,false
9503,reporting,0.5762987012987013,-0.09094291125541132,false
9504,reporting,0.49837662337662336,-0.08668154761904756,false
9505,reporting,0.5243506493506493,-0.09273538961038963,true
9506,reporting,0.37662337662337664,-0.0869182900432901,true
9507,reporting,0.2694805194805195,-0.06070752164502169,true
9508,strong,0.0,0.0,true
9509,nascent,0.12337662337662338,0.00793650793650795,false
9510,nascent,0.12824675324675325,0.008658008658008656,false
9511,nascent,0.1331168831168831,0.009415584415584419,false
9512,nascent,0.13474025974025974,0.012337662337662342,false
9513,nascent,0.15584415584415584,0.004707792207792216,false
9514,reporting,0.15584415584415584,-0.006673881673881665,false
9515,reporting,0.15584415584415584,-0.007215007215007174,false
9516,reporting,0.15584415584415584,-0.011363636363636354,false
9517,reporting,0.15584415584415584,-0.011183261183261156,false
9518,reporting,0.15584415584415584,-0.012085137085137088,false
9519,reporting,0.15584415584415584,-0.013708513708513725,false
9520,strong,0.17532467532467533,0.004689754689754716,false
9521,strong,0.18506493506493507,0.017135642135642143,false
9522,strong,0.18506493506493507,0.019300144300144317,false
9523,strong,0.2597402597402597,0.02525252525252522,false
9524,strong,0.275974025974026,0.01431523022432113,false
9525,strong,0.2792207792207792,0.004427390791027108,false
9526,reporting,0.28084415584415584,-0.0029515938606848313,false
9527,reporting,0.28084415584415584,-0.011363636363636409,false
9528,reporting,0.2824675324675325,-0.014757969303423879,false
9529,reporting,0.3003246753246753,-0.013429752066115686,false
9530,reporting,0.30194805194805197,-0.014315230224321074,false
9531,strong,0.32792207792207795,0.00027056277056275446,false
9532,reporting,0.30194805194805197,-0.005546536796536772,false
9533,strong,0.39285714285714285,0.011634199134199164,false
9534,strong,0.3961038961038961,0.008658008658008698,false
9535,strong,0.3944805194805195,0.005627705627705704,false
9536,reporting,0.3944805194805195,-0.00324675324675322,false
9537,reporting,0.3944805194805195,-0.005735930735930761,false
9538,reporting,0.3961038961038961,-0.014718614718614687,false
9539,reporting,0.39285714285714285,-0.007142857142857173,false
9540,reporting,0.3944805194805195,-0.006709956709956666,false
9541,reporting,0.4074675324675325,-0.016666666666666663,false
9542,reporting,0.39935064935064934,-0.007575757575757569,false
9543,reporting,0.4172077922077922,-0.016450216450216493,false
9544,strong,0.44155844155844154,0.002380952380952317,false
9545,strong,0.4366883116883117,0.00551948051948048,false
9546,strong,0.4448051948051948,0.004004329004329066,false
9547,strong,0.44805194805194803,0.0037878787878786735,false
9548,reporting,0.4577922077922078,-0.002922077922077937,false
9549,strong,0.44805194805194803,0.001839826839826808,false
9550,strong,0.44805194805194803,0.002164502164502091,false
9551,strong,0.4724025974025974,0.002380952380952317,false
9552,strong,0.4496753246753247,0.0006493506493505663,false
9553,reporting,0.5194805194805194,-0.019828385899814505,false
9554,reporting,0.5714285714285714,-0.018089053803339472,false
9555,strong,0.6282467532467533,0.029029793735676046,false
9556,strong,0.6623376623376623,0.039820473644003096,false
9557,strong,0.663961038961039,0.037624140565317044,false
9558,strong,0.7061688311688312,0.02807486631016043,false
9559,strong,0.7272727272727273,0.027119938884644812,false
9560,strong,0.702922077922078,0.024828113063407153,false
9561,strong,0.7581168831168831,0.023013750954927303,false
9562,strong,0.702922077922078,0.018525592055003814,false
9563,strong,0.7840909090909091,0.013559969442322406,false
9564,strong,0.7305194805194806,0.010695187165775444,false
9565,strong,0.7694805194805194,0.010790679908326828,false
9566,strong,0.8035714285714286,0.012223071046600587,false
9567,strong,0.7808441558441559,0.013082505729564708,false
9568,strong,0.797077922077922,0.01480137509549262,false
9569,strong,0.788961038961039,0.0059205500381970255,false
9570,strong,0.7987012987012987,0.008212375859434573,false
9571,strong,0.8198051948051948,0.0098357524828111,false
9572,strong,0.797077922077922,0.009071810542398695,false
9573,strong,0.8035714285714286,0.010026737967914423,false
9574,strong,0.7922077922077922,0.01012223071046603,false
9575,reporting,0.7824675324675324,-0.0015278838808250317,false
9576,strong,0.7743506493506493,0.019957983193277462,false
9577,strong,0.75,0.0024828113063407597,false
9578,strong,0.7272727272727273,0.004583651642475095,false
9579,strong,0.6801948051948052,0.006493506493506662,false
9580,strong,0.676948051948052,0.007925897631779977,false
9581,strong,0.6753246753246753,0.02158135981665399,false
9582,strong,0.663961038961039,0.01050420168067212,false
9583,strong,0.5746753246753247,0.006016042780748521,false
9584,strong,0.6055194805194806,0.005061115355233126,true
9585,reporting,0.4448051948051948,-0.004201680672269004,true
9586,reporting,0.3068181818181818,-0.003437738731856377,true
9587,strong,0.0,0.0,true
9588,nascent,0.31655844155844154,0.017248376623376582,false
9589,nascent,0.31493506493506496,0.005884740259740229,false
9590,nascent,0.3181818181818182,0.0062530062530061215,false
9591,nascent,0.36363636363636365,0.045622480967308476,false
9592,nascent,0.3522727272727273,0.0340401785714286,false
9593,strong,0.37012987012987014,0.02861201298701299,false
9594,strong,0.3717532467532468,0.031035141329258942,false
9595,strong,0.4025974025974026,0.04800556586270871,false
9596,strong,0.37662337662337664,0.03817128817128812,false
9597,strong,0.45454545454545453,0.049052299052298964,false
9598,strong,0.44642857142857145,0.05032467532467538,false
9599,strong,0.45616883116883117,0.0432169182169182,false
9600,strong,0.45616883116883117,0.041198666198666245,false
9601,strong,0.474025974025974,0.05589680589680596,false
9602,strong,0.4935064935064935,0.06659902597402584,false
9603,strong,0.474025974025974,0.06903040141676503,false
9604,strong,0.474025974025974,0.06908369408369402,false
9605,strong,0.487012987012987,0.07059884559884566,false
9606,strong,0.4788961038961039,0.061111111111111116,false
9607,strong,0.512987012987013,0.06406926406926383,false
9608,strong,0.512987012987013,0.056998556998557215,false
9609,strong,0.5048701298701299,0.0534271284271286,false
9610,strong,0.512987012987013,0.052886002886002925,false
9611,strong,0.5162337662337663,0.05440115440115462,false
9612,strong,0.538961038961039,0.05782828282828284,false
9613,strong,0.5178571428571429,0.05198412698412691,false
9614,strong,0.5178571428571429,0.04945887445887448,false
9615,strong,0.5438311688311688,0.05158730158730146,false
9616,strong,0.5194805194805194,0.04819624819624818,false
9617,strong,0.5974025974025974,0.05759457933370982,false
9618,strong,0.6347402597402597,0.054030208921513334,false
9619,strong,0.6493506493506493,0.05170101637492974,false
9620,strong,0.6704545454545454,0.054745786128764906,false
9621,strong,0.672077922077922,0.04959933683337936,false
9622,strong,0.7272727272727273,0.05799253937551807,false
9623,strong,0.7353896103896104,0.04614534401768433,false
9624,strong,0.7126623376623377,0.045627245095330116,false
9625,strong,0.7597402597402597,0.03726858248134857,false
9626,strong,0.7207792207792207,0.045420005526388585,false
9627,strong,0.810064935064935,0.04763056092843332,false
9628,strong,0.7564935064935064,0.043589389334070194,false
9629,strong,0.7922077922077922,0.03961729759602095,false
9630,strong,0.8051948051948052,0.026975683890577473,false
9631,strong,0.7938311688311688,0.03612876485216887,false
9632,strong,0.8051948051948052,0.032985631389886416,false
9633,strong,0.7987012987012987,0.029980657640232167,false
9634,strong,0.8068181818181818,0.028046421663442733,false
9635,strong,0.827922077922078,0.028737220226582094,false
9636,strong,0.8051948051948052,0.029048079579994224,false
9637,strong,0.8116883116883117,0.031707654048079625,false
9638,strong,0.7938311688311688,0.02898403679653694,false
9639,strong,0.8376623376623377,0.06270292207792183,false
9640,strong,0.7662337662337663,0.01745129870129869,false
9641,strong,0.801948051948052,0.0589826839826838,false
9642,strong,0.7775974025974026,0.05888122294372311,false
9643,strong,0.7272727272727273,0.058238636363636354,false
9644,strong,0.724025974025974,0.05468749999999989,false
9645,strong,0.6753246753246753,0.0279356060606063,false
9646,strong,0.711038961038961,0.0437973484848484,false
9647,strong,0.6217532467532467,0.0366950757575758,false
9648,strong,0.6542207792207793,0.037134740259740284,true
9649,strong,0.4935064935064935,0.029964826839826764,true
9650,strong,0.3538961038961039,0.0237080627705627,true
9651,strong,0.0,0.0,true
9652,reporting,0.6412337662337663,-0.06250000000000022,false
9653,reporting,0.6574675324675324,-0.0556586270871986,false
9654,reporting,0.676948051948052,-0.057050092764378446,false
9655,reporting,0.6542207792207793,-0.059601113172541687,false
9656,reporting,0.6623376623376623,-0.055658627087198376,false
9657,reporting,0.6461038961038961,-0.06250000000000011,false
9658,reporting,0.685064935064935,-0.047773654916511976,false
9659,reporting,0.6704545454545454,-0.026089981447124155,false
9660,reporting,0.6964285714285714,-0.013682745825602916,false
9661,reporting,0.6801948051948052,-0.009160482374767964,false
9662,reporting,0.6363636363636364,-0.006493506493506551,false
9663,reporting,0.6331168831168831,-0.007653061224489721,false
9664,reporting,0.5844155844155844,-0.021915584415584277,false
9665,strong,0.6655844155844156,0.028525046382189334,false
9666,strong,0.5746753246753247,0.017625231910946226,false
9667,strong,0.612012987012987,0.02110389610389618,true
9668,strong,0.45292207792207795,0.014146567717996272,true
9669,reporting,0.31655844155844154,-0.0010435992578849973,true
9670,strong,0.0,0.0,true
9671,nascent,0.2418831168831169,-0.1631124557260921,false
9672,nascent,0.2418831168831169,-0.1630591630591631,false
9673,nascent,0.2532467532467532,-0.16316738816738813,false
9674,nascent,0.2711038961038961,-0.14668109668109663,false
9675,nascent,0.2922077922077922,-0.15670995670995697,false
9676,reporting,0.288961038961039,-0.1670274170274168,false
9677,reporting,0.2824675324675325,-0.16897546897546883,false
9678,reporting,0.31006493506493504,-0.15003607503607502,false
9679,reporting,0.31006493506493504,-0.1517676767676766,false
9680,reporting,0.3246753246753247,-0.15645743145743146,false
9681,reporting,0.3344155844155844,-0.1314574314574316,false
9682,reporting,0.3457792207792208,-0.12261904761904763,false
9683,reporting,0.37012987012987014,-0.12211399711399717,false
9684,reporting,0.3474025974025974,-0.12388167388167387,false
9685,reporting,0.39935064935064934,-0.14045736871823822,false
9686,reporting,0.3847402597402597,-0.19596979107848667,false
9687,reporting,0.400974025974026,-0.19667560700169362,false
9688,reporting,0.4155844155844156,-0.2001243437413649,false
9689,reporting,0.4253246753246753,-0.19715390991986737,false
9690,reporting,0.4642857142857143,-0.20499447361149492,false
9691,reporting,0.48863636363636365,-0.2006079027355624,false
9692,reporting,0.4659090909090909,-0.20112600165791666,false
9693,reporting,0.5227272727272727,-0.19974440453163844,false
9694,reporting,0.4707792207792208,-0.20457999447361136,false
9695,reporting,0.5665584415584416,-0.19587593257806013,false
9696,reporting,0.5292207792207793,-0.183683337938657,false
9697,reporting,0.5681818181818182,-0.18440867642995307,false
9698,reporting,0.5941558441558441,-0.18406327714838366,false
9699,reporting,0.573051948051948,-0.18465045592705187,false
9700,reporting,0.5844155844155844,-0.18779358938933444,false
9701,reporting,0.577922077922078,-0.19079856313898858,false
9702,reporting,0.5876623376623377,-0.19110942249240137,false
9703,reporting,0.6087662337662337,-0.19041862392926212,false
9704,reporting,0.5892857142857143,-0.18686101132909672,false
9705,reporting,0.5892857142857143,-0.19069494335451775,false
9706,reporting,0.5827922077922078,-0.1820549242424241,false
9707,reporting,0.5714285714285714,-0.20353084415584444,false
9708,reporting,0.6103896103896104,-0.1383928571428572,false
9709,reporting,0.5892857142857143,-0.15367965367965386,false
9710,reporting,0.5714285714285714,-0.1472876082251081,false
9711,reporting,0.5340909090909091,-0.13494318181818188,false
9712,reporting,0.5308441558441559,-0.13849431818181823,false
9713,reporting,0.5357142857142857,-0.11167478354978333,false
9714,reporting,0.5535714285714286,-0.11367018398268403,false
9715,reporting,0.4724025974025974,-0.11265557359307354,false
9716,reporting,0.5032467532467533,-0.1138392857142857,true
9717,reporting,0.34415584415584416,-0.11938582251082258,true
9718,reporting,0.2435064935064935,-0.08668154761904767,true
9719,strong,0.0,0.0,true
9720,nascent,0.2727272727272727,-0.02658279220779225,false
9721,nascent,0.29383116883116883,-0.015219155844155896,false
9722,nascent,0.2922077922077922,-0.01972101972101986,false
9723,nascent,0.3068181818181818,-0.011195700850873347,false
9724,nascent,0.30844155844155846,-0.009790990259740229,false
9725,reporting,0.32305194805194803,-0.018465909090909116,false
9726,reporting,0.29707792207792205,-0.043640183346065786,false
9727,reporting,0.2987012987012987,-0.05589053803339522,false
9728,reporting,0.3003246753246753,-0.03812741312741319,false
9729,reporting,0.37012987012987014,-0.035363285363285424,false
9730,strong,0.400974025974026,0.004870129870129913,false
9731,strong,0.45454545454545453,0.04159354159354156,false
9732,strong,0.45616883116883117,0.041198666198666245,false
9733,strong,0.4577922077922078,0.039663039663039745,false
9734,strong,0.4772727272727273,0.05036525974025963,false
9735,strong,0.4594155844155844,0.0544200118063754,false
9736,strong,0.4594155844155844,0.054473304473304396,false
9737,strong,0.4724025974025974,0.05598845598845603,false
9738,strong,0.46266233766233766,0.044877344877344905,false
9739,strong,0.5,0.05108225108225084,false
9740,strong,0.5,0.044011544011544224,false
9741,strong,0.4935064935064935,0.04206349206349219,false
9742,strong,0.5016233766233766,0.04152236652236657,false
9743,strong,0.5016233766233766,0.03979076479076499,false
9744,strong,0.5275974025974026,0.046464646464646486,false
9745,strong,0.5064935064935064,0.040620490620490446,false
9746,strong,0.5081168831168831,0.03971861471861465,false
9747,strong,0.5340909090909091,0.041847041847041744,false
9748,strong,0.5113636363636364,0.040079365079365104,false
9749,strong,0.5909090909090909,0.051101072840203376,false
9750,strong,0.6022727272727273,0.02156267645398091,false
9751,strong,0.6087662337662337,0.01111660079051413,false
9752,strong,0.6217532467532467,0.006044487427466216,false
9753,strong,0.625,0.0025214147554573074,false
9754,strong,0.6753246753246753,0.006044487427466105,false
9755,strong,0.7126623376623377,0.023418071290411624,false
9756,strong,0.6704545454545454,0.003419452887537866,false
9757,strong,0.724025974025974,0.0015542967670628682,false
9758,reporting,0.6737012987012987,-0.001657916551533467,false
9759,strong,0.7646103896103896,0.0021760154738879045,false
9760,strong,0.7305194805194806,0.017615363360044323,false
9761,strong,0.7694805194805194,0.016890024868748132,false
9762,strong,0.8051948051948052,0.026975683890577473,false
9763,strong,0.7808441558441559,0.02314175186515599,false
9764,strong,0.7905844155844156,0.018375241779496787,false
9765,strong,0.788961038961039,0.02024039789997245,false
9766,strong,0.7987012987012987,0.019929538546559655,false
9767,strong,0.814935064935065,0.015750207239569103,false
9768,strong,0.7938311688311688,0.01768444321635776,false
9769,strong,0.797077922077922,0.017097264437689996,false
9770,strong,0.7873376623376623,0.022490530303030498,false
9771,strong,0.8262987012987013,0.051339285714285476,false
9772,strong,0.7662337662337663,0.01745129870129869,false
9773,strong,0.775974025974026,0.03300865800865782,false
9774,strong,0.7662337662337663,0.04751758658008676,false
9775,strong,0.711038961038961,0.04200487012987009,false
9776,strong,0.7175324675324676,0.04819399350649345,false
9777,strong,0.6590909090909091,0.011701839826840033,false
9778,strong,0.6964285714285714,0.029186958874458768,false
9779,strong,0.6136363636363636,0.028578192640692723,false
9780,strong,0.6477272727272727,0.030641233766233733,true
9781,strong,0.487012987012987,0.023471320346320268,true
9782,strong,0.3522727272727273,0.022084686147186117,true
9783,strong,0.0,0.0,true
9784,nascent,0.3409090909090909,0.022186147186147143,false
9785,nascent,0.3425324675324675,0.021825396825396803,false
9786,nascent,0.35714285714285715,0.018759018759018753,false
9787,nascent,0.3474025974025974,0.022186147186147143,false
9788,nascent,0.4301948051948052,0.030483405483405446,false
9789,strong,0.41883116883116883,0.031204906204906235,false
9790,strong,0.4172077922077922,0.025432900432900418,false
9791,strong,0.42857142857142855,0.034992784992784964,false
9792,strong,0.4301948051948052,0.030844155844155785,false
9793,strong,0.4496753246753247,0.031565656565656575,false
9794,strong,0.4431818181818182,0.04870129870129869,false
9795,strong,0.4431818181818182,0.01046176046176045,false
9796,strong,0.4707792207792208,0.015692640692640702,false
9797,strong,0.44805194805194803,0.0050505050505050275,false
9798,strong,0.4772727272727273,0.012085137085137088,false
9799,strong,0.4772727272727273,0.008838383838383868,false
9800,strong,0.4707792207792208,0.003787878787878729,false
9801,strong,0.4788961038961039,0.0021645021645021467,false
9802,strong,0.4805194805194805,0.015909090909090817,false
9803,strong,0.5032467532467533,0.018668831168831168,false
9804,strong,0.4837662337662338,0.015422077922078004,false
9805,strong,0.4837662337662338,0.014123376623376649,false
9806,strong,0.512987012987013,0.02175324675324669,false
9807,strong,0.48863636363636365,0.018181818181818132,false
9808,strong,0.5698051948051948,0.024675324675324628,false
9809,strong,0.6266233766233766,0.03425324675324681,false
9810,strong,0.650974025974026,0.03928571428571426,false
9811,strong,0.6672077922077922,0.03685064935064941,false
9812,strong,0.6737012987012987,0.03961038961038965,false
9813,strong,0.7272727272727273,0.04058441558441572,false
9814,strong,0.7353896103896104,0.03198051948051939,false
9815,strong,0.7126623376623377,0.02954545454545454,false
9816,strong,0.7711038961038961,0.03279220779220782,false
9817,strong,0.7142857142857143,0.026136363636363624,false
9818,strong,0.8003246753246753,0.02597402597402587,false
9819,strong,0.7467532467532467,0.026298701298701266,false
9820,strong,0.7840909090909091,0.03984651711924425,false
9821,strong,0.8116883116883117,0.039698937426210223,false
9822,strong,0.7857142857142857,0.03423848878394331,false
9823,strong,0.8003246753246753,0.03541912632821742,false
9824,strong,0.7954545454545454,0.03172963400236117,false
9825,strong,0.8051948051948052,0.032615112160566784,false
9826,strong,0.823051948051948,0.02922077922077937,false
9827,strong,0.801948051948052,0.02818772136953951,false
9828,strong,0.8051948051948052,0.023022432113341207,false
9829,strong,0.7938311688311688,0.01948051948051943,false
9830,strong,0.827922077922078,0.032172373081464034,false
9831,strong,0.7727272727272727,0.02007083825265643,false
9832,strong,0.7987012987012987,0.03276269185360092,false
9833,strong,0.7694805194805194,0.028630460448642148,false
9834,strong,0.7224025974025974,0.030991735537190146,false
9835,strong,0.711038961038961,0.02125147579693043,false
9836,strong,0.6704545454545454,0.015495867768595017,false
9837,strong,0.6996753246753247,0.02110389610389618,false
9838,strong,0.6152597402597403,0.019037780401416682,false
9839,strong,0.6428571428571429,0.016086186540732017,true
9840,strong,0.48863636363636365,0.020956316410861875,true
9841,strong,0.34415584415584416,0.012987012987012991,true
9842,strong,0.0,0.0,true
9843,nascent,0.6655844155844156,0.011525974025973995,false
9844,nascent,0.6737012987012987,0.008116883116883078,false
9845,nascent,0.7272727272727273,0.008441558441558361,false
9846,nascent,0.7353896103896104,0.003896103896103842,false
9847,nascent,0.7126623376623377,0.0021103896103895625,false
9848,strong,0.7727272727272727,0.0035714285714285587,false
9849,strong,0.7207792207792207,0.0029220779220779924,false
9850,strong,0.8068181818181818,0.003409090909090806,false
9851,strong,0.7532467532467533,0.0035714285714285587,false
9852,strong,0.7905844155844156,0.001948051948051921,false
9853,strong,0.8181818181818182,0.003084415584415634,false
9854,strong,0.7922077922077922,0.001136363636363602,false
9855,strong,0.8051948051948052,0.001948051948051921,false
9856,reporting,0.7987012987012987,-0.0021103896103896735,false
9857,strong,0.8084415584415584,0.00016233766233764158,false
9858,reporting,0.8262987012987013,-0.0014610389610389962,false
9859,strong,0.8051948051948052,0.00048701298701314677,false
9860,strong,0.8133116883116883,0.001948051948052032,false
9861,strong,0.8003246753246753,0.001136363636363713,false
9862,reporting,0.7922077922077922,-0.04025974025974033,false
9863,strong,0.7775974025974026,0.002272727272727315,false
9864,reporting,0.7548701298701299,-0.04253246753246742,false
9865,reporting,0.7305194805194806,-0.041883116883116855,false
9866,reporting,0.6785714285714286,-0.040909090909091006,false
9867,reporting,0.6737012987012987,-0.04220779220779225,false
9868,strong,0.6753246753246753,0.0025974025974027093,false
9869,reporting,0.650974025974026,-0.05064935064935061,false
9870,reporting,0.5746753246753247,-0.04139610389610393,false
9871,strong,0.6525974025974026,0.0001623376623377526,true
9872,strong,0.49188311688311687,0.005844155844155929,true
9873,strong,0.3555194805194805,0.004220779220779292,true
9874,strong,0.0,0.0,true
9875,reporting,0.3977272727272727,-0.03499278499278502,false
9876,reporting,0.4237012987012987,-0.031385281385281405,false
9877,reporting,0.413961038961039,-0.029040404040404033,false
9878,reporting,0.42694805194805197,-0.03823953823953824,false
9879,reporting,0.4448051948051948,-0.02362914862914861,false
9880,reporting,0.4366883116883117,-0.030303030303030387,false
9881,reporting,0.4448051948051948,-0.031926406926406914,false
9882,reporting,0.44642857142857145,-0.018181818181818243,false
9883,reporting,0.4675324675324675,-0.017045454545454586,false
9884,reporting,0.46266233766233766,-0.005681818181818121,false
9885,reporting,0.4642857142857143,-0.005357142857142838,false
9886,reporting,0.48863636363636365,-0.0025974025974026538,false
9887,reporting,0.46915584415584416,-0.0012987012987013546,false
9888,strong,0.560064935064935,0.014935064935064912,false
9889,strong,0.6233766233766234,0.031006493506493538,false
9890,strong,0.637987012987013,0.026298701298701266,false
9891,strong,0.6558441558441559,0.025487012987013058,false
9892,strong,0.6607142857142857,0.02662337662337666,false
9893,strong,0.7012987012987013,0.01461038961038974,false
9894,strong,0.7191558441558441,0.01574675324675312,false
9895,strong,0.702922077922078,0.019805194805194826,false
9896,strong,0.7581168831168831,0.019805194805194826,false
9897,strong,0.702922077922078,0.01477272727272727,false
9898,strong,0.7905844155844156,0.016233766233766156,false
9899,strong,0.7353896103896104,0.014935064935064912,false
9900,strong,0.7743506493506493,0.030106257378984536,false
9901,strong,0.8116883116883117,0.039698937426210223,false
9902,strong,0.7840909090909091,0.03261511216056667,false
9903,strong,0.7987012987012987,0.03379574970484078,false
9904,strong,0.8003246753246753,0.03659976387249109,false
9905,strong,0.8051948051948052,0.032615112160566784,false
9906,strong,0.827922077922078,0.03409090909090928,false
9907,strong,0.8035714285714286,0.029811097992916147,false
9908,strong,0.810064935064935,0.02789256198347101,false
9909,strong,0.797077922077922,0.022727272727272707,false
9910,strong,0.8344155844155844,0.038665879574970474,false
9911,strong,0.7727272727272727,0.02007083825265643,false
9912,strong,0.797077922077922,0.031139315230224285,false
9913,strong,0.7727272727272727,0.03187721369539542,false
9914,strong,0.7207792207792207,0.029368358913813508,false
9915,strong,0.7159090909090909,0.026121605667060344,false
9916,strong,0.6688311688311688,0.01387249114521838,false
9917,strong,0.7077922077922078,0.02922077922077926,false
9918,strong,0.6185064935064936,0.022284533648169957,false
9919,strong,0.650974025974026,0.024203069657615095,true
9920,strong,0.4837662337662338,0.016086186540732017,true
9921,strong,0.3555194805194805,0.024350649350649345,true
9922,strong,0.0,0.0,true
9923,nascent,0.4318181818181818,-0.03425324675324676,false
9924,nascent,0.6331168831168831,0.13961038961038957,false
9925,nascent,0.6607142857142857,0.13561438561438555,false
9926,nascent,0.6623376623376623,0.12824675324675328,false
9927,nascent,0.7191558441558441,0.137987012987013,false
9928,strong,0.7305194805194806,0.1334915084915086,false
9929,strong,0.7077922077922078,0.1264985014985015,false
9930,strong,0.7646103896103896,0.13111888111888115,false
9931,strong,0.7191558441558441,0.1306193806193806,false
9932,strong,0.8035714285714286,0.1469780219780219,false
9933,strong,0.7516233766233766,0.13736263736263732,false
9934,strong,0.7905844155844156,0.1398601398601399,false
9935,strong,0.8165584415584416,0.1339910089910089,false
9936,strong,0.7922077922077922,0.1342407592407594,false
9937,strong,0.8035714285714286,0.13361638361638362,false
9938,strong,0.8051948051948052,0.10146103896103875,false
9939,strong,0.8068181818181818,0.09369202226345075,false
9940,strong,0.827922077922078,0.09392393320964754,false
9941,strong,0.8051948051948052,0.0913729128014843,false
9942,strong,0.8116883116883117,0.09369202226345097,false
9943,strong,0.7987012987012987,0.09009740259740251,false
9944,strong,0.8376623376623377,0.10482374768089064,false
9945,strong,0.775974025974026,0.07942949907235641,false
9946,strong,0.8003246753246753,0.09021335807050102,false
9947,strong,0.775974025974026,0.08661873840445278,false
9948,strong,0.724025974025974,0.08116883116883111,false
9949,strong,0.7224025974025974,0.08163265306122458,false
9950,strong,0.6753246753246753,0.06899350649350666,false
9951,strong,0.7094155844155844,0.07235621521335811,false
9952,strong,0.6201298701298701,0.06307977736549164,false
9953,strong,0.6525974025974026,0.06168831168831179,true
9954,strong,0.4935064935064935,0.05473098330241183,true
9955,strong,0.3555194805194805,0.03791743970315398,true
9956,strong,0.0,0.0,true
9957,nascent,0.30844155844155846,0.009131493506493504,false
9958,nascent,0.3116883116883117,0.002637987012986953,false
9959,nascent,0.3116883116883117,-0.00024050024050037422,false
9960,nascent,0.3116883116883117,-0.006325570980743489,false
9961,nascent,0.3116883116883117,-0.006544237012987009,false
9962,reporting,0.33116883116883117,-0.010349025974025983,false
9963,reporting,0.3327922077922078,-0.007925897631780032,false
9964,strong,0.3587662337662338,0.004174397031539878,false
9965,reporting,0.30357142857142855,-0.03488065988065997,false
9966,reporting,0.3327922077922078,-0.07270094770094776,false
9967,reporting,0.3327922077922078,-0.06331168831168826,false
9968,reporting,0.3425324675324675,-0.07041944541944545,false
9969,reporting,0.3425324675324675,-0.0724376974376974,false
9970,reporting,0.3555194805194805,-0.06260968760968755,false
9971,reporting,0.35714285714285715,-0.06976461038961052,false
9972,reporting,0.35714285714285715,-0.047852715466351836,false
9973,reporting,0.3587662337662338,-0.046176046176046204,false
9974,reporting,0.3717532467532468,-0.04466089466089457,false
9975,reporting,0.3944805194805195,-0.023304473304473272,false
9976,reporting,0.4318181818181818,-0.017099567099567337,false
9977,reporting,0.45454545454545453,-0.0014430014430012461,false
9978,strong,0.461038961038961,0.009595959595959713,false
9979,strong,0.4707792207792208,0.010678210678210731,false
9980,strong,0.4675324675324675,0.005699855699855871,false
9981,reporting,0.474025974025974,-0.007106782106782117,false
9982,strong,0.4724025974025974,0.006529581529581385,false
9983,strong,0.4724025974025974,0.004004329004328955,false
9984,strong,0.4967532467532468,0.004509379509379463,false
9985,strong,0.4724025974025974,0.0011183261183261295,false
9986,reporting,0.5227272727272727,-0.017080745341614856,false
9987,reporting,0.5373376623376623,-0.043372388481084045,false
9988,reporting,0.512987012987013,-0.08466261998870661,false
9989,reporting,0.4967532467532468,-0.11895551257253373,false
9990,reporting,0.4967532467532468,-0.1257253384912959,false
9991,reporting,0.5405844155844156,-0.1286957723127936,false
9992,reporting,0.5876623376623377,-0.10158192870958838,false
9993,reporting,0.5616883116883117,-0.10534678087869587,false
9994,reporting,0.6168831168831169,-0.10558856037579423,false
9995,reporting,0.564935064935065,-0.1104241503177672,false
9996,reporting,0.6363636363636364,-0.12607073777286537,false
9997,reporting,0.5876623376623377,-0.12524177949709858,false
9998,reporting,0.6266233766233766,-0.12596711798839466,false
9999,reporting,0.6542207792207793,-0.12399834208344851,false
10000,reporting,0.6363636363636364,-0.12133876761536355,false
10001,reporting,0.6704545454545454,-0.10175462835037341,false
10002,reporting,0.663961038961039,-0.10475960210002755,false
10003,reporting,0.676948051948052,-0.10182370820668707,false
10004,reporting,0.6948051948051948,-0.1043796628903011,false
10005,reporting,0.676948051948052,-0.09919867366675905,false
10006,reporting,0.6818181818181818,-0.09816247582205029,false
10007,reporting,0.6737012987012987,-0.09114583333333315,false
10008,reporting,0.6883116883116883,-0.08664772727272751,false
10009,reporting,0.685064935064935,-0.06371753246753253,false
10010,reporting,0.663961038961039,-0.07900432900432919,false
10011,reporting,0.6331168831168831,-0.08559929653679643,false
10012,reporting,0.5811688311688312,-0.08786525974025972,false
10013,reporting,0.5909090909090909,-0.07842938311688319,false
10014,reporting,0.577922077922078,-0.06946699134199108,false
10015,reporting,0.5746753246753247,-0.09256628787878796,false
10016,reporting,0.5211038961038961,-0.06395427489177485,false
10017,reporting,0.5454545454545454,-0.07163149350649356,true
10018,reporting,0.42857142857142855,-0.03497023809523819,true
10019,reporting,0.3068181818181818,-0.023369859307359353,true
10020,strong,0.0,0.0,true
10021,nascent,0.11363636363636363,-0.014610389610389615,false
10022,nascent,0.11363636363636363,-0.017857142857142863,false
10023,nascent,0.1185064935064935,-0.017857142857142877,false
10024,nascent,0.1185064935064935,-0.017857142857142877,false
10025,nascent,0.1672077922077922,-0.007034632034632032,false
10026,reporting,0.16233766233766234,-0.009740259740259744,false
10027,reporting,0.16233766233766234,-0.009740259740259744,false
10028,reporting,0.16233766233766234,-0.009740259740259744,false
10029,strong,0.16233766233766234,0.03206168831168829,false
10030,strong,0.17694805194805194,0.042613636363636354,false
10031,strong,0.19318181818181818,0.05397727272727271,false
10032,strong,0.20292207792207792,0.04935064935064934,false
10033,strong,0.20292207792207792,0.04935064935064934,false
10034,strong,0.20292207792207792,0.04004329004329005,false
10035,strong,0.2483766233766234,0.035566706021251504,false
10036,strong,0.3051948051948052,0.005884740259740229,false
10037,strong,0.3538961038961039,0.04484577922077915,false
10038,strong,0.3538961038961039,0.04196729196729182,false
10039,strong,0.3538961038961039,0.035882221227048705,false
10040,strong,0.3555194805194805,0.03728693181818182,false
10041,strong,0.375,0.03348214285714285,false
10042,strong,0.37662337662337664,0.0359052711993888,false
10043,strong,0.37662337662337664,0.022031539888682727,false
10044,strong,0.37662337662337664,0.03817128817128812,false
10045,strong,0.4642857142857143,0.058792558792558736,false
10046,strong,0.4496753246753247,0.0535714285714286,false
10047,strong,0.45454545454545453,0.04159354159354156,false
10048,strong,0.4594155844155844,0.044445419445419465,false
10049,strong,0.47564935064935066,0.057520182520182594,false
10050,strong,0.4967532467532468,0.06984577922077911,false
10051,strong,0.4642857142857143,0.059290141676505315,false
10052,strong,0.4642857142857143,0.05934343434343431,false
10053,strong,0.4772727272727273,0.060858585858585945,false
10054,strong,0.4675324675324675,0.04974747474747476,false
10055,strong,0.5016233766233766,0.05270562770562748,false
10056,strong,0.49837662337662336,0.042388167388167586,false
10057,strong,0.5032467532467533,0.05180375180375196,false
10058,strong,0.5113636363636364,0.05126262626262629,false
10059,strong,0.5178571428571429,0.056024531024531254,false
10060,strong,0.5405844155844156,0.05945165945165948,false
10061,strong,0.5194805194805194,0.05360750360750344,false
10062,strong,0.5194805194805194,0.05108225108225101,false
10063,strong,0.5308441558441559,0.03860028860028858,false
10064,strong,0.5211038961038961,0.04981962481962482,false
10065,strong,0.599025974025974,0.059217955957086454,false
10066,strong,0.6363636363636364,0.05565358554488997,false
10067,strong,0.6461038961038961,0.04845426312817647,false
10068,strong,0.663961038961039,0.048252279635258466,false
10069,strong,0.6737012987012987,0.051222713456756,false
10070,strong,0.7272727272727273,0.05799253937551807,false
10071,strong,0.7402597402597403,0.051015473887814244,false
10072,strong,0.7175324675324676,0.05049737496546003,false
10073,strong,0.7743506493506493,0.051878972091738196,false
10074,strong,0.7224025974025974,0.04704338214976522,false
10075,strong,0.8084415584415584,0.04600718430505668,false
10076,strong,0.7548701298701299,0.04196601271069367,false
10077,strong,0.7938311688311688,0.04124067421939748,false
10078,strong,0.8198051948051948,0.04158607350096699,false
10079,strong,0.7954545454545454,0.03775214147554551,false
10080,strong,0.8068181818181818,0.03460900801326294,false
10081,strong,0.8068181818181818,0.038097540757115245,false
10082,strong,0.8116883116883117,0.03291655153357265,false
10083,strong,0.8344155844155844,0.035230726720088534,false
10084,strong,0.810064935064935,0.033918209450124026,false
10085,strong,0.8165584415584416,0.03657778391820954,false
10086,strong,0.8035714285714286,0.038724296536796765,false
10087,strong,0.8425324675324676,0.06757305194805174,false
10088,strong,0.7824675324675324,0.033685064935064846,false
10089,strong,0.8068181818181818,0.0638528138528136,false
10090,strong,0.7824675324675324,0.06375135281385291,false
10091,strong,0.7272727272727273,0.058238636363636354,false
10092,strong,0.724025974025974,0.05468749999999989,false
10093,strong,0.6753246753246753,0.0279356060606063,false
10094,strong,0.711038961038961,0.0437973484848484,false
10095,strong,0.6217532467532467,0.0366950757575758,false
10096,strong,0.6542207792207793,0.037134740259740284,true
10097,strong,0.4935064935064935,0.029964826839826764,true
10098,strong,0.3555194805194805,0.025331439393939337,true
10099,strong,0.0,0.0,true
10100,nascent,0.00487012987012987,-0.1254058441558442,false
10101,nascent,0.00487012987012987,-0.12946428571428573,false
10102,nascent,0.00487012987012987,-0.1343344155844156,false
10103,nascent,0.00487012987012987,-0.14870129870129872,false
10104,nascent,0.00487012987012987,-0.14870129870129872,false
10105,reporting,0.00487012987012987,-0.15800865800865802,false
10106,failed,0.00487012987012987,-0.20793978748524203,false
10107,failed,0.006493506493506494,-0.29281655844155846,false
10108,failed,0.006493506493506494,-0.30255681818181823,false
10109,failed,0.006493506493506494,-0.30543530543530556,false
10110,failed,0.006493506493506494,-0.3115203761755487,false
10111,failed,0.006493506493506494,-0.3117390422077922,false
10112,reporting,0.288961038961039,-0.05255681818181818,false
10113,reporting,0.288961038961039,-0.051757066462948864,false
10114,reporting,0.288961038961039,-0.06563079777365494,false
10115,reporting,0.288961038961039,-0.049491049491049544,false
10116,reporting,0.35714285714285715,-0.048350298350298415,false
10117,reporting,0.3555194805194805,-0.040584415584415556,false
10118,reporting,0.3652597402597403,-0.047692172692172685,false
10119,reporting,0.3652597402597403,-0.04971042471042464,false
10120,reporting,0.36688311688311687,-0.051246051246051194,false
10121,reporting,0.3847402597402597,-0.04216720779220795,false
10122,reporting,0.3685064935064935,-0.03648907910271548,false
10123,reporting,0.3717532467532468,-0.03318903318903321,false
10124,reporting,0.3717532467532468,-0.04466089466089457,false
10125,reporting,0.37337662337662336,-0.0444083694083694,false
10126,reporting,0.4383116883116883,-0.010606060606060841,false
10127,strong,0.5162337662337663,0.06024531024531049,false
10128,strong,0.5081168831168831,0.056673881673881765,false
10129,strong,0.5178571428571429,0.05775613275613284,false
10130,strong,0.5211038961038961,0.05927128427128442,false
10131,strong,0.5438311688311688,0.06269841269841264,false
10132,strong,0.5227272727272727,0.05685425685425671,false
10133,strong,0.5227272727272727,0.05432900432900428,false
10134,strong,0.5438311688311688,0.05158730158730146,false
10135,strong,0.5194805194805194,0.04819624819624818,false
10136,strong,0.5974025974025974,0.05759457933370982,false
10137,strong,0.6347402597402597,0.054030208921513334,false
10138,strong,0.6542207792207793,0.056571146245059656,false
10139,strong,0.6704545454545454,0.054745786128764906,false
10140,strong,0.6753246753246753,0.052846090080132635,false
10141,strong,0.711038961038961,0.041758773141751804,false
10142,strong,0.7191558441558441,0.029911577783918064,false
10143,strong,0.6964285714285714,0.02939347886156385,false
10144,strong,0.7548701298701299,0.032398452611218764,false
10145,strong,0.7175324675324676,0.04217325227963542,false
10146,strong,0.8035714285714286,0.04113705443492688,false
10147,strong,0.7483766233766234,0.035472506217187116,false
10148,strong,0.7873376623376623,0.03474716772589104,false
10149,strong,0.8133116883116883,0.03509256700746055,false
10150,strong,0.788961038961039,0.03125863498203907,false
10151,strong,0.8035714285714286,0.03136225476650978,false
10152,strong,0.797077922077922,0.02835728101685553,false
10153,strong,0.8035714285714286,0.02479966841668957,false
10154,strong,0.8198051948051948,0.020620337109698905,false
10155,strong,0.8051948051948052,0.029048079579994224,false
10156,strong,0.810064935064935,0.030084277424702988,false
10157,strong,0.8003246753246753,0.03547754329004349,false
10158,strong,0.8392857142857143,0.06432629870129847,false
10159,strong,0.7824675324675324,0.033685064935064846,false
10160,strong,0.8068181818181818,0.0638528138528136,false
10161,strong,0.7824675324675324,0.06375135281385291,false
10162,strong,0.7256493506493507,0.056615259740259716,false
10163,strong,0.7224025974025974,0.05306412337662325,false
10164,strong,0.6753246753246753,0.0279356060606063,false
10165,strong,0.711038961038961,0.0437973484848484,false
10166,strong,0.6217532467532467,0.0366950757575758,false
10167,strong,0.6542207792207793,0.037134740259740284,true
10168,strong,0.4935064935064935,0.029964826839826764,true
10169,strong,0.3555194805194805,0.025331439393939337,true
10170,strong,0.0,0.0,true
10171,nascent,0.18019480519480519,-0.14745670995671,false
10172,nascent,0.15584415584415584,-0.1516504329004329,false
10173,nascent,0.18506493506493507,-0.19615800865800861,false
10174,nascent,0.18506493506493507,-0.20238095238095236,false
10175,nascent,0.19480519480519481,-0.19404761904761897,false
10176,failed,0.19480519480519481,-0.2029220779220779,false
10177,failed,0.19642857142857142,-0.20378787878787882,false
10178,failed,0.19642857142857142,-0.2143939393939394,false
10179,failed,0.19642857142857142,-0.2035714285714286,false
10180,failed,0.19642857142857142,-0.20476190476190473,false
10181,failed,0.2077922077922078,-0.21634199134199134,false
10182,failed,0.19805194805194806,-0.20887445887445885,false
10183,failed,0.19805194805194806,-0.23560606060606062,false
10184,failed,0.19805194805194806,-0.24112554112554116,false
10185,failed,0.18993506493506493,-0.24123376623376627,false
10186,failed,0.19805194805194806,-0.2427489177489177,false
10187,failed,0.19805194805194806,-0.2462121212121213,false
10188,dissolved,0.19642857142857142,-0.26428571428571435,false
10189,dissolved,0.19805194805194806,-0.24816017316017316,false
10190,dissolved,0.19805194805194806,-0.24783549783549788,false
10191,dissolved,0.2224025974025974,-0.24761904761904766,false
10192,dissolved,0.19480519480519481,-0.2542207792207793,false
10193,nascent,0.12337662337662338,0.02313311688311688,false
10194,nascent,0.12824675324675325,0.02353896103896104,false
10195,nascent,0.1331168831168831,0.021509740259740256,false
10196,nascent,0.13474025974025974,0.019480519480519487,false
10197,nascent,0.18668831168831168,0.04301948051948051,false
10198,strong,0.18181818181818182,0.03449675324675325,false
10199,strong,0.18181818181818182,0.03125,false
10200,strong,0.18181818181818182,0.029220779220779203,false
10201,strong,0.18181818181818182,0.029220779220779203,false
10202,strong,0.18344155844155843,0.029829545454545414,false
10203,strong,0.18181818181818182,0.029220779220779203,false
10204,strong,0.18181818181818182,0.029220779220779203,false
10205,strong,0.18181818181818182,0.029220779220779203,false
10206,strong,0.18181818181818182,0.026785714285714274,false
10207,strong,0.2857142857142857,0.05742694805194806,false
10208,strong,0.30844155844155846,0.06087662337662339,false
10209,strong,0.3327922077922078,0.07812500000000006,false
10210,strong,0.3425324675324675,0.08847402597402598,false
10211,strong,0.3425324675324675,0.08827110389610393,false
10212,strong,0.34415584415584416,0.09271284271284269,false
10213,strong,0.362012987012987,0.09686147186147187,false
10214,strong,0.3652597402597403,0.0988455988455989,false
10215,strong,0.3912337662337662,0.11201298701298695,false
10216,strong,0.3652597402597403,0.10064935064935066,false
10217,strong,0.45292207792207795,0.12536075036075034,false
10218,strong,0.4301948051948052,0.11147186147186144,false
10219,strong,0.44155844155844154,0.11544011544011545,false
10220,strong,0.44155844155844154,0.11688311688311687,false
10221,strong,0.44155844155844154,0.11940836940836941,false
10222,strong,0.4642857142857143,0.12247474747474751,false
10223,strong,0.4448051948051948,0.10930735930735941,false
10224,strong,0.4448051948051948,0.10858585858585862,false
10225,strong,0.5032467532467533,0.1444805194805195,false
10226,strong,0.4805194805194805,0.13600288600288601,false
10227,strong,0.5162337662337663,0.15025252525252525,false
10228,strong,0.5162337662337663,0.14754689754689754,false
10229,strong,0.5081168831168831,0.14556277056277056,false
10230,strong,0.5162337662337663,0.14736652236652242,false
10231,strong,0.5194805194805194,0.14808802308802305,false
10232,strong,0.5422077922077922,0.15313852813852813,false
10233,strong,0.5194805194805194,0.14321789321789313,false
10234,strong,0.5211038961038961,0.1446608946608946,false
10235,strong,0.5438311688311688,0.14466089466089466,false
10236,strong,0.5194805194805194,0.14051226551226548,false
10237,strong,0.6022727272727273,0.15999278499278508,false
10238,strong,0.6396103896103896,0.17353896103896105,false
10239,strong,0.6542207792207793,0.16071428571428575,false
10240,strong,0.6704545454545454,0.14535464535464526,false
10241,strong,0.676948051948052,0.1428571428571429,false
10242,strong,0.7305194805194806,0.14935064935064946,false
10243,strong,0.7386363636363636,0.14160839160839167,false
10244,strong,0.7159090909090909,0.1346153846153847,false
10245,strong,0.7743506493506493,0.14085914085914086,false
10246,strong,0.7191558441558441,0.1306193806193806,false
10247,strong,0.8051948051948052,0.14860139860139854,false
10248,strong,0.7516233766233766,0.13736263736263732,false
10249,strong,0.7905844155844156,0.1398601398601399,false
10250,strong,0.8165584415584416,0.1339910089910089,false
10251,strong,0.7922077922077922,0.1342407592407594,false
10252,strong,0.8051948051948052,0.13523976023976025,false
10253,strong,0.7987012987012987,0.0949675324675322,false
10254,strong,0.8084415584415584,0.09531539888682738,false
10255,strong,0.8262987012987013,0.0923005565862709,false
10256,strong,0.8051948051948052,0.0913729128014843,false
10257,strong,0.8116883116883117,0.09369202226345097,false
10258,strong,0.8003246753246753,0.09172077922077915,false
10259,strong,0.8392857142857143,0.10644712430426728,false
10260,strong,0.7824675324675324,0.08592300556586285,false
10261,strong,0.8068181818181818,0.09670686456400746,false
10262,strong,0.7824675324675324,0.09311224489795922,false
10263,strong,0.7272727272727273,0.08441558441558439,false
10264,strong,0.724025974025974,0.08325602968460122,false
10265,strong,0.6753246753246753,0.06899350649350666,false
10266,strong,0.711038961038961,0.07397959183673475,false
10267,strong,0.6217532467532467,0.06470315398886828,false
10268,strong,0.6542207792207793,0.06331168831168843,true
10269,strong,0.4935064935064935,0.05473098330241183,true
10270,strong,0.3555194805194805,0.03791743970315398,true
10271,strong,0.0,0.0,true
10272,nascent,0.5016233766233766,-0.2632237554112552,false
10273,nascent,0.5876623376623377,-0.18729707792207817,false
10274,nascent,0.586038961038961,-0.16274350649350655,false
10275,nascent,0.5746753246753247,-0.1682900432900435,false
10276,nascent,0.5503246753246753,-0.16839150432900418,false
10277,reporting,0.48214285714285715,-0.1868912337662338,false
10278,reporting,0.48863636363636365,-0.18070211038961048,false
10279,reporting,0.4724025974025974,-0.17498647186147165,false
10280,reporting,0.4675324675324675,-0.1997091450216451,false
10281,reporting,0.41233766233766234,-0.1727205086580086,false
10282,reporting,0.4366883116883117,-0.1803977272727273,true
10283,reporting,0.3198051948051948,-0.14373647186147193,true
10284,reporting,0.2435064935064935,-0.08668154761904767,true
10285,strong,0.0,0.0,true
10286,failed,0.048701298701298704,-0.614448051948052,false
10287,failed,0.048701298701298704,-0.5882034632034632,false
10288,failed,0.048701298701298704,-0.5949675324675324,false
10289,failed,0.040584415584415584,-0.5806277056277056,false
10290,failed,0.040584415584415584,-0.5378787878787878,false
10291,failed,0.040584415584415584,-0.5370670995670995,false
10292,failed,0.040584415584415584,-0.510551948051948,false
10293,failed,0.037337662337662336,-0.5343614718614719,false
10294,failed,0.025974025974025976,-0.476461038961039,false
10295,failed,0.022727272727272728,-0.5016233766233766,true
10296,failed,0.008116883116883116,-0.3936688311688311,true
10297,failed,0.003246753246753247,-0.2835497835497836,true
10298,strong,0.0,0.0,true
10299,nascent,0.0,-0.0625,false
10300,nascent,0.0,-0.06493506493506493,false
10301,nascent,0.0,-0.06737012987012987,false
10302,nascent,0.0,-0.06737012987012987,false
10303,nascent,0.0,-0.09253246753246754,false
10304,reporting,0.0,-0.09090909090909091,false
10305,reporting,0.0,-0.11471861471861472,false
10306,reporting,0.00487012987012987,-0.12445887445887445,false
10307,reporting,0.00487012987012987,-0.12445887445887445,false
10308,reporting,0.00487012987012987,-0.12716450216450217,false
10309,reporting,0.15746753246753248,-0.02110389610389607,false
10310,reporting,0.15746753246753248,-0.022727272727272707,false
10311,reporting,0.15422077922077923,-0.03246753246753245,false
10312,reporting,0.15422077922077923,-0.04350649350649349,false
10313,reporting,0.2353896103896104,-0.05194805194805194,false
10314,reporting,0.26136363636363635,-0.04902597402597403,false
10315,reporting,0.26461038961038963,-0.055519480519480524,false
10316,reporting,0.26785714285714285,-0.06277056277056275,false
10317,reporting,0.2694805194805195,-0.06331168831168832,false
10318,reporting,0.2727272727272727,-0.0514069264069264,false
10319,reporting,0.2922077922077922,-0.04680735930735935,false
10320,reporting,0.29545454545454547,-0.04653679653679654,false
10321,reporting,0.32142857142857145,-0.047348484848484806,false
10322,reporting,0.29383116883116883,-0.04870129870129869,false
10323,reporting,0.3717532467532468,-0.04301948051948051,false
10324,reporting,0.4042207792207792,-0.013257575757575801,false
10325,reporting,0.4172077922077922,-0.011904761904761973,false
10326,reporting,0.4172077922077922,-0.014339826839826875,false
10327,reporting,0.4301948051948052,-0.003246753246753331,false
10328,reporting,0.43993506493506496,-0.008928571428571452,false
10329,reporting,0.43344155844155846,-0.007034632034632005,false
10330,reporting,0.4366883116883117,-0.011363636363636354,false
10331,reporting,0.4496753246753247,-0.02408008658008659,false
10332,reporting,0.43993506493506496,-0.015151515151515194,false
10333,reporting,0.461038961038961,-0.022997835497835573,false
10334,reporting,0.4707792207792208,-0.02029220779220775,false
10335,reporting,0.4659090909090909,-0.017857142857142905,false
10336,reporting,0.474025974025974,-0.01785714285714285,false
10337,reporting,0.4772727272727273,-0.01785714285714285,false
10338,reporting,0.4837662337662338,-0.028679653679653694,false
10339,reporting,0.45454545454545453,-0.037337662337662336,false
10340,reporting,0.4788961038961039,-0.017316017316017396,false
10341,reporting,0.5032467532467533,-0.018398268398268414,false
10342,reporting,0.4448051948051948,-0.04707792207792205,false
10343,reporting,0.5097402597402597,-0.05438311688311681,false
10344,reporting,0.560064935064935,-0.046266233766233844,false
10345,reporting,0.577922077922078,-0.044913419913419905,false
10346,reporting,0.5925324675324676,-0.0492424242424242,false
10347,reporting,0.5974025974025974,-0.04572510822510811,false
10348,reporting,0.637987012987013,-0.05762987012987031,false
10349,reporting,0.6590909090909091,-0.053030303030303205,false
10350,reporting,0.6347402597402597,-0.05708874458874469,false
10351,reporting,0.7321428571428571,-0.025703463203463284,false
10352,reporting,0.6785714285714286,-0.02651515151515149,false
10353,reporting,0.7564935064935064,-0.032738095238095344,false
10354,reporting,0.7094155844155844,-0.027056277056277,false
10355,reporting,0.7483766233766234,-0.02895021645021656,false
10356,reporting,0.7792207792207793,-0.02705627705627711,false
10357,reporting,0.7532467532467533,-0.02840909090909083,false
10358,reporting,0.7597402597402597,-0.031385281385281294,false
10359,reporting,0.7548701298701299,-0.03300865800865804,false
10360,reporting,0.7662337662337663,-0.02895021645021645,false
10361,reporting,0.788961038961039,-0.02732683982683981,false
10362,reporting,0.7662337662337663,-0.02651515151515149,false
10363,reporting,0.7694805194805194,-0.02759740259740273,false
10364,reporting,0.7564935064935064,-0.018939393939394034,false
10365,nascent,0.27435064935064934,-0.14868927368927365,false
10366,nascent,0.29383116883116883,-0.13131313131313127,false
10367,nascent,0.3198051948051948,-0.13023088023088025,false
10368,nascent,0.3133116883116883,-0.10456784594715623,false
10369,nascent,0.2987012987012987,-0.14069264069264076,false
10370,reporting,0.3003246753246753,-0.14123376623376627,false
10371,reporting,0.2922077922077922,-0.13200081168831163,false
10372,reporting,0.31493506493506496,-0.12530438311688308,false
10373,reporting,0.31493506493506496,-0.12534435261707993,false
10374,reporting,0.32305194805194803,-0.13626524990161348,false
10375,reporting,0.32305194805194803,-0.12219598583234942,false
10376,reporting,0.35064935064935066,-0.09651711924439188,false
10377,reporting,0.37662337662337664,-0.0953364817001181,false
10378,reporting,0.3555194805194805,-0.09292601338055878,false
10379,reporting,0.4074675324675325,-0.10965171192443907,false
10380,reporting,0.461038961038961,-0.09405745769382146,false
10381,reporting,0.4772727272727273,-0.0952872884691065,false
10382,reporting,0.4935064935064935,-0.09563164108618655,false
10383,reporting,0.49512987012987014,-0.09878000787091706,false
10384,reporting,0.5324675324675324,-0.10852026761117672,false
10385,reporting,0.5568181818181818,-0.09715663124754048,false
10386,reporting,0.5357142857142857,-0.09577922077922074,false
10387,reporting,0.5909090909090909,-0.09809130263675703,false
10388,reporting,0.5422077922077922,-0.09445100354191271,false
10389,reporting,0.6314935064935064,-0.08397284533648175,false
10390,reporting,0.5957792207792207,-0.07329791420700515,false
10391,reporting,0.6331168831168831,-0.0734946871310509,false
10392,reporting,0.6558441558441559,-0.07511806375442709,false
10393,reporting,0.6396103896103896,-0.06926406926406925,false
10394,reporting,0.650974025974026,-0.06896890987800075,false
10395,reporting,0.698051948051948,-0.022333726879181448,false
10396,reporting,0.7061688311688312,-0.022235340417158578,false
10397,reporting,0.7256493506493507,-0.022628886265249726,false
10398,reporting,0.7045454545454546,-0.02130066902794192,false
10399,reporting,0.6996753246753247,-0.028728846910664907,false
10400,reporting,0.7012987012987013,-0.019037780401416904,false
10401,reporting,0.6915584415584416,-0.03714088941361682,false
10402,reporting,0.6801948051948052,-0.030942542306178877,false
10403,reporting,0.6542207792207793,-0.05686737504919326,false
10404,reporting,0.6233766233766234,-0.0659681227863046,false
10405,reporting,0.6217532467532467,-0.03650137741046833,false
10406,reporting,0.6266233766233766,-0.029663518299882008,false
10407,reporting,0.5714285714285714,-0.03910861865407311,false
10408,reporting,0.6331168831168831,-0.016873278236914646,false
10409,reporting,0.5616883116883117,-0.006788665879575051,false
10410,reporting,0.5925324675324676,-0.009789452971271206,true
10411,reporting,0.4383116883116883,-0.007428177882723264,true
10412,reporting,0.3051948051948052,-0.014708776072412444,true
10413,strong,0.0,0.0,true
10414,nascent,0.275974025974026,-0.062478062478062535,false
10415,nascent,0.35064935064935066,-0.05484380484380491,false
10416,nascent,0.3474025974025974,-0.04870129870129869,false
10417,nascent,0.362012987012987,-0.05093892593892596,false
10418,nascent,0.362012987012987,-0.052957177957177914,false
10419,reporting,0.3538961038961039,-0.06423306423306419,false
10420,reporting,0.3555194805194805,-0.07138798701298715,false
10421,reporting,0.35064935064935066,-0.05434622195985833,false
10422,reporting,0.3522727272727273,-0.0526695526695527,false
10423,reporting,0.3555194805194805,-0.060894660894660835,false
10424,reporting,0.375,-0.04278499278499276,false
10425,reporting,0.3977272727272727,-0.05119047619047645,false
10426,reporting,0.4107142857142857,-0.04527417027417008,false
10427,reporting,0.4155844155844156,-0.0358585858585857,false
10428,reporting,0.4253246753246753,-0.03477633477633474,false
10429,reporting,0.4253246753246753,-0.03650793650793632,false
10430,reporting,0.4366883116883117,-0.04444444444444445,false
10431,reporting,0.4301948051948052,-0.03567821067821081,false
10432,reporting,0.4301948051948052,-0.03820346320346324,false
10433,reporting,0.45454545454545453,-0.037698412698412787,false
10434,reporting,0.4301948051948052,-0.041089466089466065,false
10435,reporting,0.4902597402597403,-0.04954827780914728,false
10436,reporting,0.5373376623376623,-0.043372388481084045,false
10437,reporting,0.551948051948052,-0.04570158102766764,false
10438,reporting,0.5681818181818182,-0.047526941143962276,false
10439,reporting,0.5746753246753247,-0.04780326056921802,false
10440,reporting,0.6006493506493507,-0.06863083724785857,false
10441,reporting,0.6217532467532467,-0.06749101961867932,false
10442,reporting,0.5974025974025974,-0.06963249516441017,false
10443,reporting,0.6542207792207793,-0.06825089803813189,false
10444,reporting,0.6022727272727273,-0.07308648798010486,false
10445,reporting,0.6866883116883117,-0.07574606244819004,false
10446,reporting,0.6461038961038961,-0.06680022105554018,false
10447,reporting,0.685064935064935,-0.06752555954683626,false
10448,reporting,0.7094155844155844,-0.06880353688864338,false
10449,reporting,0.685064935064935,-0.07263746891406486,false
10450,reporting,0.7272727272727273,-0.04493644653219153,false
10451,reporting,0.7256493506493507,-0.04307129041171587,false
10452,reporting,0.7402597402597403,-0.03851201989499875,false
10453,reporting,0.7597402597402597,-0.03944459795523614,false
10454,reporting,0.7386363636363636,-0.03751036197844737,false
10455,reporting,0.7451298701298701,-0.03485078751036197,false
10456,reporting,0.7337662337662337,-0.031080898268398105,false
10457,reporting,0.7224025974025974,-0.052556818181818454,false
10458,reporting,0.7272727272727273,-0.021509740259740284,false
10459,reporting,0.7045454545454546,-0.038419913419913576,false
10460,reporting,0.6704545454545454,-0.048261634199134096,false
10461,reporting,0.6298701298701299,-0.039163961038961026,false
10462,reporting,0.6331168831168831,-0.03622159090909105,false
10463,reporting,0.6314935064935064,-0.015895562770562588,false
10464,reporting,0.6233766233766234,-0.043864989177489266,false
10465,reporting,0.5324675324675324,-0.0525906385281385,false
10466,reporting,0.5551948051948052,-0.06189123376623373,true
10467,reporting,0.4172077922077922,-0.04633387445887455,true
10468,reporting,0.275974025974026,-0.054214015151515194,true
10469,strong,0.0,0.0,true
10470,nascent,0.11688311688311688,-0.028756957328385888,false
10471,nascent,0.12175324675324675,-0.03014842300556586,false
10472,nascent,0.1266233766233766,-0.03200371057513918,false
10473,nascent,0.1266233766233766,-0.03849721706864567,false
10474,nascent,0.18019480519480519,-0.035250463821892425,false
10475,reporting,0.17532467532467533,-0.03756957328385899,false
10476,reporting,0.17532467532467533,-0.03756957328385899,false
10477,reporting,0.17532467532467533,-0.03756957328385899,false
10478,reporting,0.17532467532467533,-0.037105751391465686,false
10479,reporting,0.17694805194805194,-0.037105751391465686,false
10480,reporting,0.17532467532467533,-0.037105751391465686,false
10481,reporting,0.17532467532467533,-0.037105751391465686,false
10482,reporting,0.17532467532467533,-0.037105751391465686,false
10483,reporting,0.17532467532467533,-0.037105751391465686,false
10484,reporting,0.2824675324675325,-0.028525046382189223,false
10485,reporting,0.3051948051948052,-0.030612244897959218,false
10486,reporting,0.30844155844155846,-0.030612244897959218,false
10487,reporting,0.30844155844155846,-0.03084415584415584,false
10488,reporting,0.30844155844155846,-0.030380333951762484,false
10489,reporting,0.31006493506493504,-0.03038033395176254,false
10490,reporting,0.3474025974025974,-0.02203153988868284,false
10491,reporting,0.3587662337662338,-0.017857142857142794,false
10492,reporting,0.3847402597402597,-0.010435992578849751,false
10493,reporting,0.3587662337662338,-0.017857142857142794,false
10494,reporting,0.44642857142857145,-0.013450834879406348,false
10495,reporting,0.4253246753246753,-0.014842300556586197,false
10496,reporting,0.43344155844155846,-0.016697588126159568,false
10497,reporting,0.43344155844155846,-0.01692949907235619,false
10498,strong,0.461038961038961,0.006261595547309762,false
10499,strong,0.49512987012987014,0.015306122448979609,false
10500,strong,0.47564935064935066,0.014610389610389574,false
10501,strong,0.474025974025974,0.013218923933209559,false
10502,strong,0.5,0.018784786641929507,false
10503,strong,0.4772727272727273,0.013218923933209614,false
10504,strong,0.5113636363636364,0.014610389610389685,false
10505,strong,0.5113636363636364,0.014146567717996383,false
10506,strong,0.5032467532467533,0.014146567717996328,false
10507,strong,0.5113636363636364,0.014146567717996383,false
10508,strong,0.5146103896103896,0.013682745825603027,false
10509,strong,0.5373376623376623,0.013914656771799594,false
10510,strong,0.5162337662337663,0.013682745825602916,false
10511,strong,0.5162337662337663,0.01321892393320967,false
10512,strong,0.5405844155844156,0.01321892393320967,false
10513,strong,0.5162337662337663,0.013450834879406237,false
10514,strong,0.599025974025974,0.014146567717996383,false
10515,strong,0.637987012987013,0.016465677179962834,false
10516,strong,0.6525974025974026,0.03944805194805201,false
10517,strong,0.6688311688311688,0.020941558441558428,false
10518,strong,0.6737012987012987,0.01915584415584415,false
10519,strong,0.7272727272727273,0.013961038961038952,false
10520,strong,0.737012987012987,0.013961038961038952,false
10521,strong,0.7142857142857143,0.01363636363636378,false
10522,strong,0.775974025974026,0.01574675324675312,false
10523,strong,0.7207792207792207,0.013636363636363558,false
10524,strong,0.8068181818181818,0.013474025974025916,false
10525,strong,0.7532467532467533,0.013961038961038952,false
10526,strong,0.7922077922077922,0.013798701298701421,false
10527,strong,0.8181818181818182,0.013636363636363558,false
10528,strong,0.7938311688311688,0.014448051948051877,false
10529,strong,0.8035714285714286,0.012499999999999956,false
10530,strong,0.8003246753246753,0.01185064935064939,false
10531,strong,0.8068181818181818,0.011201298701298601,false
10532,strong,0.827922077922078,0.01379870129870131,false
10533,strong,0.8035714285714286,0.010714285714285676,false
10534,strong,0.810064935064935,0.013149350649350633,false
10535,strong,0.797077922077922,0.010227272727272751,false
10536,strong,0.836038961038961,0.030844155844156007,false
10537,strong,0.7743506493506493,0.009577922077921963,false
10538,strong,0.8003246753246753,0.023376623376623495,false
10539,strong,0.775974025974026,0.025324675324675194,false
10540,strong,0.7224025974025974,0.02110389610389607,false
10541,strong,0.7224025974025974,0.028084415584415656,false
10542,strong,0.6753246753246753,0.007305194805194759,false
10543,strong,0.711038961038961,0.026298701298701488,false
10544,strong,0.6201298701298701,0.01996753246753258,false
10545,strong,0.6525974025974026,0.01006493506493511,true
10546,strong,0.49188311688311687,0.005194805194805141,true
10547,strong,0.3538961038961039,0.008928571428571452,true
10548,strong,0.0,0.0,true
10549,nascent,0.11688311688311688,0.007653061224489777,false
10550,nascent,0.12175324675324675,0.0076530612244897905,false
10551,nascent,0.1266233766233766,-0.0034786641929499262,false
10552,nascent,0.1266233766233766,-0.0005411255411255367,false
10553,nascent,0.17694805194805194,0.010822510822510789,false
10554,strong,0.17532467532467533,0.010642135642135647,false
10555,strong,0.17532467532467533,0.010642135642135647,false
10556,strong,0.19480519480519481,0.02795815295815296,false
10557,strong,0.20454545454545456,0.031565656565656575,false
10558,strong,0.20616883116883117,0.0222402597402597,false
10559,strong,0.21753246753246752,0.03246753246753242,false
10560,strong,0.21753246753246752,0.030519480519480502,false
10561,strong,0.21753246753246752,0.02954545454545454,false
10562,strong,0.21753246753246752,0.03230519480519478,false
10563,strong,0.3246753246753247,0.06331168831168826,false
10564,strong,0.349025974025974,0.0688311688311688,false
10565,strong,0.3522727272727273,0.06737012987012991,false
10566,strong,0.3522727272727273,0.06688311688311688,false
10567,strong,0.3522727272727273,0.06704545454545452,false
10568,strong,0.3538961038961039,0.06720779220779216,false
10569,strong,0.37337662337662336,0.07224025974025972,false
10570,strong,0.375,0.072564935064935,false
10571,strong,0.400974025974026,0.07500000000000007,false
10572,strong,0.375,0.07094155844155842,false
10573,strong,0.45454545454545453,0.08879870129870132,false
10574,strong,0.43506493506493504,0.08165584415584415,false
10575,strong,0.4448051948051948,0.08295454545454545,false
10576,strong,0.4448051948051948,0.08295454545454545,false
10577,strong,0.44642857142857145,0.08392857142857146,false
10578,strong,0.4659090909090909,0.08474025974025962,false
10579,strong,0.44642857142857145,0.07873376623376616,false
10580,strong,0.4496753246753247,0.08262987012987011,false
10581,strong,0.47564935064935066,0.0878246753246753,false
10582,strong,0.45292207792207795,0.08327922077922084,false
10583,strong,0.48863636363636365,0.0956168831168831,false
10584,strong,0.48863636363636365,0.0956168831168831,false
10585,strong,0.4805194805194805,0.09399350649350652,false
10586,strong,0.4902597402597403,0.09512987012987018,false
10587,strong,0.49188311688311687,0.09301948051948056,false
10588,strong,0.5162337662337663,0.09951298701298705,false
10589,strong,0.49512987012987014,0.0931818181818182,false
10590,strong,0.49512987012987014,0.09285714285714292,false
10591,strong,0.5194805194805194,0.09772727272727272,false
10592,strong,0.49512987012987014,0.09285714285714292,false
10593,strong,0.577922077922078,0.1186688311688312,false
10594,strong,0.6152597402597403,0.09650072150072142,false
10595,strong,0.6298701298701299,0.09595959595959591,false
10596,strong,0.6461038961038961,0.09758297258297266,false
10597,strong,0.6493506493506493,0.09577922077922074,false
10598,strong,0.7061688311688312,0.10642135642135642,false
10599,strong,0.7142857142857143,0.10389610389610393,false
10600,strong,0.6915584415584416,0.10191197691197684,false
10601,strong,0.75,0.1084054834054834,false
10602,strong,0.724025974025974,0.12698412698412698,false
10603,strong,0.810064935064935,0.13816738816738827,false
10604,strong,0.7564935064935064,0.13059163059163048,false
10605,strong,0.7954545454545454,0.13095238095238104,false
10606,strong,0.8214285714285714,0.13455988455988455,false
10607,strong,0.797077922077922,0.1304112554112553,false
10608,strong,0.8051948051948052,0.1282467532467534,false
10609,strong,0.801948051948052,0.1287878787878789,false
10610,strong,0.8084415584415584,0.12734487734487732,false
10611,strong,0.8262987012987013,0.12716450216450215,false
10612,strong,0.8068181818181818,0.128066378066378,false
10613,strong,0.8084415584415584,0.12788600288600294,false
10614,strong,0.7987012987012987,0.125,false
10615,strong,0.788961038961039,0.1002886002886002,false
10616,strong,0.7775974025974026,0.11237373737373746,false
10617,strong,0.7548701298701299,0.08549783549783563,false
10618,strong,0.7288961038961039,0.08116883116883122,false
10619,strong,0.6753246753246753,0.07052669552669566,false
10620,strong,0.6704545454545454,0.07124819624819623,false
10621,strong,0.6753246753246753,0.10082972582972582,false
10622,strong,0.6574675324675324,0.06060606060606055,false
10623,strong,0.5746753246753247,0.052669552669552644,false
10624,strong,0.599025974025974,0.044552669552669566,true
10625,strong,0.44642857142857145,0.03769841269841262,true
10626,strong,0.3003246753246753,0.01010101010101011,true
10627,strong,0.0,0.0,true
10628,nascent,0.1461038961038961,0.03066378066378067,false
10629,nascent,0.1525974025974026,0.033008658008658,false
10630,nascent,0.15746753246753248,0.03376623376623379,false
10631,nascent,0.12987012987012986,0.007467532467532456,false
10632,nascent,0.18019480519480519,0.02905844155844156,false
10633,reporting,0.15097402597402598,-0.011544011544011523,false
10634,reporting,0.15097402597402598,-0.012085137085137032,false
10635,strong,0.18344155844155843,0.01623376623376624,false
10636,reporting,0.15746753246753248,-0.009559884559884518,false
10637,reporting,0.1590909090909091,-0.00883838383838384,false
10638,reporting,0.15746753246753248,-0.012085137085137088,false
10639,reporting,0.15746753246753248,-0.013167388167388133,false
10640,reporting,0.15097402597402598,-0.016955266955266945,false
10641,reporting,0.1185064935064935,-0.04725829725829725,false
10642,reporting,0.19318181818181818,-0.04130591630591632,false
10643,strong,0.3116883116883117,0.05002951593860683,false
10644,strong,0.31493506493506496,0.04014167650531286,false
10645,strong,0.31006493506493504,0.02626918536009437,false
10646,strong,0.33766233766233766,0.045454545454545414,false
10647,strong,0.33766233766233766,0.040436835891381306,false
10648,strong,0.3262987012987013,0.012544273907910297,false
10649,strong,0.32792207792207795,0.011658795749704909,false
10650,strong,0.3555194805194805,0.02786796536796532,false
10651,strong,0.33116883116883117,0.02367424242424243,false
10652,strong,0.4025974025974026,0.021374458874458935,false
10653,strong,0.38961038961038963,0.0021645021645022022,false
10654,strong,0.3912337662337662,0.002380952380952428,false
10655,strong,0.4172077922077922,0.019480519480519487,false
10656,strong,0.4318181818181818,0.031601731601731575,false
10657,strong,0.4512987012987013,0.0404761904761905,false
10658,strong,0.4318181818181818,0.0318181818181818,false
10659,strong,0.43506493506493504,0.03387445887445889,false
10660,strong,0.461038961038961,0.036904761904761885,false
10661,strong,0.43993506493506496,0.03300865800865804,false
10662,strong,0.474025974025974,0.04036796536796533,false
10663,strong,0.474025974025974,0.034848484848484795,false
10664,strong,0.4642857142857143,0.0331168831168831,false
10665,strong,0.474025974025974,0.03322510822510827,false
10666,strong,0.4772727272727273,0.03300865800865793,false
10667,strong,0.5,0.03928571428571426,false
10668,strong,0.4788961038961039,0.03268398268398265,false
10669,strong,0.4788961038961039,0.03300865800865793,false
10670,strong,0.5032467532467533,0.03322510822510821,false
10671,strong,0.4788961038961039,0.02987012987012977,false
10672,strong,0.5503246753246753,0.011015769944341391,false
10673,reporting,0.5876623376623377,-0.0018552875695732052,false
10674,strong,0.6022727272727273,0.0030557677616500634,false
10675,reporting,0.6185064935064936,-0.00401069518716568,false
10676,reporting,0.6201298701298701,-0.006207028265851844,false
10677,reporting,0.6753246753246753,-0.002769289533995467,false
10678,reporting,0.6834415584415584,-0.016711229946524075,false
10679,reporting,0.6590909090909091,-0.019003055767761734,false
10680,reporting,0.7159090909090909,-0.019194041252864835,false
10681,reporting,0.663961038961039,-0.02043544690603516,false
10682,reporting,0.7516233766233766,-0.018907563025210017,false
10683,reporting,0.7012987012987013,-0.018525592055003814,false
10684,reporting,0.75,-0.008689839572192604,false
10685,reporting,0.7808441558441559,-0.01050420168067212,false
10686,reporting,0.7548701298701299,-0.012891520244461274,false
10687,reporting,0.7597402597402597,-0.022536287242169717,false
10688,reporting,0.7581168831168831,-0.02492360580595887,false
10689,reporting,0.7662337662337663,-0.02425515660809785,false
10690,reporting,0.7857142857142857,-0.02425515660809796,false
10691,reporting,0.7646103896103896,-0.023395721925133728,false
10692,reporting,0.7646103896103896,-0.02893430099312455,false
10693,reporting,0.7532467532467533,-0.028838808250572945,false
10694,reporting,0.7094155844155844,-0.07457983193277307,false
10695,reporting,0.698051948051948,-0.05634071810542385,false
10696,reporting,0.6558441558441559,-0.09167303284950334,false
10697,reporting,0.6412337662337663,-0.08145530939648593,false
10698,reporting,0.5844155844155844,-0.08928571428571419,false
10699,reporting,0.5974025974025974,-0.07161955691367461,false
10700,reporting,0.5892857142857143,-0.06445760122230704,false
10701,reporting,0.5714285714285714,-0.08202826585179546,false
10702,reporting,0.5016233766233766,-0.06703590527119951,false
10703,reporting,0.512987012987013,-0.08747135217723445,true
10704,reporting,0.37987012987012986,-0.06913674560733396,true
10705,reporting,0.24675324675324675,-0.06350267379679145,true
10706,strong,0.0,0.0,true
10707,nascent,0.5681818181818182,0.005519480519480591,false
10708,nascent,0.5957792207792207,-0.02402597402597406,false
10709,nascent,0.625,-0.007792207792207795,false
10710,nascent,0.6688311688311688,-0.009740259740259827,false
10711,nascent,0.6915584415584416,-0.016233766233766156,false
10712,reporting,0.672077922077922,-0.01655844155844166,false
10713,reporting,0.7159090909090909,-0.02370129870129878,false
10714,reporting,0.6818181818181818,-0.012662337662337708,false
10715,reporting,0.7597402597402597,-0.014285714285714346,false
10716,reporting,0.7126623376623377,-0.011688311688311637,false
10717,reporting,0.7548701298701299,-0.009090909090909038,false
10718,reporting,0.7857142857142857,-0.00551948051948048,false
10719,reporting,0.7613636363636364,-0.005844155844155874,false
10720,reporting,0.7646103896103896,-0.015909090909090873,false
10721,reporting,0.7646103896103896,-0.007467532467532512,false
10722,reporting,0.7727272727272727,-0.010389610389610393,false
10723,reporting,0.788961038961039,-0.008116883116883078,false
10724,reporting,0.7678571428571429,-0.0071428571428571175,false
10725,reporting,0.7727272727272727,-0.006818181818181834,false
10726,strong,0.7678571428571429,0.0006493506493506773,false
10727,reporting,0.7613636363636364,-0.020779220779220786,false
10728,reporting,0.7321428571428571,-0.002272727272727315,false
10729,reporting,0.724025974025974,-0.031818181818181746,false
10730,reporting,0.6964285714285714,-0.03376623376623378,false
10731,reporting,0.6477272727272727,-0.03019480519480533,false
10732,reporting,0.6477272727272727,-0.028896103896103975,false
10733,reporting,0.6428571428571429,-0.0035714285714284477,false
10734,reporting,0.6314935064935064,-0.025974025974025983,false
10735,reporting,0.5422077922077922,-0.03344155844155838,false
10736,reporting,0.577922077922078,-0.023701298701298668,true
10737,reporting,0.4172077922077922,-0.036688311688311714,true
10738,reporting,0.2792207792207792,-0.04512987012987013,true
10739,strong,0.0,0.0,true
10740,nascent,0.137987012987013,0.0689935064935065,false
10741,nascent,0.14285714285714285,0.041666666666666644,false
10742,nascent,0.14772727272727273,0.027597402597402593,false
10743,nascent,0.18831168831168832,0.055600649350649345,false
10744,nascent,0.23863636363636365,0.07402597402597405,false
10745,strong,0.237012987012987,0.07337662337662337,false
10746,strong,0.21103896103896103,0.04837662337662335,false
10747,strong,0.21103896103896103,0.04155844155844152,false
10748,strong,0.21103896103896103,0.03455473098330242,false
10749,strong,0.21266233766233766,0.05255681818181818,false
10750,strong,0.21103896103896103,0.05174512987012986,false
10751,strong,0.21103896103896103,0.05255681818181818,false
10752,strong,0.20941558441558442,0.05052759740259738,false
10753,strong,0.2353896103896104,0.07000811688311687,false
10754,strong,0.3051948051948052,0.07081980519480519,false
10755,strong,0.33116883116883117,0.07629870129870131,false
10756,strong,0.3344155844155844,0.07568993506493504,false
10757,strong,0.3344155844155844,0.039163961038961026,false
10758,strong,0.3344155844155844,0.03794642857142849,false
10759,strong,0.336038961038961,0.03855519480519476,false
10760,strong,0.3538961038961039,0.035173160173160134,false
10761,strong,0.3555194805194805,0.034812409812409795,false
10762,strong,0.4074675324675325,0.06908369408369408,false
10763,strong,0.38636363636363635,0.06114718614718612,false
10764,strong,0.4707792207792208,0.07106782106782106,false
10765,strong,0.4301948051948052,0.04256854256854259,false
10766,strong,0.4107142857142857,0.018939393939393923,false
10767,strong,0.4301948051948052,0.0366161616161616,false
10768,strong,0.4577922077922078,0.058441558441558406,false
10769,strong,0.48214285714285715,0.06403318903318905,false
10770,strong,0.4366883116883117,0.042207792207792194,false
10771,strong,0.4366883116883117,0.003968253968253954,false
10772,strong,0.45616883116883117,0.0010822510822510734,false
10773,strong,0.45292207792207795,0.009920634920634941,false
10774,strong,0.487012987012987,0.021825396825396803,false
10775,strong,0.48538961038961037,0.016955266955266945,false
10776,strong,0.4772727272727273,0.010281385281385225,false
10777,strong,0.487012987012987,0.01028138528138528,false
10778,strong,0.4902597402597403,0.02564935064935059,false
10779,strong,0.512987012987013,0.028409090909090884,false
10780,strong,0.49188311688311687,0.02353896103896108,false
10781,strong,0.49188311688311687,0.022240259740259727,false
10782,strong,0.5032467532467533,0.012012987012986975,false
10783,strong,0.49188311688311687,0.021428571428571352,false
10784,strong,0.5714285714285714,0.026298701298701266,false
10785,strong,0.6038961038961039,0.011525974025974106,false
10786,strong,0.6185064935064936,0.006818181818181834,false
10787,strong,0.637987012987013,0.007629870129870153,false
10788,strong,0.6428571428571429,0.008766233766233866,false
10789,strong,0.6964285714285714,0.009740259740259827,false
10790,strong,0.7045454545454546,0.001136363636363602,false
10791,strong,0.7077922077922078,0.024675324675324628,false
10792,strong,0.7678571428571429,0.029545454545454652,false
10793,strong,0.7142857142857143,0.026136363636363624,false
10794,strong,0.8051948051948052,0.030844155844155785,false
10795,strong,0.7516233766233766,0.03116883116883118,false
10796,strong,0.7905844155844156,0.0463400236127508,false
10797,strong,0.8165584415584416,0.04456906729634014,false
10798,strong,0.7922077922077922,0.04073199527744986,false
10799,strong,0.7987012987012987,0.03379574970484078,false
10800,strong,0.797077922077922,0.03335301062573781,false
10801,strong,0.8068181818181818,0.03423848878394331,false
10802,strong,0.8295454545454546,0.03571428571428592,false
10803,strong,0.8051948051948052,0.031434474616292785,false
10804,strong,0.8116883116883117,0.029515938606847647,false
10805,strong,0.7987012987012987,0.024350649350649345,false
10806,strong,0.8376623376623377,0.04191263282172375,false
10807,strong,0.775974025974026,0.023317591499409707,false
10808,strong,0.7743506493506493,0.008412042502951578,false
10809,strong,0.75,0.009149940968122716,false
10810,strong,0.698051948051948,0.006641086186540801,false
10811,strong,0.724025974025974,0.03423848878394342,false
10812,strong,0.6753246753246753,0.02036599763872493,false
10813,strong,0.711038961038961,0.032467532467532534,false
10814,strong,0.6217532467532467,0.025531286894923122,false
10815,strong,0.6542207792207793,0.02744982290436837,true
10816,strong,0.4935064935064935,0.025826446280991733,true
10817,strong,0.3555194805194805,0.024350649350649345,true
10818,strong,0.0,0.0,true
10819,nascent,0.24512987012987014,0.032319952774498256,false
10820,nascent,0.3051948051948052,0.005884740259740229,false
10821,nascent,0.3262987012987013,0.017248376623376582,false
10822,nascent,0.36688311688311687,0.05495430495430481,false
10823,nascent,0.3685064935064935,0.050492610837438334,false
10824,strong,0.3717532467532468,0.05352069805194809,false
10825,strong,0.387987012987013,0.04646915584415584,false
10826,strong,0.3587662337662338,0.01804812834224595,false
10827,reporting,0.349025974025974,-0.005565862708719893,false
10828,reporting,0.3246753246753247,-0.013776763776763845,false
10829,reporting,0.3944805194805195,-0.011012636012636079,false
10830,reporting,0.3944805194805195,-0.0016233766233765823,false
10831,reporting,0.4074675324675325,-0.005484380484380491,false
10832,reporting,0.4074675324675325,-0.007502632502632445,false
10833,reporting,0.4107142857142857,-0.007414882414882362,false
10834,strong,0.42857142857142855,0.0016639610389608817,false
10835,strong,0.41233766233766234,0.007342089728453349,false
10836,strong,0.4107142857142857,0.005772005772005706,false
10837,reporting,0.4107142857142857,-0.005699855699855649,false
10838,strong,0.44155844155844154,0.02377344877344878,false
10839,strong,0.5081168831168831,0.05919913419913392,false
10840,strong,0.5097402597402597,0.05375180375180394,false
10841,strong,0.5032467532467533,0.05180375180375196,false
10842,strong,0.5113636363636364,0.05126262626262629,false
10843,strong,0.5146103896103896,0.05277777777777798,false
10844,strong,0.5373376623376623,0.0562049062049062,false
10845,strong,0.5178571428571429,0.05198412698412691,false
10846,strong,0.5178571428571429,0.04945887445887448,false
10847,strong,0.5422077922077922,0.04996392496392493,false
10848,strong,0.5178571428571429,0.046572871572871655,false
10849,strong,0.5941558441558441,0.05434782608695654,false
10850,strong,0.6298701298701299,0.04916007905138353,false
10851,strong,0.6217532467532467,0.024103613777527122,false
10852,strong,0.6590909090909091,0.04338214976512855,false
10853,strong,0.6623376623376623,0.039859077093119644,false
10854,strong,0.7126623376623377,0.04338214976512844,false
10855,strong,0.7224025974025974,0.03315833103067134,false
10856,strong,0.6996753246753247,0.032640232108317124,false
10857,strong,0.7646103896103896,0.04213871235147848,false
10858,strong,0.7045454545454546,0.02918623929262243,false
10859,strong,0.7905844155844156,0.028150041447913887,false
10860,strong,0.737012987012987,0.024108869853550763,false
10861,strong,0.775974025974026,0.023383531362254684,false
10862,strong,0.8068181818181818,0.028599060513954,false
10863,strong,0.7824675324675324,0.024765128488532517,false
10864,strong,0.788961038961039,0.01675186515612015,false
10865,strong,0.7922077922077922,0.023487151146725727,false
10866,strong,0.7987012987012987,0.019929538546559655,false
10867,strong,0.8214285714285714,0.022243713733075543,false
10868,strong,0.797077922077922,0.020931196463111035,false
10869,strong,0.8035714285714286,0.023590770931196547,false
10870,strong,0.7938311688311688,0.02898403679653694,false
10871,strong,0.7792207792207793,0.004261363636363424,false
10872,strong,0.7711038961038961,0.022321428571428492,false
10873,strong,0.7483766233766234,0.0054112554112552,false
10874,strong,0.7224025974025974,0.0036864177489178696,false
10875,reporting,0.6623376623376623,-0.006696428571428603,false
10876,reporting,0.6688311688311688,-0.000507305194805352,false
10877,strong,0.6574675324675324,0.010078463203463395,false
10878,strong,0.6931818181818182,0.025940205627705604,false
10879,strong,0.6185064935064936,0.03344832251082264,false
10880,strong,0.650974025974026,0.03388798701298701,true
10881,strong,0.4935064935064935,0.029964826839826764,true
10882,strong,0.3538961038961039,0.0237080627705627,true
10883,strong,0.0,0.0,true
10884,nascent,0.18019480519480519,-0.0024350649350649567,false
10885,nascent,0.18181818181818182,-0.003246753246753248,false
10886,nascent,0.19155844155844157,-0.004870129870129886,false
10887,nascent,0.19155844155844157,-0.004870129870129886,false
10888,nascent,0.19155844155844157,-0.010551948051948062,false
10889,reporting,0.19642857142857142,-0.014610389610389601,false
10890,reporting,0.19642857142857142,-0.014610389610389601,false
10891,reporting,0.19642857142857142,-0.01623376623376624,false
10892,reporting,0.19642857142857142,-0.022727272727272735,false
10893,strong,0.19967532467532467,0.007575757575757569,false
10894,strong,0.20616883116883117,0.0021645021645021745,false
10895,strong,0.21266233766233766,0.004329004329004321,false
10896,strong,0.2077922077922078,0.003246753246753248,false
10897,strong,0.21915584415584416,0.007575757575757541,false
10898,strong,0.21915584415584416,0.004329004329004349,false
10899,strong,0.22077922077922077,0.0037878787878787845,false
10900,reporting,0.22402597402597402,-0.002705627705627739,false
10901,reporting,0.22402597402597402,-0.002705627705627739,false
10902,strong,0.2694805194805195,0.023268398268398244,false
10903,strong,0.24512987012987014,0.01028138528138528,false
10904,strong,0.2840909090909091,0.011904761904761973,false
10905,strong,0.3392857142857143,0.027597402597402565,false
10906,strong,0.3538961038961039,0.027597402597402565,false
10907,strong,0.3685064935064935,0.031385281385281405,false
10908,strong,0.3717532467532468,0.03192640692640697,false
10909,strong,0.400974025974026,0.03138528138528135,false
10910,strong,0.41233766233766234,0.025432900432900474,false
10911,strong,0.4090909090909091,0.03300865800865804,false
10912,strong,0.44642857142857145,0.038961038961038974,false
10913,strong,0.4253246753246753,0.040584415584415556,false
10914,strong,0.474025974025974,0.0427489177489177,false
10915,strong,0.45454545454545453,0.04437229437229434,false
10916,strong,0.4724025974025974,0.034632034632034625,false
10917,strong,0.5048701298701299,0.04491341991341996,false
10918,strong,0.5016233766233766,0.044372294372294396,false
10919,strong,0.5146103896103896,0.04707792207792211,false
10920,strong,0.5113636363636364,0.04653679653679649,false
10921,strong,0.5243506493506493,0.04870129870129869,false
10922,strong,0.5422077922077922,0.06114718614718623,false
10923,strong,0.5211038961038961,0.048160173160173125,false
10924,strong,0.5211038961038961,0.049242424242424254,false
10925,strong,0.5146103896103896,0.04761904761904756,false
10926,strong,0.49837662337662336,0.04707792207792205,false
10927,strong,0.5308441558441559,0.05952380952380959,false
10928,strong,0.5081168831168831,0.04653679653679649,false
10929,strong,0.49188311688311687,0.04329004329004327,false
10930,strong,0.45454545454545453,0.03841991341991341,false
10931,strong,0.45292207792207795,0.03679653679653683,false
10932,strong,0.4496753246753247,0.03733766233766228,false
10933,strong,0.4659090909090909,0.0357142857142857,false
10934,strong,0.42045454545454547,0.03354978354978361,false
10935,strong,0.4512987012987013,0.042207792207792194,true
10936,strong,0.3003246753246753,0.027056277056277056,true
10937,reporting,0.16883116883116883,-0.004329004329004321,true
10938,strong,0.0,0.0,true
10939,nascent,0.32792207792207795,-0.0168240850059031,false
10940,nascent,0.3474025974025974,0.005608028335301052,false
10941,nascent,0.3587662337662338,0.012544273907910353,false
10942,nascent,0.37662337662337664,0.01679841897233203,false
10943,nascent,0.3912337662337662,0.03185876623376621,false
10944,strong,0.41883116883116883,0.034293831168831224,false
10945,strong,0.39285714285714285,0.031114718614718595,false
10946,strong,0.4724025974025974,0.033617424242424254,false
10947,strong,0.46266233766233766,0.03774350649350661,false
10948,strong,0.4724025974025974,0.030776515151515138,false
10949,strong,0.4724025974025974,0.03097943722943719,false
10950,strong,0.4724025974025974,0.04376873126873121,false
10951,strong,0.49512987012987014,0.04945054945054955,false
10952,strong,0.4772727272727273,0.0542328042328043,false
10953,strong,0.4772727272727273,0.05212842712842719,false
10954,strong,0.4902597402597403,0.04022366522366522,false
10955,strong,0.4805194805194805,0.06263994626063596,false
10956,strong,0.5146103896103896,0.07521645021645018,false
10957,strong,0.5146103896103896,0.07305194805194803,false
10958,strong,0.5048701298701299,0.0806615259740261,false
10959,strong,0.512987012987013,0.07274756493506496,false
10960,strong,0.5162337662337663,0.07595434868162138,false
10961,strong,0.538961038961039,0.07964384100747746,false
10962,strong,0.5178571428571429,0.07260920897284545,false
10963,strong,0.5178571428571429,0.07069067296340037,false
10964,strong,0.5422077922077922,0.07024793388429751,false
10965,strong,0.5178571428571429,0.06941164895710361,false
10966,strong,0.5892857142857143,0.07216646989374276,false
10967,strong,0.6266233766233766,0.07152695789059416,false
10968,strong,0.6412337662337663,0.06867375049193247,false
10969,strong,0.6655844155844156,0.07644628099173556,false
10970,strong,0.6688311688311688,0.07492129083038157,false
10971,strong,0.7191558441558441,0.07816804407713496,false
10972,strong,0.7272727272727273,0.07329791420700504,false
10973,strong,0.7045454545454546,0.07305194805194815,false
10974,strong,0.7532467532467533,0.06424635970090531,false
10975,strong,0.7012987012987013,0.06463990554899635,false
10976,strong,0.788961038961039,0.07349468713105078,false
10977,strong,0.7532467532467533,0.08416961826052738,false
10978,strong,0.7905844155844156,0.08397284533648164,false
10979,strong,0.8181818181818182,0.08721959858323525,false
10980,strong,0.7938311688311688,0.0849567099567099,false
10981,strong,0.8003246753246753,0.0803817394726486,false
10982,strong,0.8035714285714286,0.08318575364029912,false
10983,strong,0.8116883116883117,0.08328414010232188,false
10984,strong,0.8327922077922078,0.08451397087760737,false
10985,strong,0.8068181818181818,0.08097205824478526,false
10986,strong,0.8116883116883117,0.0832841401023221,false
10987,strong,0.8035714285714286,0.08323494687131039,false
10988,strong,0.7938311688311688,0.06513183785911036,false
10989,strong,0.7824675324675324,0.0713301849665483,false
10990,strong,0.7564935064935064,0.045405352223533924,false
10991,strong,0.7288961038961039,0.039551357733175974,false
10992,strong,0.7224025974025974,0.06414797323888233,false
10993,strong,0.7224025974025974,0.06611570247933873,false
10994,strong,0.6704545454545454,0.059917355371900904,false
10995,strong,0.7061688311688312,0.0561786698150335,false
10996,strong,0.6168831168831169,0.04840613931523019,false
10997,strong,0.650974025974026,0.0486521054702872,true
10998,strong,0.49188311688311687,0.046143250688705284,true
10999,strong,0.3522727272727273,0.032369146005509664,true
11000,strong,0.0,0.0,true
11001,nascent,0.375,-0.013852813852813783,false
11002,nascent,0.387987012987013,-0.009740259740259716,false
11003,nascent,0.38961038961038963,-0.010606060606060619,false
11004,nascent,0.4074675324675325,-0.003354978354978333,false
11005,nascent,0.40584415584415584,0.005844155844155818,false
11006,strong,0.40584415584415584,0.004653679653679688,false
11007,strong,0.43344155844155846,0.00930735930735932,false
11008,strong,0.4107142857142857,0.0037878787878787845,false
11009,strong,0.4837662337662338,0.0501082251082251,false
11010,strong,0.49512987012987014,0.05595238095238092,false
11011,strong,0.487012987012987,0.05584415584415581,false
11012,strong,0.49512987012987014,0.05432900432900439,false
11013,strong,0.49837662337662336,0.054112554112554,false
11014,strong,0.5194805194805194,0.05876623376623369,false
11015,strong,0.49837662337662336,0.052164502164502136,false
11016,strong,0.49837662337662336,0.05248917748917742,false
11017,strong,0.5227272727272727,0.052705627705627645,false
11018,strong,0.5,0.050974025974025894,false
11019,strong,0.573051948051948,0.0337430426716141,false
11020,strong,0.6071428571428571,0.017625231910946226,false
11021,strong,0.6217532467532467,0.022536287242169495,false
11022,strong,0.6412337662337663,0.018716577540107027,false
11023,strong,0.6428571428571429,0.016520244461420974,false
11024,strong,0.6948051948051948,0.016711229946523964,false
11025,strong,0.7061688311688312,0.006016042780748743,false
11026,strong,0.6915584415584416,0.0134644766997708,false
11027,strong,0.7483766233766234,0.013273491214667588,false
11028,strong,0.6948051948051948,0.010408708938120625,false
11029,strong,0.775974025974026,0.005443086325439328,false
11030,strong,0.7256493506493507,0.00582505729564553,false
11031,strong,0.762987012987013,0.004297173414820388,false
11032,strong,0.7954545454545454,0.0041061879297173975,false
11033,strong,0.7711038961038961,0.0033422459893048817,false
11034,reporting,0.7792207792207793,-0.0030557677616501744,false
11035,reporting,0.7808441558441559,-0.0021963330786860524,false
11036,reporting,0.7873376623376623,-0.0031512605042017805,false
11037,reporting,0.8051948051948052,-0.004774637127578418,false
11038,reporting,0.7857142857142857,-0.0022918258212376585,false
11039,reporting,0.7857142857142857,-0.007830404889228482,false
11040,reporting,0.7792207792207793,-0.002864782276546962,false
11041,strong,0.814935064935065,0.030939648586707502,false
11042,strong,0.7613636363636364,0.006970970206264471,false
11043,strong,0.7857142857142857,0.03819709702062646,false
11044,strong,0.7532467532467533,0.030557677616501078,false
11045,strong,0.711038961038961,0.03733766233766245,false
11046,strong,0.6948051948051948,0.02578304048892277,false
11047,reporting,0.6428571428571429,-0.010886172650878434,false
11048,strong,0.6737012987012987,0.020244461420931836,false
11049,strong,0.5909090909090909,0.022249809014514788,false
11050,strong,0.6201298701298701,0.019671504965622644,true
11051,strong,0.4707792207792208,0.02177234530175698,true
11052,strong,0.3344155844155844,0.024159663865546188,true
11053,strong,0.0,0.0,true
11054,nascent,0.16233766233766234,-0.01623376623376621,false
11055,nascent,0.14935064935064934,-0.03084415584415584,false
11056,nascent,0.17045454545454544,-0.01623376623376624,false
11057,nascent,0.2077922077922078,0.010064935064935082,false
11058,nascent,0.3181818181818182,0.03084415584415584,false
11059,strong,0.3457792207792208,0.035389610389610415,false
11060,strong,0.36363636363636365,0.04350649350649349,false
11061,strong,0.36688311688311687,0.03625541125541126,false
11062,strong,0.36688311688311687,0.03409090909090906,false
11063,strong,0.37012987012987014,0.045995670995671034,false
11064,strong,0.38636363636363635,0.047348484848484806,false
11065,strong,0.387987012987013,0.04599567099567098,false
11066,strong,0.4155844155844156,0.04680735930735935,false
11067,strong,0.387987012987013,0.04545454545454547,false
11068,strong,0.4707792207792208,0.056006493506493504,false
11069,strong,0.4594155844155844,0.041937229437229384,false
11070,strong,0.4675324675324675,0.038419913419913354,false
11071,strong,0.46915584415584416,0.03760822510822509,false
11072,strong,0.46915584415584416,0.03571428571428564,false
11073,strong,0.48863636363636365,0.03977272727272724,false
11074,strong,0.4724025974025974,0.031926406926406914,false
11075,strong,0.4724025974025974,0.024350649350649345,false
11076,strong,0.49837662337662336,0.0246212121212121,false
11077,strong,0.47564935064935066,0.020562770562770505,false
11078,strong,0.5097402597402597,0.025703463203463117,false
11079,strong,0.5081168831168831,0.01704545454545453,false
11080,strong,0.5016233766233766,0.01785714285714285,false
11081,strong,0.5113636363636364,0.019480519480519487,false
11082,strong,0.5146103896103896,0.019480519480519487,false
11083,strong,0.5373376623376623,0.024891774891774854,false
11084,strong,0.5162337662337663,0.0243506493506494,false
11085,strong,0.5178571428571429,0.021645021645021634,false
11086,strong,0.5422077922077922,0.02056277056277056,false
11087,strong,0.5178571428571429,0.025974025974026038,false
11088,strong,0.5974025974025974,0.03327922077922085,false
11089,strong,0.6347402597402597,0.02840909090909083,false
11090,strong,0.6493506493506493,0.02651515151515149,false
11091,strong,0.6655844155844156,0.023809523809523836,false
11092,strong,0.6753246753246753,0.032196969696969835,false
11093,strong,0.7272727272727273,0.03165584415584399,false
11094,strong,0.7353896103896104,0.023268398268398105,false
11095,strong,0.7126623376623377,0.02083333333333326,false
11096,strong,0.7711038961038961,0.01325757575757569,false
11097,strong,0.7191558441558441,0.01406926406926401,false
11098,strong,0.8051948051948052,0.015963203463203457,false
11099,strong,0.7516233766233766,0.015151515151515249,false
11100,strong,0.7905844155844156,0.01325757575757569,false
11101,strong,0.8165584415584416,0.010281385281385225,false
11102,strong,0.7922077922077922,0.010551948051948146,false
11103,strong,0.8035714285714286,0.012445887445887593,false
11104,strong,0.7987012987012987,0.010822510822510734,false
11105,strong,0.8068181818181818,0.011634199134199052,false
11106,strong,0.8246753246753247,0.008387445887445888,false
11107,strong,0.8051948051948052,0.012445887445887482,false
11108,strong,0.8084415584415584,0.011363636363636243,false
11109,reporting,0.7727272727272727,-0.0027056277056277667,false
11110,strong,0.7662337662337663,0.10308441558441561,false
11111,strong,0.7516233766233766,0.11471861471861478,false
11112,strong,0.775974025974026,0.13230519480519487,false
11113,strong,0.7532467532467533,0.13203463203463206,false
11114,strong,0.6996753246753247,0.12121212121212122,false
11115,strong,0.698051948051948,0.1204004329004329,false
11116,strong,0.6493506493506493,0.0982142857142857,false
11117,strong,0.685064935064935,0.11336580086580084,false
11118,strong,0.5957792207792207,0.09334415584415579,false
11119,strong,0.6282467532467533,0.10389610389610393,true
11120,strong,0.4935064935064935,0.09172077922077926,true
11121,strong,0.3555194805194805,0.06872294372294369,true
11122,strong,0.0,0.0,true
11123,nascent,0.1525974025974026,0.03715728715728717,false
11124,nascent,0.15746753246753248,0.03787878787878789,false
11125,nascent,0.16233766233766234,0.03863636363636365,false
11126,nascent,0.1672077922077922,0.04480519480519479,false
11127,nascent,0.2159090909090909,0.06477272727272729,false
11128,strong,0.21103896103896103,0.04852092352092352,false
11129,strong,0.21103896103896103,0.04797979797979801,false
11130,strong,0.2159090909090909,0.04870129870129872,false
11131,strong,0.2159090909090909,0.048881673881673915,false
11132,strong,0.21753246753246752,0.049603174603174593,false
11133,strong,0.2159090909090909,0.046356421356421346,false
11134,strong,0.2159090909090909,0.0452741702741703,false
11135,strong,0.2159090909090909,0.04797979797979798,false
11136,strong,0.2159090909090909,0.05014430014430016,false
11137,strong,0.31493506493506496,0.08044733044733046,false
11138,strong,0.3181818181818182,0.05652302243211332,false
11139,strong,0.3425324675324675,0.06773907910271543,false
11140,strong,0.3425324675324675,0.05873671782762685,false
11141,strong,0.3425324675324675,0.05032467532467527,false
11142,strong,0.34415584415584416,0.0469303423848878,false
11143,strong,0.362012987012987,0.048258559622195996,false
11144,strong,0.3685064935064935,0.052243211334120465,false
11145,strong,0.3944805194805195,0.0668290043290043,false
11146,strong,0.3685064935064935,0.06101190476190477,false
11147,strong,0.474025974025974,0.09280303030303033,false
11148,strong,0.461038961038961,0.0735930735930736,false
11149,strong,0.4724025974025974,0.0835497835497836,false
11150,strong,0.4707792207792208,0.07305194805194809,false
11151,strong,0.47564935064935066,0.07543290043290041,false
11152,strong,0.49512987012987014,0.08430735930735933,false
11153,strong,0.47564935064935066,0.07564935064935063,false
11154,strong,0.4772727272727273,0.07608225108225114,false
11155,strong,0.5032467532467533,0.07911255411255413,false
11156,strong,0.4805194805194805,0.0735930735930736,false
11157,strong,0.5081168831168831,0.07445887445887439,false
11158,strong,0.5048701298701299,0.06569264069264069,false
11159,strong,0.4837662337662338,0.05259740259740259,false
11160,strong,0.5097402597402597,0.06893939393939397,false
11161,strong,0.5162337662337663,0.0719696969696969,false
11162,strong,0.538961038961039,0.07824675324675323,false
11163,strong,0.5178571428571429,0.07164502164502168,false
11164,strong,0.5178571428571429,0.07196969696969696,false
11165,strong,0.5422077922077922,0.07218614718614719,false
11166,strong,0.5178571428571429,0.0688311688311688,false
11167,strong,0.5957792207792207,0.056470315398886806,false
11168,strong,0.6347402597402597,0.04522263450834885,false
11169,strong,0.6493506493506493,0.050133689839572115,false
11170,strong,0.6655844155844156,0.04306722689075637,false
11171,strong,0.6704545454545454,0.044117647058823484,false
11172,strong,0.724025974025974,0.04593200916730322,false
11173,strong,0.7321428571428571,0.031990068754774614,false
11174,strong,0.7094155844155844,0.031321619556913594,false
11175,strong,0.7678571428571429,0.03275401069518713,false
11176,strong,0.7126623376623377,0.02826585179526353,false
11177,strong,0.801948051948052,0.03141711229946531,false
11178,strong,0.7483766233766234,0.028552330022918238,false
11179,strong,0.7857142857142857,0.027024446142093095,false
11180,strong,0.8133116883116883,0.021963330786860302,false
11181,strong,0.788961038961039,0.021199388846447786,false
11182,strong,0.801948051948052,0.019671504965622533,false
11183,strong,0.7987012987012987,0.01566080977845674,false
11184,strong,0.8051948051948052,0.014705882352941124,false
11185,strong,0.827922077922078,0.01795263559969429,false
11186,strong,0.8035714285714286,0.015565317035905246,false
11187,strong,0.810064935064935,0.016520244461420863,false
11188,strong,0.797077922077922,0.014992360580595832,false
11189,strong,0.8344155844155844,0.050420168067226934,false
11190,strong,0.762987012987013,0.008594346829641109,false
11191,strong,0.8003246753246753,0.05280748663101609,false
11192,strong,0.7775974025974026,0.05490832696715042,false
11193,strong,0.7256493506493507,0.051948051948052076,false
11194,strong,0.7175324675324676,0.04851031321619559,false
11195,strong,0.6737012987012987,0.01995798319327735,false
11196,strong,0.7094155844155844,0.055958747135217535,false
11197,strong,0.6217532467532467,0.05309396485867057,false
11198,strong,0.6542207792207793,0.053762414056531815,true
11199,strong,0.4935064935064935,0.044499618029029686,true
11200,strong,0.3555194805194805,0.04526355996944231,true
11201,strong,0.0,0.0,true
11202,nascent,0.5762987012987013,0.013636363636363669,false
11203,nascent,0.6022727272727273,-0.01753246753246751,false
11204,nascent,0.6331168831168831,0.00032467532467528315,false
11205,nascent,0.672077922077922,-0.006493506493506551,false
11206,nascent,0.7094155844155844,0.0016233766233766378,false
11207,reporting,0.685064935064935,-0.0035714285714286698,false
11208,strong,0.7418831168831169,0.002272727272727204,false
11209,reporting,0.685064935064935,-0.009415584415584433,false
11210,reporting,0.7548701298701299,-0.01915584415584415,false
11211,reporting,0.702922077922078,-0.021428571428571352,false
11212,reporting,0.7418831168831169,-0.02207792207792203,false
11213,reporting,0.7613636363636364,-0.029870129870129825,false
11214,reporting,0.7402597402597403,-0.026948051948051943,false
11215,reporting,0.7581168831168831,-0.022402597402597424,false
11216,reporting,0.7516233766233766,-0.020454545454545503,false
11217,reporting,0.7597402597402597,-0.023376623376623384,false
11218,reporting,0.75,-0.04707792207792205,false
11219,reporting,0.7321428571428571,-0.04285714285714293,false
11220,reporting,0.7337662337662337,-0.04577922077922081,false
11221,reporting,0.7288961038961039,-0.0383116883116883,false
11222,reporting,0.7175324675324676,-0.06461038961038956,false
11223,reporting,0.6948051948051948,-0.03961038961038965,false
11224,reporting,0.6883116883116883,-0.06753246753246744,false
11225,reporting,0.6607142857142857,-0.06948051948051948,false
11226,reporting,0.6038961038961039,-0.0740259740259741,false
11227,reporting,0.6038961038961039,-0.07272727272727275,false
11228,reporting,0.599025974025974,-0.047402597402597335,false
11229,reporting,0.5811688311688312,-0.0762987012987012,false
11230,reporting,0.4967532467532468,-0.07889610389610385,false
11231,reporting,0.525974025974026,-0.07564935064935063,true
11232,reporting,0.39935064935064934,-0.054545454545454564,true
11233,reporting,0.2840909090909091,-0.04025974025974022,true
11234,strong,0.0,0.0,true
11235,nascent,0.14772727272727273,-0.04437229437229437,false
11236,nascent,0.17207792207792208,-0.031926406926406914,false
11237,nascent,0.17207792207792208,-0.03625541125541126,false
11238,nascent,0.1672077922077922,-0.037337662337662364,false
11239,nascent,0.17207792207792208,-0.03950216450216454,false
11240,microstate,0.17207792207792208,-0.04274891774891773,false
11241,microstate,0.17207792207792208,-0.044913419913419905,false
11242,microstate,0.19805194805194806,-0.028679653679653694,false
11243,microstate,0.19805194805194806,-0.028679653679653694,false
11244,microstate,0.19805194805194806,-0.04816017316017318,false
11245,microstate,0.19967532467532467,-0.03517316017316019,false
11246,microstate,0.23863636363636365,-0.033549783549783496,false
11247,microstate,0.24025974025974026,-0.07142857142857148,false
11248,microstate,0.25487012987012986,-0.07142857142857145,false
11249,microstate,0.25487012987012986,-0.08225108225108224,false
11250,microstate,0.2564935064935065,-0.08333333333333331,false
11251,microstate,0.28084415584415584,-0.08874458874458879,false
11252,microstate,0.288961038961039,-0.09794372294372289,false
11253,microstate,0.2840909090909091,-0.09199134199134196,false
11254,microstate,0.29707792207792205,-0.11038961038961043,false
11255,microstate,0.288961038961039,-0.0957792207792208,false
11256,microstate,0.31493506493506496,-0.11634199134199136,false
11257,microstate,0.3068181818181818,-0.10335497835497837,false
11258,microstate,0.3344155844155844,-0.10335497835497837,false
11259,microstate,0.3555194805194805,-0.10443722943722944,false
11260,microstate,0.36038961038961037,-0.09686147186147187,false
11261,microstate,0.37012987012987014,-0.09740259740259738,false
11262,microstate,0.37012987012987014,-0.09469696969696972,false
11263,microstate,0.37662337662337664,-0.09902597402597402,false
11264,microstate,0.3814935064935065,-0.09956709956709953,false
11265,microstate,0.37337662337662336,-0.09956709956709958,false
11266,microstate,0.3717532467532468,-0.10010822510822504,false
11267,microstate,0.37012987012987014,-0.09686147186147193,false
11268,microstate,0.3555194805194805,-0.0957792207792208,false
11269,microstate,0.36363636363636365,-0.10768398268398266,false
11270,microstate,0.3652597402597403,-0.0963203463203463,false
11271,microstate,0.3587662337662338,-0.08982683982683981,false
11272,microstate,0.33766233766233766,-0.07846320346320346,false
11273,microstate,0.33766233766233766,-0.07846320346320346,false
11274,microstate,0.3327922077922078,-0.07954545454545459,false
11275,microstate,0.3555194805194805,-0.07467532467532467,false
11276,microstate,0.3181818181818182,-0.06872294372294369,false
11277,microstate,0.336038961038961,-0.07305194805194809,true
11278,microstate,0.21753246753246752,-0.05573593073593075,true
11279,microstate,0.15584415584415584,-0.017316017316017313,true
11280,microstate,0.0,0.0,true
11281,nascent,0.2922077922077922,-0.01972101972101986,false
11282,nascent,0.2922077922077922,-0.025806090461262976,false
11283,nascent,0.29545454545454547,-0.02277800324675322,false
11284,nascent,0.33116883116883117,-0.010349025974025983,false
11285,nascent,0.37012987012987014,0.029411764705882304,false
11286,strong,0.38311688311688313,0.028525046382189223,false
11287,strong,0.37012987012987014,0.031677781677781625,false
11288,strong,0.4448051948051948,0.03931203931203925,false
11289,strong,0.400974025974026,0.004870129870129913,false
11290,reporting,0.3977272727272727,-0.015224640224640262,false
11291,reporting,0.39935064935064934,-0.015619515619515578,false
11292,reporting,0.39935064935064934,-0.018778518778518716,false
11293,reporting,0.41883116883116883,-0.008076298701298834,false
11294,reporting,0.39935064935064934,-0.005644923258559642,false
11295,reporting,0.39935064935064934,-0.0055916305916306475,false
11296,reporting,0.39935064935064934,-0.017063492063492003,false
11297,reporting,0.4042207792207792,-0.013564213564213556,false
11298,strong,0.45292207792207795,0.004004329004328788,false
11299,strong,0.4577922077922078,0.0018037518037520295,false
11300,reporting,0.4512987012987013,-0.00014430014430000249,false
11301,strong,0.46266233766233766,0.0025613275613275976,false
11302,strong,0.46915584415584416,0.007323232323232509,false
11303,reporting,0.4707792207792208,-0.010353535353535337,false
11304,reporting,0.4448051948051948,-0.02106782106782118,false
11305,reporting,0.4659090909090909,-0.002489177489177541,false
11306,reporting,0.4902597402597403,-0.0019841269841270326,false
11307,reporting,0.4659090909090909,-0.005375180375180366,false
11308,strong,0.5438311688311688,0.0040231507622812135,false
11309,strong,0.586038961038961,0.005328910220214644,false
11310,reporting,0.5974025974025974,-0.0002470355731222229,false
11311,reporting,0.6136363636363636,-0.0020723956894168616,false
11312,reporting,0.6201298701298701,-0.002348715114672606,false
11313,strong,0.7045454545454546,0.035265266648245364,false
11314,strong,0.7126623376623377,0.023418071290411624,false
11315,strong,0.6883116883116883,0.02127659574468077,false
11316,strong,0.7483766233766234,0.025904946117712213,false
11317,strong,0.7142857142857143,0.038926499032882145,false
11318,strong,0.8003246753246753,0.0378903011881736,false
11319,strong,0.7467532467532467,0.03384912959381048,false
11320,strong,0.7857142857142857,0.0331237911025144,false
11321,strong,0.8116883116883117,0.03346919038408391,false
11322,strong,0.7873376623376623,0.02963525835866243,false
11323,strong,0.7987012987012987,0.026492124896379865,false
11324,strong,0.7954545454545454,0.02673390439347889,false
11325,strong,0.8035714285714286,0.02479966841668957,false
11326,strong,0.8262987012987013,0.027113843603205456,false
11327,strong,0.8003246753246753,0.02417794970986431,false
11328,strong,0.8068181818181818,0.026837524177949712,false
11329,strong,0.7954545454545454,0.030607413419913576,false
11330,strong,0.8344155844155844,0.059456168831168554,false
11331,strong,0.7727272727272727,0.02394480519480513,false
11332,strong,0.797077922077922,0.05411255411255389,false
11333,strong,0.7727272727272727,0.0540110930735932,false
11334,strong,0.7272727272727273,0.058238636363636354,false
11335,strong,0.7224025974025974,0.05306412337662325,false
11336,strong,0.6753246753246753,0.0279356060606063,false
11337,strong,0.711038961038961,0.0437973484848484,false
11338,strong,0.6217532467532467,0.0366950757575758,false
11339,strong,0.6542207792207793,0.037134740259740284,true
11340,strong,0.4935064935064935,0.029964826839826764,true
11341,strong,0.3555194805194805,0.025331439393939337,true
11342,strong,0.0,0.0,true
11343,nascent,0.6314935064935064,0.045093795093795075,false
11344,nascent,0.6558441558441559,0.0017857142857142794,false
11345,nascent,0.6623376623376623,-0.0032467532467532756,false
11346,nascent,0.7126623376623377,-0.006168831168831268,false
11347,nascent,0.7305194805194806,-0.0009740259740259605,false
11348,reporting,0.7077922077922078,-0.002759740259740351,false
11349,strong,0.7694805194805194,0.00032467532467528315,false
11350,reporting,0.7159090909090909,-0.00194805194805181,false
11351,reporting,0.801948051948052,-0.0014610389610389962,false
11352,reporting,0.7483766233766234,-0.0012987012987013546,false
11353,reporting,0.7857142857142857,-0.0029220779220779924,false
11354,reporting,0.8133116883116883,-0.0017857142857142794,false
11355,reporting,0.788961038961039,-0.0021103896103896735,false
11356,reporting,0.8003246753246753,-0.0029220779220779924,false
11357,reporting,0.7987012987012987,-0.0021103896103896735,false
11358,reporting,0.8068181818181818,-0.0014610389610389962,false
11359,strong,0.8295454545454546,0.0017857142857142794,false
11360,reporting,0.8035714285714286,-0.001136363636363491,false
11361,reporting,0.810064935064935,-0.0012987012987012436,false
11362,reporting,0.797077922077922,-0.0021103896103895625,false
11363,strong,0.836038961038961,0.0035714285714284477,false
11364,reporting,0.7662337662337663,-0.009090909090909038,false
11365,strong,0.801948051948052,0.00454545454545463,false
11366,strong,0.7775974025974026,0.0051948051948051965,false
11367,strong,0.7272727272727273,0.007792207792207684,false
11368,strong,0.7207792207792207,0.004870129870129802,false
11369,strong,0.6737012987012987,0.0009740259740260715,false
11370,strong,0.7094155844155844,0.007792207792207795,false
11371,strong,0.6217532467532467,0.005681818181818121,false
11372,strong,0.6542207792207793,0.0017857142857143904,true
11373,reporting,0.43344155844155846,-0.052597402597402476,true
11374,reporting,0.3246753246753247,-0.02662337662337655,true
11375,strong,0.0,0.0,true
11376,nascent,0.5827922077922078,0.0576923076923076,false
11377,nascent,0.6136363636363636,0.07954545454545459,false
11378,nascent,0.6866883116883117,0.10551948051948057,false
11379,nascent,0.7191558441558441,0.12212787212787213,false
11380,nascent,0.6964285714285714,0.11513486513486515,false
11381,strong,0.7548701298701299,0.12137862137862143,false
11382,strong,0.702922077922078,0.11438561438561445,false
11383,strong,0.7775974025974026,0.12100399600399592,false
11384,strong,0.7305194805194806,0.11625874125874125,false
11385,strong,0.7678571428571429,0.11713286713286719,false
11386,strong,0.8051948051948052,0.12262737262737256,false
11387,strong,0.7824675324675324,0.12450049950049957,false
11388,strong,0.7905844155844156,0.12062937062937062,false
11389,strong,0.7873376623376623,0.08360389610389585,false
11390,strong,0.797077922077922,0.08395176252319103,false
11391,strong,0.8165584415584416,0.08256029684601118,false
11392,strong,0.7938311688311688,0.08000927643784783,false
11393,strong,0.797077922077922,0.07908163265306134,false
11394,strong,0.7905844155844156,0.08198051948051943,false
11395,strong,0.8295454545454546,0.09670686456400757,false
11396,strong,0.7711038961038961,0.0745593692022265,false
11397,strong,0.7938311688311688,0.08371985157699446,false
11398,strong,0.7662337662337663,0.07687847866419306,false
11399,strong,0.7077922077922078,0.06493506493506485,false
11400,strong,0.7142857142857143,0.0735157699443415,false
11401,strong,0.663961038961039,0.05762987012987031,false
11402,strong,0.6866883116883117,0.0496289424860854,false
11403,strong,0.6103896103896104,0.053339517625231925,false
11404,strong,0.6477272727272727,0.05681818181818188,true
11405,strong,0.48538961038961037,0.046614100185528695,true
11406,strong,0.3538961038961039,0.03629406307977734,true
11407,strong,0.0,0.0,true
11408,nascent,0.02922077922077922,-0.0735930735930736,false
11409,nascent,0.02922077922077922,-0.09172077922077923,false
11410,nascent,0.02922077922077922,-0.10146103896103899,false
11411,nascent,0.02922077922077922,-0.10200216450216452,false
11412,self_exclusion,0.032467532467532464,-0.11688311688311688,false
11413,self_exclusion,0.032467532467532464,-0.11580086580086578,false
11414,self_exclusion,0.032467532467532464,-0.11147186147186149,false
11415,self_exclusion,0.032467532467532464,-0.11147186147186149,false
11416,self_exclusion,0.032467532467532464,-0.11147186147186149,false
11417,self_exclusion,0.032467532467532464,-0.11417748917748917,false
11418,self_exclusion,0.032467532467532464,-0.1130952380952381,false
11419,self_exclusion,0.032467532467532464,-0.1130952380952381,false
11420,self_exclusion,0.032467532467532464,-0.1130952380952381,false
11421,self_exclusion,0.032467532467532464,-0.1130952380952381,false
11422,self_exclusion,0.037337662337662336,-0.17992424242424246,false
11423,self_exclusion,0.048701298701298704,-0.1920995670995671,false
11424,self_exclusion,0.048701298701298704,-0.1920995670995671,false
11425,self_exclusion,0.048701298701298704,-0.19237012987012986,false
11426,self_exclusion,0.048701298701298704,-0.1926406926406926,false
11427,self_exclusion,0.048701298701298704,-0.19507575757575757,false
11428,self_exclusion,0.06818181818181818,-0.1939935064935065,false
11429,self_exclusion,0.0698051948051948,-0.1939935064935065,false
11430,self_exclusion,0.09577922077922078,-0.19155844155844154,false
11431,self_exclusion,0.0698051948051948,-0.19507575757575757,false
11432,self_exclusion,0.0698051948051948,-0.25216450216450215,false
11433,self_exclusion,0.0698051948051948,-0.2472943722943723,false
11434,self_exclusion,0.07954545454545454,-0.2456709956709957,false
11435,self_exclusion,0.07954545454545454,-0.2456709956709957,false
11436,self_exclusion,0.08116883116883117,-0.2451298701298701,false
11437,self_exclusion,0.08116883116883117,-0.2535173160173161,false
11438,self_exclusion,0.08116883116883117,-0.24512987012987014,false
11439,self_exclusion,0.08116883116883117,-0.2448593073593074,false
11440,self_exclusion,0.10714285714285714,-0.24702380952380953,false
11441,self_exclusion,0.08441558441558442,-0.24485930735930736,false
11442,self_exclusion,0.08441558441558442,-0.2678571428571429,false
11443,self_exclusion,0.10551948051948051,-0.25676406926406925,false
11444,self_exclusion,0.09740259740259741,-0.25757575757575757,false
11445,self_exclusion,0.10551948051948051,-0.25784632034632027,false
11446,self_exclusion,0.10876623376623376,-0.25784632034632027,false
11447,self_exclusion,0.10876623376623376,-0.2724567099567099,false
11448,dissolved,0.10876623376623376,-0.2589285714285714,false
11449,dissolved,0.10876623376623376,-0.2597402597402597,false
11450,dissolved,0.1331168831168831,-0.26082251082251084,false
11451,dissolved,0.10714285714285714,-0.26136363636363635,false
11452,dissolved,0.10714285714285714,-0.3200757575757576,false
11453,dissolved,0.08603896103896104,-0.3779761904761905,false
11454,nascent,0.125,0.0625,false
11455,nascent,0.12987012987012986,0.06493506493506493,false
11456,nascent,0.13474025974025974,0.06737012987012987,false
11457,nascent,0.13474025974025974,0.06737012987012987,false
11458,nascent,0.18506493506493507,0.09253246753246754,false
11459,strong,0.18181818181818182,0.09090909090909091,false
11460,strong,0.18019480519480519,0.06547619047619047,false
11461,strong,0.20616883116883117,0.07683982683982685,false
11462,strong,0.20616883116883117,0.07683982683982685,false
11463,strong,0.21266233766233766,0.08062770562770563,false
11464,strong,0.21103896103896103,0.03246753246753248,false
11465,strong,0.23214285714285715,0.051948051948051965,false
11466,strong,0.2418831168831169,0.05519480519480521,false
11467,strong,0.24025974025974026,0.04253246753246753,false
11468,strong,0.33766233766233766,0.05032467532467533,false
11469,strong,0.36038961038961037,0.04999999999999999,false
11470,strong,0.3555194805194805,0.03538961038961036,false
11471,strong,0.3555194805194805,0.02489177489177491,false
11472,strong,0.3587662337662338,0.025974025974025983,false
11473,strong,0.33766233766233766,0.013528138528138556,false
11474,strong,0.3538961038961039,0.014880952380952328,false
11475,strong,0.3587662337662338,0.016774891774891776,false
11476,strong,0.3847402597402597,0.015963203463203457,false
11477,strong,0.36038961038961037,0.01785714285714285,false
11478,strong,0.4431818181818182,0.028409090909090884,false
11479,strong,0.4301948051948052,0.012716450216450181,false
11480,strong,0.4707792207792208,0.04166666666666663,false
11481,strong,0.4707792207792208,0.03923160173160173,false
11482,strong,0.4707792207792208,0.03733766233766228,false
11483,strong,0.4902597402597403,0.041396103896103875,false
11484,strong,0.4724025974025974,0.031926406926406914,false
11485,strong,0.47564935064935066,0.02759740259740262,false
11486,strong,0.4902597402597403,0.01650432900432902,false
11487,strong,0.4788961038961039,0.023809523809523725,false
11488,strong,0.512987012987013,0.028950216450216393,false
11489,strong,0.5146103896103896,0.02353896103896108,false
11490,strong,0.5064935064935064,0.02272727272727265,false
11491,strong,0.5146103896103896,0.022727272727272763,false
11492,strong,0.5178571428571429,0.022727272727272763,false
11493,strong,0.5405844155844156,0.02813852813852813,false
11494,strong,0.5194805194805194,0.027597402597402565,false
11495,strong,0.5194805194805194,0.02326839826839816,false
11496,strong,0.5438311688311688,0.022186147186147087,false
11497,strong,0.5194805194805194,0.027597402597402565,false
11498,strong,0.5974025974025974,0.03327922077922085,false
11499,strong,0.6347402597402597,0.02840909090909083,false
11500,strong,0.6542207792207793,0.031385281385281405,false
11501,strong,0.6704545454545454,0.02867965367965364,false
11502,strong,0.6753246753246753,0.032196969696969835,false
11503,strong,0.7272727272727273,0.03165584415584399,false
11504,strong,0.737012987012987,0.024891774891774743,false
11505,strong,0.7126623376623377,0.02083333333333326,false
11506,strong,0.7727272727272727,0.014880952380952328,false
11507,strong,0.7207792207792207,0.015692640692640647,false
11508,strong,0.8068181818181818,0.017586580086579984,false
11509,strong,0.7532467532467533,0.016774891774891887,false
11510,strong,0.7922077922077922,0.014880952380952328,false
11511,strong,0.8181818181818182,0.011904761904761862,false
11512,strong,0.7938311688311688,0.012175324675324672,false
11513,strong,0.8068181818181818,0.015692640692640758,false
11514,strong,0.8035714285714286,0.015692640692640647,false
11515,strong,0.810064935064935,0.014880952380952328,false
11516,strong,0.8327922077922078,0.016504329004328966,false
11517,strong,0.8068181818181818,0.01406926406926401,false
11518,strong,0.8133116883116883,0.016233766233766156,false
11519,strong,0.7987012987012987,0.023268398268398216,false
11520,strong,0.810064935064935,0.1469155844155844,false
11521,strong,0.7451298701298701,0.10822510822510822,false
11522,strong,0.8003246753246753,0.15665584415584421,false
11523,strong,0.775974025974026,0.15476190476190477,false
11524,strong,0.7272727272727273,0.14880952380952384,false
11525,strong,0.7224025974025974,0.14475108225108224,false
11526,strong,0.6753246753246753,0.12418831168831168,false
11527,strong,0.7094155844155844,0.13771645021645018,false
11528,strong,0.6217532467532467,0.11931818181818177,false
11529,strong,0.6542207792207793,0.1298701298701299,true
11530,strong,0.49188311688311687,0.09009740259740262,true
11531,strong,0.3555194805194805,0.06872294372294369,true
11532,degraded,0.0,0.0,true
11533,nascent,0.17532467532467533,0.02968460111317256,false
11534,nascent,0.18993506493506493,0.038033395176252316,false
11535,nascent,0.19480519480519481,0.03617810760667903,false
11536,nascent,0.19642857142857142,0.03130797773654914,false
11537,nascent,0.2483766233766234,0.03293135435992578,false
11538,strong,0.2435064935064935,0.03061224489795919,false
11539,strong,0.2435064935064935,0.03061224489795919,false
11540,strong,0.2435064935064935,0.03061224489795919,false
11541,strong,0.2435064935064935,0.03107606679035249,false
11542,strong,0.24512987012987014,0.03107606679035252,false
11543,strong,0.2435064935064935,0.03107606679035249,false
11544,strong,0.2435064935064935,0.03107606679035249,false
11545,strong,0.2435064935064935,0.03107606679035249,false
11546,strong,0.2435064935064935,0.03107606679035249,false
11547,strong,0.349025974025974,0.038033395176252316,false
11548,strong,0.3717532467532468,0.03594619666048238,false
11549,strong,0.375,0.03594619666048232,false
11550,strong,0.375,0.0357142857142857,false
11551,strong,0.375,0.036178107606679055,false
11552,strong,0.37662337662337664,0.036178107606679055,false
11553,strong,0.3944805194805195,0.02504638218923927,false
11554,strong,0.3961038961038961,0.019480519480519543,false
11555,strong,0.4090909090909091,0.01391465677179965,false
11556,strong,0.3961038961038961,0.019480519480519543,false
11557,strong,0.48214285714285715,0.02226345083487935,false
11558,strong,0.4594155844155844,0.019248608534322864,false
11559,strong,0.46915584415584416,0.01901669758812613,false
11560,strong,0.46915584415584416,0.018784786641929507,false
11561,strong,0.4707792207792208,0.016001855287569533,false
11562,strong,0.4902597402597403,0.010435992578849751,false
11563,strong,0.4707792207792208,0.009740259740259716,false
11564,strong,0.4707792207792208,0.009972170686456339,false
11565,strong,0.4837662337662338,0.002551020408163296,false
11566,strong,0.474025974025974,0.009972170686456339,false
11567,strong,0.5081168831168831,0.011363636363636409,false
11568,strong,0.5081168831168831,0.010899814471243108,false
11569,strong,0.5,0.010899814471243052,false
11570,strong,0.5081168831168831,0.010899814471243108,false
11571,strong,0.5113636363636364,0.010435992578849751,false
11572,strong,0.5340909090909091,0.010667903525046318,false
11573,strong,0.512987012987013,0.01043599257884964,false
11574,strong,0.5162337662337663,0.01321892393320967,false
11575,strong,0.5405844155844156,0.01321892393320967,false
11576,strong,0.5162337662337663,0.013450834879406237,false
11577,strong,0.599025974025974,0.014146567717996383,false
11578,strong,0.6331168831168831,0.011595547309832921,false
11579,strong,0.6477272727272727,0.034577922077922096,false
11580,strong,0.663961038961039,0.016071428571428625,false
11581,strong,0.6704545454545454,0.015909090909090873,false
11582,strong,0.724025974025974,0.010714285714285676,false
11583,strong,0.7321428571428571,0.009090909090909038,false
11584,strong,0.7094155844155844,0.008766233766233866,false
11585,strong,0.7678571428571429,0.007629870129870042,false
11586,strong,0.7126623376623377,0.00551948051948048,false
11587,strong,0.7987012987012987,0.005357142857142838,false
11588,strong,0.7451298701298701,0.005844155844155763,false
11589,strong,0.7840909090909091,0.005681818181818232,false
11590,strong,0.810064935064935,0.005519480519480369,false
11591,strong,0.7857142857142857,0.006331168831168799,false
11592,strong,0.7987012987012987,0.007629870129870042,false
11593,strong,0.7987012987012987,0.010227272727272751,false
11594,strong,0.8051948051948052,0.009577922077922074,false
11595,strong,0.8262987012987013,0.012175324675324672,false
11596,strong,0.801948051948052,0.009090909090909038,false
11597,strong,0.8084415584415584,0.011525974025973995,false
11598,strong,0.7954545454545454,0.008603896103896114,false
11599,strong,0.836038961038961,0.030844155844156007,false
11600,strong,0.7775974025974026,0.012824675324675239,false
11601,strong,0.801948051948052,0.025000000000000133,false
11602,strong,0.7775974025974026,0.026948051948051832,false
11603,strong,0.7256493506493507,0.024350649350649345,false
11604,strong,0.7224025974025974,0.028084415584415656,false
11605,strong,0.6737012987012987,0.005681818181818121,false
11606,strong,0.7094155844155844,0.02467532467532485,false
11607,strong,0.6201298701298701,0.01996753246753258,false
11608,strong,0.6525974025974026,0.01006493506493511,true
11609,strong,0.4935064935064935,0.006818181818181779,true
11610,strong,0.3555194805194805,0.01055194805194809,true
11611,strong,0.0,0.0,true
11612,nascent,0.2922077922077922,-0.025806090461262976,false
11613,nascent,0.30844155844155846,-0.009790990259740229,false
11614,nascent,0.349025974025974,0.0075081168831168665,false
11615,nascent,0.362012987012987,0.02129488158899917,false
11616,nascent,0.38961038961038963,0.03501855287569572,false
11617,strong,0.36363636363636365,0.02518427518427513,false
11618,strong,0.4448051948051948,0.03931203931203925,false
11619,reporting,0.387987012987013,-0.008116883116883078,false
11620,strong,0.4431818181818182,0.030229905229905207,false
11621,strong,0.4431818181818182,0.028211653211653254,false
11622,strong,0.44642857142857145,0.02829940329940339,false
11623,strong,0.4642857142857143,0.037378246753246636,false
11624,strong,0.44642857142857145,0.041432998819362465,false
11625,strong,0.4724025974025974,0.06746031746031739,false
11626,strong,0.48863636363636365,0.0722222222222223,false
11627,strong,0.47564935064935066,0.057864357864357896,false
11628,strong,0.5097402597402597,0.060822510822510556,false
11629,strong,0.5097402597402597,0.05375180375180394,false
11630,strong,0.5016233766233766,0.050180375180375325,false
11631,strong,0.5097402597402597,0.04963924963924965,false
11632,strong,0.512987012987013,0.05115440115440134,false
11633,strong,0.5340909090909091,0.052958152958152926,false
11634,strong,0.512987012987013,0.047113997113997,false
11635,strong,0.5146103896103896,0.046212121212121204,false
11636,strong,0.5405844155844156,0.048340548340548295,false
11637,strong,0.5162337662337663,0.04494949494949502,false
11638,strong,0.5941558441558441,0.05434782608695654,false
11639,strong,0.6314935064935064,0.05078345567476006,false
11640,strong,0.650974025974026,0.05332439299830638,false
11641,strong,0.6655844155844156,0.049875656258635104,false
11642,strong,0.6704545454545454,0.04797596021000272,false
11643,strong,0.7256493506493507,0.05636916275214143,false
11644,strong,0.7353896103896104,0.04614534401768433,false
11645,strong,0.711038961038961,0.04400386847195348,false
11646,strong,0.7727272727272727,0.05025559546836156,false
11647,strong,0.7207792207792207,0.045420005526388585,false
11648,strong,0.8051948051948052,0.042760431058303516,false
11649,strong,0.7532467532467533,0.04034263608731703,false
11650,strong,0.7922077922077922,0.03961729759602095,false
11651,strong,0.8181818181818182,0.039962696877590465,false
11652,strong,0.7938311688311688,0.03612876485216887,false
11653,strong,0.801948051948052,0.02973887814313314,false
11654,strong,0.797077922077922,0.02835728101685553,false
11655,strong,0.8051948051948052,0.026423045040066206,false
11656,strong,0.827922077922078,0.028737220226582094,false
11657,strong,0.801948051948052,0.025801326333240948,false
11658,strong,0.8068181818181818,0.026837524177949712,false
11659,strong,0.797077922077922,0.032230790043290214,false
11660,strong,0.836038961038961,0.06107954545454519,false
11661,strong,0.7743506493506493,0.025568181818181768,false
11662,strong,0.8003246753246753,0.057359307359307166,false
11663,strong,0.775974025974026,0.05725784632034647,false
11664,strong,0.724025974025974,0.05499188311688308,false
11665,strong,0.724025974025974,0.05468749999999989,false
11666,strong,0.6753246753246753,0.0279356060606063,false
11667,strong,0.711038961038961,0.0437973484848484,false
11668,strong,0.6185064935064936,0.03344832251082264,false
11669,strong,0.6542207792207793,0.037134740259740284,true
11670,strong,0.4935064935064935,0.029964826839826764,true
11671,strong,0.3555194805194805,0.025331439393939337,true
11672,strong,0.0,0.0,true
11673,nascent,0.16396103896103897,0.006493506493506496,false
11674,nascent,0.16883116883116883,0.006493506493506496,false
11675,nascent,0.1737012987012987,0.006493506493506496,false
11676,nascent,0.17532467532467533,0.0,false
11677,nascent,0.22402597402597402,0.0,false
11678,strong,0.2418831168831169,0.009740259740259744,false
11679,strong,0.25162337662337664,0.01461038961038963,false
11680,strong,0.25162337662337664,0.01461038961038963,false
11681,strong,0.25162337662337664,0.004870129870129858,false
11682,strong,0.2532467532467532,0.0,false
11683,strong,0.25162337662337664,0.0,false
11684,strong,0.25162337662337664,0.0,false
11685,strong,0.25162337662337664,0.0,false
11686,strong,0.25162337662337664,0.0,false
11687,strong,0.3538961038961039,0.0008116883116882634,false
11688,strong,0.3782467532467532,0.0,false
11689,strong,0.3814935064935065,0.0,false
11690,strong,0.400974025974026,0.009740259740259716,false
11691,strong,0.4025974025974026,0.010551948051948035,false
11692,strong,0.4042207792207792,0.010551948051948035,false
11693,strong,0.4025974025974026,0.0008116883116883189,false
11694,strong,0.4025974025974026,0.0,false
11695,strong,0.4301948051948052,0.0008116883116883189,false
11696,strong,0.4042207792207792,0.0,false
11697,strong,0.487012987012987,0.0,false
11698,strong,0.4675324675324675,0.0,false
11699,strong,0.4772727272727273,0.0,false
11700,strong,0.4772727272727273,0.0,false
11701,reporting,0.4772727272727273,-0.0008116883116883189,false
11702,reporting,0.4967532467532468,-0.0008116883116882634,false
11703,strong,0.4788961038961039,0.0,false
11704,strong,0.48214285714285715,0.0016233766233766378,false
11705,strong,0.5081168831168831,0.0016233766233765268,false
11706,strong,0.48538961038961037,0.0016233766233766378,false
11707,strong,0.5162337662337663,0.0016233766233766378,false
11708,reporting,0.5048701298701299,-0.0040584415584414835,false
11709,reporting,0.4967532467532468,-0.004058441558441539,false
11710,reporting,0.5048701298701299,-0.0040584415584414835,false
11711,reporting,0.5081168831168831,-0.0040584415584415945,false
11712,reporting,0.5308441558441559,-0.0040584415584414835,false
11713,reporting,0.5097402597402597,-0.0040584415584415945,false
11714,reporting,0.5097402597402597,-0.0040584415584415945,false
11715,reporting,0.5340909090909091,-0.0040584415584415945,false
11716,reporting,0.5097402597402597,-0.0040584415584415945,false
11717,reporting,0.5925324675324676,-0.0040584415584415945,false
11718,reporting,0.6314935064935064,-0.0040584415584415945,false
11719,reporting,0.6461038961038961,-0.0040584415584415945,false
11720,reporting,0.6623376623376623,-0.0040584415584415945,false
11721,reporting,0.6655844155844156,-0.004870129870129802,false
11722,reporting,0.7191558441558441,-0.006493506493506551,false
11723,reporting,0.7272727272727273,-0.006493506493506551,false
11724,reporting,0.7045454545454546,-0.006493506493506551,false
11725,reporting,0.762987012987013,-0.008116883116883078,false
11726,reporting,0.7077922077922078,-0.008116883116883078,false
11727,reporting,0.7922077922077922,-0.008116883116883078,false
11728,reporting,0.7402597402597403,-0.008116883116883078,false
11729,reporting,0.7775974025974026,-0.008928571428571397,false
11730,reporting,0.8051948051948052,-0.008116883116883078,false
11731,reporting,0.7808441558441559,-0.008116883116883078,false
11732,reporting,0.788961038961039,-0.010551948051948035,false
11733,reporting,0.788961038961039,-0.00730519480519487,false
11734,reporting,0.7938311688311688,-0.009740259740259827,false
11735,reporting,0.8165584415584416,-0.008116883116883078,false
11736,reporting,0.7922077922077922,-0.008928571428571397,false
11737,reporting,0.797077922077922,-0.008116883116883189,false
11738,reporting,0.7857142857142857,-0.008928571428571508,false
11739,reporting,0.823051948051948,-0.008116883116883189,false
11740,reporting,0.762987012987013,-0.009740259740259716,false
11741,reporting,0.7727272727272727,-0.017045454545454586,false
11742,reporting,0.762987012987013,-0.008116883116883078,false
11743,reporting,0.7061688311688312,-0.010551948051948035,false
11744,reporting,0.702922077922078,-0.010551948051948035,false
11745,reporting,0.6461038961038961,-0.01461038961038963,false
11746,reporting,0.6915584415584416,-0.009740259740259716,false
11747,reporting,0.6038961038961039,-0.008928571428571397,false
11748,reporting,0.6314935064935064,-0.011363636363636354,true
11749,reporting,0.4902597402597403,-0.0016233766233766378,true
11750,reporting,0.3522727272727273,-0.0016233766233766378,true
11751,strong,0.0,0.0,true
11752,nascent,0.3425324675324675,0.043222402597402565,false
11753,nascent,0.3457792207792208,0.03672889610389607,false
11754,nascent,0.3457792207792208,0.03385040885040874,false
11755,nascent,0.3457792207792208,0.027765338110165627,false
11756,nascent,0.3344155844155844,0.0161830357142857,false
11757,reporting,0.3262987012987013,-0.01521915584415584,false
11758,reporting,0.32792207792207795,-0.01279602750190989,false
11759,reporting,0.3538961038961039,-0.0006957328385900352,false
11760,reporting,0.32954545454545453,-0.008906633906633987,false
11761,strong,0.4107142857142857,0.0052211302211301325,false
11762,strong,0.40584415584415584,0.009740259740259771,false
11763,reporting,0.4042207792207792,-0.008731133731133767,false
11764,reporting,0.4042207792207792,-0.01074938574938572,false
11765,reporting,0.40584415584415584,-0.01228501228501222,false
11766,reporting,0.4172077922077922,-0.009699675324675472,false
11767,strong,0.413961038961039,0.008965466351829987,false
11768,strong,0.41233766233766234,0.007395382395382344,false
11769,strong,0.4366883116883117,0.020274170274170333,false
11770,strong,0.43993506493506496,0.022150072150072198,false
11771,strong,0.4594155844155844,0.010497835497835228,false
11772,strong,0.4675324675324675,0.011544011544011745,false
11773,strong,0.4594155844155844,0.007972582972583075,false
11774,strong,0.4707792207792208,0.010678210678210731,false
11775,strong,0.4724025974025974,0.01056998556998573,false
11776,strong,0.48538961038961037,0.004256854256854237,false
11777,strong,0.4772727272727273,0.011399711399711299,false
11778,strong,0.4772727272727273,0.008874458874458868,false
11779,strong,0.5243506493506493,0.03210678210678203,false
11780,strong,0.5,0.02871572871572875,false
11781,strong,0.5633116883116883,0.023503670242800756,false
11782,strong,0.6152597402597403,0.0345496894409939,false
11783,strong,0.637987012987013,0.04033738001129339,false
11784,strong,0.6607142857142857,0.04500552638850519,false
11785,strong,0.6623376623376623,0.039859077093119644,false
11786,strong,0.7077922077922078,0.03851201989499853,false
11787,strong,0.7256493506493507,0.036405084277424615,false
11788,strong,0.702922077922078,0.0358869853550704,false
11789,strong,0.7467532467532467,0.024281569494335575,false
11790,strong,0.7077922077922078,0.032432992539375594,false
11791,strong,0.797077922077922,0.03464354794142033,false
11792,strong,0.7386363636363636,0.0257322464769274,false
11793,strong,0.7775974025974026,0.02500690798563132,false
11794,strong,0.8003246753246753,0.02210555402044756,false
11795,strong,0.7743506493506493,0.01664824537164944,false
11796,strong,0.797077922077922,0.024868748273003227,false
11797,strong,0.7938311688311688,0.025110527770102253,false
11798,strong,0.801948051948052,0.02317629179331293,false
11799,strong,0.8246753246753247,0.02549046697982882,false
11800,strong,0.797077922077922,0.020931196463111035,false
11801,strong,0.8068181818181818,0.026837524177949712,false
11802,strong,0.7922077922077922,0.02736066017316041,false
11803,strong,0.8311688311688312,0.05620941558441539,false
11804,strong,0.7711038961038961,0.022321428571428492,false
11805,strong,0.7922077922077922,0.04924242424242409,false
11806,strong,0.7694805194805194,0.05076433982683992,false
11807,strong,0.7142857142857143,0.04525162337662336,false
11808,strong,0.7224025974025974,0.05306412337662325,false
11809,strong,0.6737012987012987,0.02631222943722966,false
11810,strong,0.7077922077922078,0.04055059523809512,false
11811,strong,0.6201298701298701,0.035071699134199164,false
11812,strong,0.650974025974026,0.03388798701298701,true
11813,strong,0.49188311688311687,0.028341450216450126,true
11814,strong,0.3555194805194805,0.025331439393939337,true
11815,strong,0.0,0.0,true
11816,nascent,0.15746753246753248,-0.0006493506493506218,false
11817,nascent,0.16233766233766234,-0.0006493506493507051,false
11818,nascent,0.1672077922077922,0.001136363636363602,false
11819,nascent,0.16883116883116883,0.0010551948051947813,false
11820,nascent,0.21753246753246752,0.007305194805194759,false
11821,strong,0.2159090909090909,0.0036525974025974073,false
11822,strong,0.2159090909090909,0.0030844155844155785,false
11823,reporting,0.2159090909090909,-0.000568181818181801,false
11824,reporting,0.2159090909090909,-0.00024350649350651787,false
11825,reporting,0.21753246753246752,-0.0007305194805194981,false
11826,reporting,0.2159090909090909,-0.0017045454545454586,false
11827,reporting,0.2159090909090909,-0.002191558441558439,false
11828,reporting,0.2159090909090909,-0.0018668831168831002,false
11829,reporting,0.2159090909090909,-0.006574675324675344,false
11830,reporting,0.3116883116883117,-0.007792207792207739,false
11831,reporting,0.336038961038961,-0.007548701298701388,false
11832,reporting,0.3409090909090909,-0.0065746753246753165,false
11833,reporting,0.3409090909090909,-0.003837072018890164,false
11834,reporting,0.3409090909090909,-0.0008854781582054438,false
11835,reporting,0.3425324675324675,-0.0036894923258559142,false
11836,strong,0.36038961038961037,0.0005646527385657629,false
11837,strong,0.362012987012987,0.0026379870129870087,false
11838,strong,0.387987012987013,0.003449675324675383,false
11839,strong,0.362012987012987,0.00027056277056275446,false
11840,strong,0.44642857142857145,0.007643398268398327,false
11841,strong,0.4301948051948052,0.005275974025974128,false
11842,reporting,0.44155844155844154,-6.76406926407025e-5,false
11843,reporting,0.4366883116883117,-0.004734848484848508,false
11844,strong,0.44155844155844154,0.012924575424575369,false
11845,strong,0.4594155844155844,0.013736263736263798,false
11846,strong,0.43993506493506496,0.016895141895141963,false
11847,strong,0.4301948051948052,0.005050505050505083,false
11848,strong,0.45616883116883117,0.006132756132756101,false
11849,strong,0.4366883116883117,0.018808777429467127,false
11850,strong,0.46915584415584416,0.02976190476190471,false
11851,strong,0.46915584415584416,0.027597402597402565,false
11852,strong,0.461038961038961,0.036830357142857206,false
11853,strong,0.46915584415584416,0.028916396103896125,false
11854,strong,0.4724025974025974,0.03212317985045249,false
11855,strong,0.5275974025974026,0.0682802046438411,false
11856,strong,0.5178571428571429,0.07260920897284545,false
11857,strong,0.5178571428571429,0.07069067296340037,false
11858,strong,0.5422077922077922,0.07024793388429751,false
11859,strong,0.5178571428571429,0.06941164895710361,false
11860,strong,0.5957792207792207,0.0786599763872492,false
11861,strong,0.6331168831168831,0.0780204643841006,false
11862,strong,0.6525974025974026,0.08003738685556883,false
11863,strong,0.6688311688311688,0.07969303423848872,false
11864,strong,0.6737012987012987,0.07979142070051148,false
11865,strong,0.7272727272727273,0.08628492719401815,false
11866,strong,0.7353896103896104,0.08141479732388812,false
11867,strong,0.7142857142857143,0.08279220779220786,false
11868,strong,0.7727272727272727,0.08372687918142474,false
11869,strong,0.7175324675324676,0.08087367178276261,false
11870,strong,0.7987012987012987,0.0832349468713105,false
11871,strong,0.7532467532467533,0.08416961826052738,false
11872,strong,0.7922077922077922,0.08559622195985828,false
11873,strong,0.8181818181818182,0.08721959858323525,false
11874,strong,0.7938311688311688,0.0849567099567099,false
11875,strong,0.8051948051948052,0.08525186934277851,false
11876,strong,0.797077922077922,0.07669224714679257,false
11877,strong,0.8084415584415584,0.0800373868555686,false
11878,strong,0.8262987012987013,0.07802046438410093,false
11879,strong,0.8051948051948052,0.07934868162140873,false
11880,strong,0.8084415584415584,0.08003738685556883,false
11881,strong,0.801948051948052,0.08161157024793375,false
11882,strong,0.7938311688311688,0.06513183785911036,false
11883,strong,0.7824675324675324,0.0713301849665483,false
11884,strong,0.8068181818181818,0.09573002754820925,false
11885,strong,0.7792207792207793,0.0898760330578513,false
11886,strong,0.7272727272727273,0.06901810310901224,false
11887,strong,0.7175324675324676,0.06124557260920893,false
11888,strong,0.6753246753246753,0.06478748524203082,false
11889,strong,0.7045454545454546,0.05455529319165686,false
11890,strong,0.6217532467532467,0.05327626918535999,false
11891,strong,0.6477272727272727,0.045405352223533924,true
11892,strong,0.4935064935064935,0.04776662731208192,true
11893,strong,0.349025974025974,0.029122392758756388,true
11894,strong,0.0,0.0,true
11895,nascent,0.5811688311688312,0.018506493506493582,false
11896,nascent,0.6071428571428571,-0.012662337662337708,false
11897,nascent,0.6185064935064936,-0.014285714285714235,false
11898,nascent,0.650974025974026,-0.02759740259740262,false
11899,nascent,0.6883116883116883,-0.01948051948051943,false
11900,reporting,0.6704545454545454,-0.0181818181818183,false
11901,reporting,0.724025974025974,-0.0155844155844157,false
11902,reporting,0.672077922077922,-0.022402597402597424,false
11903,reporting,0.7613636363636364,-0.012662337662337708,false
11904,reporting,0.7175324675324676,-0.006818181818181723,false
11905,reporting,0.7564935064935064,-0.007467532467532512,false
11906,reporting,0.7857142857142857,-0.00551948051948048,false
11907,reporting,0.7597402597402597,-0.007467532467532512,false
11908,reporting,0.7743506493506493,-0.006168831168831157,false
11909,reporting,0.7711038961038961,-0.0009740259740260715,false
11910,reporting,0.7711038961038961,-0.01201298701298703,false
11911,reporting,0.7905844155844156,-0.00649350649350644,false
11912,reporting,0.7694805194805194,-0.005519480519480591,false
11913,reporting,0.7727272727272727,-0.006818181818181834,false
11914,reporting,0.7662337662337663,-0.0009740259740259605,false
11915,strong,0.801948051948052,0.019805194805194826,false
11916,reporting,0.7305194805194806,-0.003896103896103842,false
11917,strong,0.7678571428571429,0.012012987012987142,false
11918,strong,0.7402597402597403,0.01006493506493511,false
11919,strong,0.6834415584415584,0.005519480519480369,false
11920,strong,0.6834415584415584,0.006818181818181723,false
11921,reporting,0.6396103896103896,-0.006818181818181723,false
11922,strong,0.6672077922077922,0.009740259740259827,false
11923,strong,0.5974025974025974,0.021753246753246747,false
11924,strong,0.6233766233766234,0.021753246753246747,true
11925,strong,0.4659090909090909,0.012012987012986975,true
11926,strong,0.3474025974025974,0.023051948051948046,true
11927,strong,0.0,0.0,true
11928,nascent,0.18344155844155843,0.025324675324675333,false
11929,nascent,0.18831168831168832,0.025324675324675278,false
11930,nascent,0.16558441558441558,-0.000487012987013008,false
11931,nascent,0.16558441558441558,-0.0021915584415584666,false
11932,nascent,0.21103896103896103,0.0008116883116882634,false
11933,strong,0.21428571428571427,0.0020292207792207695,false
11934,strong,0.21428571428571427,0.0014610389610389407,false
11935,strong,0.24025974025974026,0.023782467532467544,false
11936,strong,0.24025974025974026,0.024107142857142827,false
11937,strong,0.2418831168831169,0.023620129870129875,false
11938,strong,0.24025974025974026,0.022646103896103886,false
11939,strong,0.24025974025974026,0.022159090909090906,false
11940,reporting,0.21428571428571427,-0.003490259740259738,false
11941,reporting,0.21428571428571427,-0.008198051948051982,false
11942,reporting,0.3116883116883117,-0.007792207792207739,false
11943,strong,0.3652597402597403,0.02167207792207787,false
11944,strong,0.3685064935064935,0.021022727272727304,false
11945,strong,0.3685064935064935,0.023760330578512456,false
11946,strong,0.3685064935064935,0.026711924439197177,false
11947,strong,0.37012987012987014,0.023907910271546706,false
11948,strong,0.387987012987013,0.028162055335968383,false
11949,strong,0.38961038961038963,0.03023538961038963,false
11950,strong,0.4155844155844156,0.031047077922078004,false
11951,strong,0.3912337662337662,0.029491341991341957,false
11952,strong,0.474025974025974,0.03524080086580089,false
11953,strong,0.461038961038961,0.03612012987012997,false
11954,strong,0.4707792207792208,0.029153138528138556,false
11955,strong,0.4707792207792208,0.029356060606060608,false
11956,strong,0.4724025974025974,0.04376873126873121,false
11957,strong,0.4902597402597403,0.044580419580419695,false
11958,strong,0.4707792207792208,0.047739297739297804,false
11959,strong,0.4724025974025974,0.04725829725829728,false
11960,strong,0.49837662337662336,0.048340548340548295,false
11961,strong,0.47564935064935066,0.0577698163905061,false
11962,strong,0.5097402597402597,0.07034632034632027,false
11963,strong,0.5097402597402597,0.06818181818181812,false
11964,strong,0.5016233766233766,0.07741477272727282,false
11965,strong,0.5097402597402597,0.06950081168831168,false
11966,strong,0.512987012987013,0.0727075954348681,false
11967,strong,0.538961038961039,0.07964384100747746,false
11968,strong,0.5178571428571429,0.07260920897284545,false
11969,strong,0.5178571428571429,0.07069067296340037,false
11970,strong,0.5422077922077922,0.07024793388429751,false
11971,strong,0.5194805194805194,0.07103502558048014,false
11972,strong,0.5941558441558441,0.07703659976387256,false
11973,strong,0.6314935064935064,0.07639708776072396,false
11974,strong,0.6525974025974026,0.08003738685556883,false
11975,strong,0.6688311688311688,0.07969303423848872,false
11976,strong,0.6737012987012987,0.07979142070051148,false
11977,strong,0.7272727272727273,0.08628492719401815,false
11978,strong,0.7353896103896104,0.08141479732388812,false
11979,strong,0.7126623376623377,0.08116883116883122,false
11980,strong,0.7711038961038961,0.0821035025580481,false
11981,strong,0.7191558441558441,0.08249704840613914,false
11982,strong,0.8003246753246753,0.08485832349468714,false
11983,strong,0.7483766233766234,0.07929948839039747,false
11984,strong,0.7873376623376623,0.08072609208972836,false
11985,strong,0.8116883116883117,0.0807260920897287,false
11986,strong,0.788961038961039,0.0800865800865801,false
11987,strong,0.7954545454545454,0.07551160960251868,false
11988,strong,0.7905844155844156,0.07019874065328613,false
11989,strong,0.8003246753246753,0.07192050373868553,false
11990,strong,0.8246753246753247,0.07639708776072429,false
11991,strong,0.7987012987012987,0.07285517512790218,false
11992,strong,0.8035714285714286,0.07516725698543902,false
11993,strong,0.7954545454545454,0.0751180637544272,false
11994,strong,0.8295454545454546,0.10084612357339617,false
11995,strong,0.7662337662337663,0.05509641873278215,false
11996,strong,0.7905844155844156,0.0794962613144431,false
11997,strong,0.7483766233766234,0.059031877213695405,false
11998,strong,0.7012987012987013,0.04304407713498626,false
11999,strong,0.6964285714285714,0.04014167650531275,false
12000,strong,0.6461038961038961,0.03556670602125156,false
12001,strong,0.6818181818181818,0.031828020464384044,false
12002,strong,0.5925324675324676,0.024055489964580845,false
12003,strong,0.6282467532467533,0.025924832743014492,true
12004,strong,0.4496753246753247,0.00393545848091309,true
12005,strong,0.32954545454545453,0.009641873278236901,true
12006,strong,0.0,0.0,true
12007,nascent,0.137987012987013,0.0,false
12008,nascent,0.1396103896103896,0.0,false
12009,nascent,0.1396103896103896,0.0,false
12010,nascent,0.1396103896103896,0.0,false
12011,nascent,0.1396103896103896,0.0,false
12012,strong,0.1396103896103896,0.0,false
12013,strong,0.1396103896103896,0.0,false
12014,strong,0.1396103896103896,0.0,false
12015,strong,0.18506493506493507,0.002435064935064929,false
12016,strong,0.18831168831168832,0.003246753246753248,false
12017,strong,0.2012987012987013,0.004870129870129858,false
12018,strong,0.2012987012987013,0.004870129870129858,false
12019,strong,0.21266233766233766,0.010551948051948035,false
12020,strong,0.22564935064935066,0.01461038961038963,false
12021,strong,0.22564935064935066,0.01461038961038963,false
12022,strong,0.2288961038961039,0.01623376623376624,false
12023,strong,0.2418831168831169,0.022727272727272735,false
12024,strong,0.2288961038961039,0.0367965367965368,false
12025,strong,0.23376623376623376,0.029761904761904767,false
12026,strong,0.24025974025974026,0.031926406926406914,false
12027,strong,0.23863636363636365,0.03409090909090909,false
12028,strong,0.2435064935064935,0.031926406926406886,false
12029,strong,0.2532467532467532,0.03841991341991341,false
12030,strong,0.25811688311688313,0.04112554112554115,false
12031,strong,0.25811688311688313,0.03138528138528138,false
12032,strong,0.25811688311688313,0.03138528138528138,false
12033,strong,0.2711038961038961,0.02489177489177488,false
12034,strong,0.2597402597402597,0.024891774891774854,false
12035,strong,0.29383116883116883,0.02164502164502169,false
12036,strong,0.3555194805194805,0.043831168831168776,false
12037,strong,0.37012987012987014,0.04383116883116883,false
12038,strong,0.387987012987013,0.05086580086580089,false
12039,strong,0.3912337662337662,0.0514069264069264,false
12040,strong,0.42694805194805197,0.05735930735930733,false
12041,strong,0.4594155844155844,0.07251082251082253,false
12042,strong,0.43506493506493504,0.05898268398268397,false
12043,strong,0.4788961038961039,0.0714285714285714,false
12044,strong,0.43993506493506496,0.055194805194805185,false
12045,strong,0.5048701298701299,0.0735930735930736,false
12046,strong,0.46915584415584416,0.05898268398268397,false
12047,strong,0.5064935064935064,0.06872294372294369,false
12048,strong,0.5194805194805194,0.05952380952380948,false
12049,strong,0.5097402597402597,0.052489177489177474,false
12050,strong,0.5178571428571429,0.05032467532467538,false
12051,strong,0.512987012987013,0.048160173160173125,false
12052,strong,0.525974025974026,0.05032467532467533,false
12053,strong,0.5194805194805194,0.03841991341991341,false
12054,strong,0.5243506493506493,0.0514069264069264,false
12055,strong,0.5227272727272727,0.05086580086580089,false
12056,strong,0.5162337662337663,0.0492424242424242,false
12057,strong,0.5,0.04870129870129869,false
12058,strong,0.5194805194805194,0.048160173160173125,false
12059,strong,0.5113636363636364,0.04978354978354976,false
12060,strong,0.49512987012987014,0.04653679653679654,false
12061,strong,0.45616883116883117,0.04004329004329005,false
12062,strong,0.4577922077922078,0.041666666666666685,false
12063,strong,0.45454545454545453,0.04220779220779214,false
12064,strong,0.46915584415584416,0.038961038961038974,false
12065,strong,0.42207792207792205,0.03517316017316019,false
12066,strong,0.43993506493506496,0.03084415584415584,true
12067,strong,0.30194805194805197,0.028679653679653694,true
12068,strong,0.19480519480519481,0.02164502164502166,true
12069,strong,0.0,0.0,true
12070,nascent,0.11525974025974026,-0.00018037518037516964,false
12071,nascent,0.11525974025974026,-0.004329004329004335,false
12072,nascent,0.12175324675324675,-0.0019480519480519348,false
12073,nascent,0.12175324675324675,-0.0006493506493506496,false
12074,nascent,0.14285714285714285,-0.008279220779220775,false
12075,reporting,0.14285714285714285,-0.019660894660894657,false
12076,reporting,0.14285714285714285,-0.020202020202020166,false
12077,reporting,0.14285714285714285,-0.024350649350649345,false
12078,reporting,0.14285714285714285,-0.024170274170274147,false
12079,reporting,0.14285714285714285,-0.02507215007215008,false
12080,reporting,0.14285714285714285,-0.026695526695526717,false
12081,reporting,0.14285714285714285,-0.027777777777777762,false
12082,reporting,0.14285714285714285,-0.02507215007215008,false
12083,reporting,0.14285714285714285,-0.022907647907647904,false
12084,reporting,0.1525974025974026,-0.0818903318903319,false
12085,reporting,0.16558441558441558,-0.09607438016528927,false
12086,reporting,0.20454545454545456,-0.07024793388429754,false
12087,reporting,0.237012987012987,-0.04678276269185366,false
12088,reporting,0.2418831168831169,-0.050324675324675355,false
12089,reporting,0.2418831168831169,-0.05534238488783946,false
12090,reporting,0.26136363636363635,-0.05239079102715466,false
12091,reporting,0.262987012987013,-0.05327626918536005,false
12092,reporting,0.288961038961039,-0.03869047619047622,false
12093,reporting,0.262987012987013,-0.044507575757575746,false
12094,reporting,0.29383116883116883,-0.08739177489177485,false
12095,reporting,0.336038961038961,-0.0514069264069264,false
12096,reporting,0.35714285714285715,-0.03170995670995663,false
12097,reporting,0.35714285714285715,-0.040584415584415556,false
12098,reporting,0.33116883116883117,-0.06904761904761908,false
12099,reporting,0.3181818181818182,-0.09264069264069263,false
12100,reporting,0.30194805194805197,-0.09805194805194806,false
12101,reporting,0.30194805194805197,-0.09924242424242419,false
12102,reporting,0.33116883116883117,-0.09296536796536797,false
12103,reporting,0.33116883116883117,-0.07575757575757575,false
12104,reporting,0.3344155844155844,-0.0992424242424243,false
12105,reporting,0.3538961038961039,-0.08528138528138535,false
12106,reporting,0.3457792207792208,-0.0853896103896104,false
12107,reporting,0.3555194805194805,-0.08528138528138524,false
12108,reporting,0.3555194805194805,-0.08874458874458885,false
12109,reporting,0.35714285714285715,-0.10357142857142859,false
12110,reporting,0.35714285714285715,-0.08906926406926408,false
12111,reporting,0.35714285714285715,-0.08874458874458879,false
12112,reporting,0.3814935064935065,-0.08852813852813857,false
12113,reporting,0.3814935064935065,-0.06753246753246761,false
12114,reporting,0.4496753246753247,-0.08963358070500926,false
12115,reporting,0.5795454545454546,-0.009972170686456283,false
12116,strong,0.6022727272727273,0.0030557677616500634,false
12117,strong,0.625,0.0024828113063407597,false
12118,strong,0.6314935064935064,0.00515660809778451,false
12119,reporting,0.6737012987012987,-0.004392666157372105,false
12120,reporting,0.6915584415584416,-0.008594346829640886,false
12121,reporting,0.6672077922077922,-0.010886172650878545,false
12122,reporting,0.7256493506493507,-0.00945378151260512,false
12123,reporting,0.6704545454545454,-0.01394194041252872,false
12124,reporting,0.7613636363636364,-0.009167303284950301,false
12125,reporting,0.7077922077922078,-0.012032085561497374,false
12126,reporting,0.7467532467532467,-0.01193659281894588,false
12127,reporting,0.7775974025974026,-0.013750954927425396,false
12128,reporting,0.7532467532467533,-0.014514896867837912,false
12129,reporting,0.7646103896103896,-0.017666157372039804,false
12130,reporting,0.7597402597402597,-0.023300229182582233,false
12131,reporting,0.7694805194805194,-0.021008403361344685,false
12132,reporting,0.7857142857142857,-0.02425515660809796,false
12133,reporting,0.7613636363636364,-0.026642475171887003,false
12134,reporting,0.7727272727272727,-0.020817417876241473,false
12135,reporting,0.7581168831168831,-0.023968678380443142,false
12136,reporting,0.75,-0.033995416348357455,false
12137,reporting,0.7402597402597403,-0.014132925897631599,false
12138,reporting,0.6948051948051948,-0.05271199388846448,false
12139,reporting,0.6753246753246753,-0.04736440030557687,false
12140,reporting,0.6314935064935064,-0.04220779220779214,false
12141,reporting,0.6282467532467533,-0.04077540106951871,false
12142,reporting,0.6185064935064936,-0.03523682200152778,false
12143,reporting,0.5925324675324676,-0.060924369747899276,false
12144,reporting,0.5016233766233766,-0.06703590527119951,false
12145,reporting,0.5194805194805194,-0.08097784568372801,true
12146,reporting,0.413961038961039,-0.035045836516424844,true
12147,reporting,0.2840909090909091,-0.026165011459129084,true
12148,strong,0.0,0.0,true
12195,nascent,0.08766233766233766,-0.40584415584415584,false
12196,nascent,0.1331168831168831,-0.3919830169830171,false
12197,nascent,0.1331168831168831,-0.400974025974026,false
12198,nascent,0.13474025974025974,-0.4464285714285714,false
12199,nascent,0.13474025974025974,-0.46228771228771226,false
12200,failed,0.13474025974025974,-0.44655344655344653,false
12201,failed,0.13474025974025974,-0.49875124875124877,false
12202,failed,0.1396103896103896,-0.44892607392607387,false
12203,failed,0.12012987012987013,-0.5364635364635366,false
12204,failed,0.10714285714285714,-0.5071178821178822,false
12205,failed,0.10714285714285714,-0.5435814185814186,false
12206,failed,0.18993506493506493,-0.49263236763236773,false
12207,failed,0.15746753246753248,-0.5004995004995003,false
12208,failed,0.16883116883116883,-0.5011238761238761,false
12209,nascent,0.3262987012987013,0.00806615259740262,false
12210,nascent,0.34415584415584416,0.0026379870129870087,false
12211,nascent,0.3457792207792208,0.005061115355232959,false
12212,nascent,0.3587662337662338,0.004174397031539878,false
12213,nascent,0.3474025974025974,0.008950508950508862,false
12214,strong,0.4253246753246753,0.01983151983151976,false
12215,strong,0.43506493506493504,0.038961038961038974,false
12216,strong,0.45454545454545453,0.04159354159354156,false
12217,strong,0.45454545454545453,0.03957528957528961,false
12218,strong,0.45616883116883117,0.03803966303966311,false
12219,strong,0.47564935064935066,0.04874188311688299,false
12220,strong,0.45616883116883117,0.05117325855962218,false
12221,strong,0.45454545454545453,0.04960317460317454,false
12222,strong,0.45454545454545453,0.03813131313131318,false
12223,strong,0.4724025974025974,0.05461760461760462,false
12224,strong,0.5064935064935064,0.05757575757575728,false
12225,strong,0.5064935064935064,0.050505050505050664,false
12226,strong,0.49837662337662336,0.04693362193362205,false
12227,strong,0.5064935064935064,0.046392496392496374,false
12228,strong,0.5097402597402597,0.047907647907648065,false
12229,strong,0.5324675324675324,0.05133477633477629,false
12230,strong,0.5113636363636364,0.04549062049062036,false
12231,strong,0.5113636363636364,0.04296536796536793,false
12232,strong,0.5357142857142857,0.04347041847041838,false
12233,strong,0.5113636363636364,0.040079365079365104,false
12234,strong,0.5925324675324676,0.052724449463580014,false
12235,strong,0.6314935064935064,0.05078345567476006,false
12236,strong,0.6493506493506493,0.05170101637492974,false
12237,strong,0.663961038961039,0.048252279635258466,false
12238,strong,0.6704545454545454,0.04797596021000272,false
12239,strong,0.7224025974025974,0.05312240950538816,false
12240,strong,0.7321428571428571,0.042898590770931055,false
12241,strong,0.7094155844155844,0.04238049184857684,false
12242,strong,0.7678571428571429,0.045385465598231756,false
12243,strong,0.7175324675324676,0.04217325227963542,false
12244,strong,0.801948051948052,0.03951367781155024,false
12245,strong,0.7483766233766234,0.035472506217187116,false
12246,strong,0.7873376623376623,0.03474716772589104,false
12247,strong,0.810064935064935,0.031845813760707276,false
12248,strong,0.7938311688311688,0.03612876485216887,false
12249,strong,0.801948051948052,0.02973887814313314,false
12250,strong,0.801948051948052,0.03322741088698544,false
12251,strong,0.8068181818181818,0.028046421663442733,false
12252,strong,0.8295454545454546,0.030360596849958732,false
12253,strong,0.8051948051948052,0.029048079579994224,false
12254,strong,0.810064935064935,0.030084277424702988,false
12255,strong,0.7954545454545454,0.030607413419913576,false
12256,strong,0.8344155844155844,0.059456168831168554,false
12257,strong,0.775974025974026,0.027191558441558406,false
12258,strong,0.8003246753246753,0.057359307359307166,false
12259,strong,0.775974025974026,0.05725784632034647,false
12260,strong,0.7256493506493507,0.056615259740259716,false
12261,strong,0.724025974025974,0.05468749999999989,false
12262,strong,0.6753246753246753,0.0279356060606063,false
12263,strong,0.711038961038961,0.0437973484848484,false
12264,strong,0.6217532467532467,0.0366950757575758,false
12265,strong,0.6542207792207793,0.037134740259740284,true
12266,strong,0.4935064935064935,0.029964826839826764,true
12267,strong,0.3555194805194805,0.025331439393939337,true
12268,strong,0.0,0.0,true
12269,nascent,0.19318181818181818,0.08395176252319107,false
12270,nascent,0.19805194805194806,0.0839517625231911,false
12271,nascent,0.20292207792207792,0.07282003710575138,false
12272,nascent,0.20454545454545456,0.07738095238095241,false
12273,nascent,0.2532467532467532,0.08712121212121207,false
12274,strong,0.25162337662337664,0.08694083694083696,false
12275,strong,0.25162337662337664,0.08694083694083696,false
12276,strong,0.25162337662337664,0.08477633477633478,false
12277,strong,0.25162337662337664,0.07864357864357865,false
12278,strong,0.2532467532467532,0.06931818181818175,false
12279,strong,0.25162337662337664,0.06655844155844154,false
12280,strong,0.25162337662337664,0.06461038961038962,false
12281,strong,0.25162337662337664,0.06363636363636366,false
12282,strong,0.25162337662337664,0.0663961038961039,false
12283,strong,0.3522727272727273,0.09090909090909088,false
12284,strong,0.3782467532467532,0.098051948051948,false
12285,strong,0.37662337662337664,0.09172077922077926,false
12286,nascent,0.0,-0.0689935064935065,false
12287,nascent,0.0,-0.1011904761904762,false
12288,nascent,0.0,-0.12012987012987014,false
12289,nascent,0.0,-0.13271103896103897,false
12290,nascent,0.00487012987012987,-0.15974025974025974,false
12291,reporting,0.00487012987012987,-0.15876623376623378,false
12292,reporting,0.00487012987012987,-0.15779220779220782,false
12293,reporting,0.00487012987012987,-0.16461038961038965,false
12294,reporting,0.00487012987012987,-0.17161410018552875,false
12295,reporting,0.00487012987012987,-0.15523538961038963,false
12296,reporting,0.00487012987012987,-0.1544237012987013,false
12297,reporting,0.00487012987012987,-0.153612012987013,false
12298,reporting,0.00487012987012987,-0.15401785714285718,false
12299,reporting,0.00487012987012987,-0.16051136363636367,false
12300,failed,0.00487012987012987,-0.22950487012987014,false
12301,failed,0.006493506493506494,-0.24837662337662336,false
12302,failed,0.006493506493506494,-0.25223214285714285,false
12303,strong,0.336038961038961,0.040787337662337664,false
12304,strong,0.3392857142857143,0.042816558441558406,false
12305,strong,0.3409090909090909,0.04342532467532462,false
12306,nascent,0.31006493506493504,0.04840613931523019,false
12307,nascent,0.31006493506493504,0.03527154663518295,false
12308,nascent,0.3262987012987013,0.04250295159386064,false
12309,nascent,0.336038961038961,0.043831168831168776,false
12310,nascent,0.3392857142857143,0.042060212514757944,false
12311,strong,0.35714285714285715,0.04338842975206614,false
12312,strong,0.3587662337662338,0.04250295159386075,false
12313,strong,0.375,0.047348484848484806,false
12314,strong,0.362012987012987,0.05451839826839827,false
12315,strong,0.4318181818181818,0.05059523809523814,false
12316,strong,0.43344155844155846,0.045995670995671034,false
12317,strong,0.43993506493506496,0.05108225108225117,false
12318,strong,0.4383116883116883,0.04058441558441561,false
12319,strong,0.4366883116883117,0.03647186147186143,false
12325,nascent,0.11525974025974026,-0.0141465677179963,false
12326,nascent,0.11525974025974026,-0.019712430426716165,false
12327,nascent,0.1672077922077922,-0.002782931354359919,false
12328,nascent,0.17857142857142858,0.010204081632653073,false
12329,nascent,0.17857142857142858,0.007884972170686455,false
12330,strong,0.17857142857142858,0.0011595547309833087,false
12331,reporting,0.17857142857142858,-0.00046382189239332905,false
12332,reporting,0.18019480519480519,-0.006261595547309845,false
12333,reporting,0.18019480519480519,-0.006725417439703174,false
12334,reporting,0.18019480519480519,-0.006725417439703174,false
12335,reporting,0.18019480519480519,-0.006957328385899825,false
12336,reporting,0.18344155844155843,-0.008116883116883133,false
12337,strong,0.275974025974026,0.006261595547309817,false
12338,strong,0.30194805194805197,0.009044526901669792,false
12339,strong,0.3344155844155844,0.028988868274582524,false
12340,strong,0.3344155844155844,0.03014842300556586,false
12341,strong,0.3344155844155844,0.029220779220779203,false
12342,strong,0.336038961038961,0.023423005565862687,false
12343,strong,0.35714285714285715,0.04728084415584416,false
12344,strong,0.3587662337662338,0.04606331168831174,false
12345,strong,0.3847402597402597,0.05032467532467533,false
12346,strong,0.32954545454545453,0.01826298701298701,false
12347,strong,0.41233766233766234,0.028003246753246724,false
12348,nascent,0.05357142857142857,-0.10653409090909091,false
12349,nascent,0.05357142857142857,-0.10572240259740259,false
12350,nascent,0.05357142857142857,-0.10491071428571427,false
12351,nascent,0.05357142857142857,-0.10531655844155846,false
12352,nascent,0.05357142857142857,-0.11181006493506496,false
12353,collision,0.056818181818181816,-0.17755681818181818,false
12354,collision,0.0698051948051948,-0.18506493506493504,false
12355,collision,0.0698051948051948,-0.18892045454545453,false
12356,collision,0.0698051948051948,-0.22544642857142855,false
12357,collision,0.07467532467532467,-0.22179383116883122,false
12358,collision,0.07467532467532467,-0.2228084415584416,false
12359,collision,0.09415584415584416,-0.22456709956709958,false
12360,collision,0.09577922077922078,-0.22492784992784992,false
12361,collision,0.10876623376623376,-0.22961760461760464,false
12362,collision,0.09577922077922078,-0.22943722943722944,false
12363,collision,0.12987012987012986,-0.2698412698412699,false
12364,collision,0.12987012987012986,-0.25775613275613274,false
12365,collision,0.13474025974025974,-0.25703463203463206,false
12366,collision,0.13474025974025974,-0.25883838383838387,false
12367,collision,0.13474025974025974,-0.26461038961038963,false
12368,collision,0.13474025974025974,-0.2833694083694084,false
12369,collision,0.09902597402597403,-0.29545454545454547,false
12370,nascent,0.05357142857142857,-0.10653409090909091,false
12371,nascent,0.05357142857142857,-0.10572240259740259,false
12372,nascent,0.05357142857142857,-0.10491071428571427,false
12373,nascent,0.05357142857142857,-0.10531655844155846,false
12374,nascent,0.05357142857142857,-0.11181006493506496,false
12375,collision,0.056818181818181816,-0.17755681818181818,false
12376,collision,0.0698051948051948,-0.18506493506493504,false
12377,collision,0.0698051948051948,-0.18892045454545453,false
12378,collision,0.0698051948051948,-0.22544642857142855,false
12379,collision,0.07467532467532467,-0.22179383116883122,false
12380,collision,0.07467532467532467,-0.2228084415584416,false
12381,collision,0.09415584415584416,-0.22456709956709958,false
12382,collision,0.09577922077922078,-0.22492784992784992,false
12383,collision,0.10876623376623376,-0.22961760461760464,false
12384,collision,0.09577922077922078,-0.22943722943722944,false
12385,collision,0.12987012987012986,-0.2698412698412699,false
12386,collision,0.12987012987012986,-0.25775613275613274,false
12387,collision,0.13474025974025974,-0.25703463203463206,false
12388,collision,0.13474025974025974,-0.25883838383838387,false
12389,collision,0.13474025974025974,-0.26461038961038963,false
12390,collision,0.13474025974025974,-0.2833694083694084,false
12391,collision,0.09902597402597403,-0.29545454545454547,false
12149,nascent,0.10227272727272728,0.0020292207792207834,false
12150,nascent,0.1038961038961039,-0.000811688311688305,false
12151,nascent,0.1038961038961039,-0.007711038961038946,false
12152,nascent,0.1038961038961039,-0.011363636363636354,false
12153,nascent,0.09415584415584416,-0.04951298701298701,false
12154,reporting,0.09415584415584416,-0.053165584415584416,false
12155,reporting,0.09415584415584416,-0.056412337662337664,false
12156,reporting,0.11038961038961038,-0.042207792207792236,false
12157,reporting,0.11038961038961038,-0.042207792207792236,false
12158,reporting,0.11038961038961038,-0.043222402597402634,false
12159,reporting,0.11038961038961038,-0.042207792207792236,false
12160,reporting,0.11038961038961038,-0.042207792207792236,false
12161,reporting,0.11038961038961038,-0.042207792207792236,false
12162,reporting,0.11038961038961038,-0.044642857142857165,false
12163,reporting,0.16883116883116883,-0.059456168831168804,false
12164,reporting,0.18019480519480519,-0.06737012987012989,false
12165,reporting,0.18019480519480519,-0.07447240259740256,false
12166,reporting,0.15422077922077923,-0.09983766233766231,false
12167,reporting,0.15422077922077923,-0.10004058441558436,false
12168,reporting,0.14123376623376624,-0.11020923520923523,false
12169,reporting,0.15746753246753248,-0.10768398268398266,false
12170,reporting,0.1590909090909091,-0.10732323232323229,false
12171,reporting,0.17207792207792208,-0.10714285714285718,false
12172,reporting,0.1590909090909091,-0.10551948051948054,false
12173,reporting,0.18019480519480519,-0.14736652236652242,false
12174,reporting,0.18019480519480519,-0.13852813852813856,false
12175,reporting,0.18993506493506493,-0.13618326118326116,false
12176,reporting,0.18993506493506493,-0.13474025974025974,false
12177,reporting,0.21753246753246752,-0.10461760461760461,false
12178,reporting,0.22727272727272727,-0.11453823953823952,false
12179,reporting,0.22727272727272727,-0.10822510822510814,false
12180,reporting,0.22727272727272727,-0.10894660894660893,false
12181,reporting,0.24025974025974026,-0.11850649350649353,false
12182,reporting,0.2305194805194805,-0.11399711399711399,false
12183,reporting,0.2305194805194805,-0.1354617604617605,false
12184,reporting,0.25162337662337664,-0.11706349206349209,false
12185,reporting,0.2435064935064935,-0.11904761904761901,false
12186,reporting,0.25162337662337664,-0.1172438672438672,false
12187,reporting,0.25162337662337664,-0.11976911976911975,false
12188,reporting,0.25162337662337664,-0.13744588744588748,false
12189,reporting,0.25162337662337664,-0.12463924963924966,false
12190,dissolved,0.25162337662337664,-0.12481962481962483,false
12191,dissolved,0.275974025974026,-0.12319624819624814,false
12192,dissolved,0.25162337662337664,-0.12734487734487732,false
12193,dissolved,0.25487012987012986,-0.18740981240981236,false
12194,dissolved,0.25162337662337664,-0.21444805194805194,false
12320,nascent,0.00487012987012987,-0.11056998556998555,false
12321,nascent,0.00487012987012987,-0.11471861471861472,false
12322,nascent,0.00974025974025974,-0.11396103896103894,false
12323,nascent,0.00974025974025974,-0.11266233766233766,false
12324,nascent,0.016233766233766232,-0.13490259740259739,false
